make,model_gen,generation,segment,country,level,series,year,stock,attrition,age_bucket
ALFA ROMEO,155,167,PREMIUM,GB,generation,VEH0124,2014,149,,3
ALFA ROMEO,155,167,PREMIUM,GB,generation,VEH0124,2015,154,,4
ALFA ROMEO,155,167,PREMIUM,GB,generation,VEH0124,2016,123,,4
ALFA ROMEO,155,167,PREMIUM,GB,generation,VEH0124,2017,107,0.11024324091597885,4
ALFA ROMEO,155,167,PREMIUM,GB,generation,VEH0124,2018,94,0.1644604668046468,4
ALFA ROMEO,155,167,PREMIUM,GB,generation,VEH0124,2019,77,0.15623324700248145,4
ALFA ROMEO,155,167,PREMIUM,GB,generation,VEH0124,2020,67,0.1560255021181884,5
ALFA ROMEO,155,167,PREMIUM,GB,generation,VEH0124,2021,55,0.1786494480207436,5
ALFA ROMEO,155,167,PREMIUM,GB,generation,VEH0124,2022,46,0.17171217582572748,5
ALFA ROMEO,155,167,PREMIUM,GB,generation,VEH0124,2023,49,0.10436220579693507,5
ALFA ROMEO,155,167,PREMIUM,GB,generation,VEH0124,2024,47,0.05239310235619211,5
ALFA ROMEO,155,167,PREMIUM,GB,generation,VEH0124,2025,40,0.04658124397351221,6
ALFA ROMEO,155,167,PREMIUM,NL,generation,RDW,2026,383,,6
ALFA ROMEO,156,932,PREMIUM,GB,generation,VEH0124,2014,11484,,2
ALFA ROMEO,156,932,PREMIUM,GB,generation,VEH0124,2015,8819,,2
ALFA ROMEO,156,932,PREMIUM,GB,generation,VEH0124,2016,6574,,2
ALFA ROMEO,156,932,PREMIUM,GB,generation,VEH0124,2017,4764,0.2932221718886235,3
ALFA ROMEO,156,932,PREMIUM,GB,generation,VEH0124,2018,3407,0.31697484152542255,3
ALFA ROMEO,156,932,PREMIUM,GB,generation,VEH0124,2019,2503,0.3220979516300642,3
ALFA ROMEO,156,932,PREMIUM,GB,generation,VEH0124,2020,1917,0.3034068109453423,3
ALFA ROMEO,156,932,PREMIUM,GB,generation,VEH0124,2021,1515,0.2700808379893367,3
ALFA ROMEO,156,932,PREMIUM,GB,generation,VEH0124,2022,1242,0.23350591355821057,4
ALFA ROMEO,156,932,PREMIUM,GB,generation,VEH0124,2023,1020,0.2104636667847183,4
ALFA ROMEO,156,932,PREMIUM,GB,generation,VEH0124,2024,845,0.1945731196411555,4
ALFA ROMEO,156,932,PREMIUM,GB,generation,VEH0124,2025,699,0.19156887323766658,4
ALFA ROMEO,156,932,PREMIUM,NL,generation,RDW,2026,1622,,4
ALFA ROMEO,147 GTA,937,GTI,GB,generation,VEH0124,2014,254,,2
ALFA ROMEO,147 GTA,937,GTI,GB,generation,VEH0124,2015,253,,2
ALFA ROMEO,147 GTA,937,GTI,GB,generation,VEH0124,2016,238,,2
ALFA ROMEO,147 GTA,937,GTI,GB,generation,VEH0124,2017,226,0.03890405385637934,2
ALFA ROMEO,147 GTA,937,GTI,GB,generation,VEH0124,2018,214,0.05578701159763753,3
ALFA ROMEO,147 GTA,937,GTI,GB,generation,VEH0124,2019,193,0.06990801101460893,3
ALFA ROMEO,147 GTA,937,GTI,GB,generation,VEH0124,2020,168,0.0987982859111234,3
ALFA ROMEO,147 GTA,937,GTI,GB,generation,VEH0124,2021,176,0.06508220855211343,3
ALFA ROMEO,147 GTA,937,GTI,GB,generation,VEH0124,2022,161,0.060343566440595575,3
ALFA ROMEO,147 GTA,937,GTI,GB,generation,VEH0124,2023,147,0.04454095082749491,4
ALFA ROMEO,147 GTA,937,GTI,GB,generation,VEH0124,2024,135,0.08838601192549195,4
ALFA ROMEO,147 GTA,937,GTI,GB,generation,VEH0124,2025,149,0.025759427177499083,4
ALFA ROMEO,147 GTA,937,GTI,NL,generation,RDW,2026,4,,4
ALFA ROMEO,GTV,916,COUPE,GB,generation,VEH0124,2014,2159,,2
ALFA ROMEO,GTV,916,COUPE,GB,generation,VEH0124,2015,1894,,3
ALFA ROMEO,GTV,916,COUPE,GB,generation,VEH0124,2016,1683,,3
ALFA ROMEO,GTV,916,COUPE,GB,generation,VEH0124,2017,1449,0.13290722832725851,3
ALFA ROMEO,GTV,916,COUPE,GB,generation,VEH0124,2018,1290,0.1279962963762585,3
ALFA ROMEO,GTV,916,COUPE,GB,generation,VEH0124,2019,1157,0.1250013811147958,3
ALFA ROMEO,GTV,916,COUPE,GB,generation,VEH0124,2020,1038,0.1111698702286738,4
ALFA ROMEO,GTV,916,COUPE,GB,generation,VEH0124,2021,977,0.09260148309970696,4
ALFA ROMEO,GTV,916,COUPE,GB,generation,VEH0124,2022,863,0.09769169742730403,4
ALFA ROMEO,GTV,916,COUPE,GB,generation,VEH0124,2023,790,0.09106837232530222,4
ALFA ROMEO,GTV,916,COUPE,GB,generation,VEH0124,2024,738,0.09351627226422839,4
ALFA ROMEO,GTV,916,COUPE,GB,generation,VEH0124,2025,698,0.07071825483131679,5
ALFA ROMEO,GTV,916,COUPE,NL,generation,RDW,2026,274,,5
ALFA ROMEO,SPIDER,916,ROADSTER,GB,generation,VEH0124,2014,1882,,2
ALFA ROMEO,SPIDER,916,ROADSTER,GB,generation,VEH0124,2015,1807,,3
ALFA ROMEO,SPIDER,916,ROADSTER,GB,generation,VEH0124,2016,1633,,3
ALFA ROMEO,SPIDER,916,ROADSTER,GB,generation,VEH0124,2017,1499,0.07580528085054633,3
ALFA ROMEO,SPIDER,916,ROADSTER,GB,generation,VEH0124,2018,1374,0.09128420752084081,3
ALFA ROMEO,SPIDER,916,ROADSTER,GB,generation,VEH0124,2019,1257,0.08729004157066166,3
ALFA ROMEO,SPIDER,916,ROADSTER,GB,generation,VEH0124,2020,1110,0.10010131586718546,4
ALFA ROMEO,SPIDER,916,ROADSTER,GB,generation,VEH0124,2021,1056,0.0876927575785393,4
ALFA ROMEO,SPIDER,916,ROADSTER,GB,generation,VEH0124,2022,965,0.08806537886897049,4
ALFA ROMEO,SPIDER,916,ROADSTER,GB,generation,VEH0124,2023,885,0.07556093507420918,4
ALFA ROMEO,SPIDER,916,ROADSTER,GB,generation,VEH0124,2024,782,0.10008538994121298,4
ALFA ROMEO,SPIDER,916,ROADSTER,GB,generation,VEH0124,2025,747,0.08530000072225959,5
ALFA ROMEO,SPIDER,916,ROADSTER,NL,generation,RDW,2026,717,,5
ALFA ROMEO,GT,937,COUPE,GB,generation,VEH0124,2014,6451,,1
ALFA ROMEO,GT,937,COUPE,GB,generation,VEH0124,2015,6062,,1
ALFA ROMEO,GT,937,COUPE,GB,generation,VEH0124,2016,5648,,2
ALFA ROMEO,GT,937,COUPE,GB,generation,VEH0124,2017,5060,0.08094720543116307,2
ALFA ROMEO,GT,937,COUPE,GB,generation,VEH0124,2018,4389,0.10765538407607243,2
ALFA ROMEO,GT,937,COUPE,GB,generation,VEH0124,2019,3684,0.1425316848873755,2
ALFA ROMEO,GT,937,COUPE,GB,generation,VEH0124,2020,3136,0.15943524438170198,2
ALFA ROMEO,GT,937,COUPE,GB,generation,VEH0124,2021,2574,0.177855159033142,3
ALFA ROMEO,GT,937,COUPE,GB,generation,VEH0124,2022,2184,0.17425294644574663,3
ALFA ROMEO,GT,937,COUPE,GB,generation,VEH0124,2023,1828,0.18003176818162428,3
ALFA ROMEO,GT,937,COUPE,GB,generation,VEH0124,2024,1398,0.20336777551890065,3
ALFA ROMEO,GT,937,COUPE,GB,generation,VEH0124,2025,1185,0.20370027574731972,3
ALFA ROMEO,GT,937,COUPE,NL,generation,RDW,2026,1978,,4
ALFA ROMEO,BRERA,939,COUPE,GB,generation,VEH0124,2014,2847,,1
ALFA ROMEO,BRERA,939,COUPE,GB,generation,VEH0124,2015,2766,,1
ALFA ROMEO,BRERA,939,COUPE,GB,generation,VEH0124,2016,2647,,1
ALFA ROMEO,BRERA,939,COUPE,GB,generation,VEH0124,2017,2507,0.04238195486696721,2
ALFA ROMEO,BRERA,939,COUPE,GB,generation,VEH0124,2018,2386,0.049254966002403235,2
ALFA ROMEO,BRERA,939,COUPE,GB,generation,VEH0124,2019,2268,0.051544792947805895,2
ALFA ROMEO,BRERA,939,COUPE,GB,generation,VEH0124,2020,2107,0.05791313958639511,2
ALFA ROMEO,BRERA,939,COUPE,GB,generation,VEH0124,2021,1968,0.06417704055679847,2
ALFA ROMEO,BRERA,939,COUPE,GB,generation,VEH0124,2022,1805,0.07609762276230836,3
ALFA ROMEO,BRERA,939,COUPE,GB,generation,VEH0124,2023,1629,0.08582501242016709,3
ALFA ROMEO,BRERA,939,COUPE,GB,generation,VEH0124,2024,1437,0.10477756458452586,3
ALFA ROMEO,BRERA,939,COUPE,GB,generation,VEH0124,2025,1314,0.10578641516820096,3
ALFA ROMEO,BRERA,939,COUPE,NL,generation,RDW,2026,534,,3
ALFA ROMEO,8C,8C,SUPERCAR,GB,generation,VEH0124,2014,35,,1
ALFA ROMEO,8C,8C,SUPERCAR,GB,generation,VEH0124,2015,39,,1
ALFA ROMEO,8C,8C,SUPERCAR,GB,generation,VEH0124,2016,27,,1
ALFA ROMEO,8C,8C,SUPERCAR,GB,generation,VEH0124,2017,26,0.09881657324285126,1
ALFA ROMEO,8C,8C,SUPERCAR,GB,generation,VEH0124,2018,25,0.1479949999726057,2
ALFA ROMEO,8C,8C,SUPERCAR,GB,generation,VEH0124,2019,17,0.15431346245803493,2
ALFA ROMEO,8C,8C,SUPERCAR,GB,generation,VEH0124,2020,18,0.1227109746362694,2
ALFA ROMEO,8C,8C,SUPERCAR,GB,generation,VEH0124,2021,18,0.10962844908445563,2
ALFA ROMEO,8C,8C,SUPERCAR,GB,generation,VEH0124,2022,16,0.02027414100858048,2
ALFA ROMEO,8C,8C,SUPERCAR,GB,generation,VEH0124,2023,14,0.08382885381698717,3
ALFA ROMEO,8C,8C,SUPERCAR,GB,generation,VEH0124,2024,13,0.10848089100200252,3
ALFA ROMEO,8C,8C,SUPERCAR,GB,generation,VEH0124,2025,13,0.06919298801251024,3
ALFA ROMEO,8C,8C,SUPERCAR,NL,generation,RDW,2026,27,,3
ALFA ROMEO,4C,960,SPORTIVE,GB,generation,VEH0124,2014,122,,-1
ALFA ROMEO,4C,960,SPORTIVE,GB,generation,VEH0124,2015,185,,-1
ALFA ROMEO,4C,960,SPORTIVE,GB,generation,VEH0124,2016,301,,0
ALFA ROMEO,4C,960,SPORTIVE,GB,generation,VEH0124,2017,404,-0.3989610416387579,0
ALFA ROMEO,4C,960,SPORTIVE,GB,generation,VEH0124,2018,441,-0.2893177339315564,0
ALFA ROMEO,4C,960,SPORTIVE,GB,generation,VEH0124,2019,408,-0.1014550787685783,0
ALFA ROMEO,4C,960,SPORTIVE,GB,generation,VEH0124,2020,390,0.01172297692694934,0
ALFA ROMEO,4C,960,SPORTIVE,GB,generation,VEH0124,2021,381,0.04874076805165369,1
ALFA ROMEO,4C,960,SPORTIVE,GB,generation,VEH0124,2022,357,0.04449982938879892,1
ALFA ROMEO,4C,960,SPORTIVE,GB,generation,VEH0124,2023,361,0.025773901537757046,1
ALFA ROMEO,4C,960,SPORTIVE,GB,generation,VEH0124,2024,333,0.04484279203000141,1
ALFA ROMEO,4C,960,SPORTIVE,GB,generation,VEH0124,2025,336,0.020148468576834524,1
ALFA ROMEO,4C,960,SPORTIVE,NL,generation,RDW,2026,144,,2
ALPINE,A610,A610,SPORTIVE,NL,generation,RDW,2026,1,,6
ASTON MARTIN,DB7,DB7,COUPE,GB,generation,VEH0124,2014,2048,,3
ASTON MARTIN,DB7,DB7,COUPE,GB,generation,VEH0124,2015,1985,,3
ASTON MARTIN,DB7,DB7,COUPE,GB,generation,VEH0124,2016,1914,,3
ASTON MARTIN,DB7,DB7,COUPE,GB,generation,VEH0124,2017,1813,0.04062155637805524,3
ASTON MARTIN,DB7,DB7,COUPE,GB,generation,VEH0124,2018,1729,0.0460235645289395,3
ASTON MARTIN,DB7,DB7,COUPE,GB,generation,VEH0124,2019,1623,0.055010654240189256,4
ASTON MARTIN,DB7,DB7,COUPE,GB,generation,VEH0124,2020,1505,0.0620370603204331,4
ASTON MARTIN,DB7,DB7,COUPE,GB,generation,VEH0124,2021,1521,0.04268553487384686,4
ASTON MARTIN,DB7,DB7,COUPE,GB,generation,VEH0124,2022,1458,0.03569256895686653,4
ASTON MARTIN,DB7,DB7,COUPE,GB,generation,VEH0124,2023,1355,0.03502111860567665,4
ASTON MARTIN,DB7,DB7,COUPE,GB,generation,VEH0124,2024,1260,0.06272883103982412,5
ASTON MARTIN,DB7,DB7,COUPE,GB,generation,VEH0124,2025,1214,0.06102388027642377,5
ASTON MARTIN,DB7,DB7,COUPE,NL,generation,RDW,2026,143,,5
ASTON MARTIN,DB9,DB9,COUPE,GB,generation,VEH0124,2014,4217,,0
ASTON MARTIN,DB9,DB9,COUPE,GB,generation,VEH0124,2015,4308,,1
ASTON MARTIN,DB9,DB9,COUPE,GB,generation,VEH0124,2016,4388,,1
ASTON MARTIN,DB9,DB9,COUPE,GB,generation,VEH0124,2017,4309,-0.007182119638912385,1
ASTON MARTIN,DB9,DB9,COUPE,GB,generation,VEH0124,2018,4136,0.013607612142733072,1
ASTON MARTIN,DB9,DB9,COUPE,GB,generation,VEH0124,2019,4018,0.029383203713601074,1
ASTON MARTIN,DB9,DB9,COUPE,GB,generation,VEH0124,2020,3776,0.04398706959402862,2
ASTON MARTIN,DB9,DB9,COUPE,GB,generation,VEH0124,2021,3716,0.035661606426419315,2
ASTON MARTIN,DB9,DB9,COUPE,GB,generation,VEH0124,2022,3615,0.03519832083387311,2
ASTON MARTIN,DB9,DB9,COUPE,GB,generation,VEH0124,2023,3426,0.03244615764500371,2
ASTON MARTIN,DB9,DB9,COUPE,GB,generation,VEH0124,2024,3234,0.04628850994125616,2
ASTON MARTIN,DB9,DB9,COUPE,GB,generation,VEH0124,2025,3124,0.0486399740429204,3
ASTON MARTIN,DB9,DB9,COUPE,NL,generation,RDW,2026,341,,3
ASTON MARTIN,V8 VANTAGE,VH,SPORTIVE,GB,generation,VEH0124,2014,4705,,0
ASTON MARTIN,V8 VANTAGE,VH,SPORTIVE,GB,generation,VEH0124,2015,4905,,0
ASTON MARTIN,V8 VANTAGE,VH,SPORTIVE,GB,generation,VEH0124,2016,5049,,1
ASTON MARTIN,V8 VANTAGE,VH,SPORTIVE,GB,generation,VEH0124,2017,5079,-0.025487298805881378,1
ASTON MARTIN,V8 VANTAGE,VH,SPORTIVE,GB,generation,VEH0124,2018,4843,0.0042695180845880734,1
ASTON MARTIN,V8 VANTAGE,VH,SPORTIVE,GB,generation,VEH0124,2019,4724,0.02219329232793796,1
ASTON MARTIN,V8 VANTAGE,VH,SPORTIVE,GB,generation,VEH0124,2020,4427,0.0457696020740705,1
ASTON MARTIN,V8 VANTAGE,VH,SPORTIVE,GB,generation,VEH0124,2021,4393,0.03247041939908024,2
ASTON MARTIN,V8 VANTAGE,VH,SPORTIVE,GB,generation,VEH0124,2022,4212,0.038206447374903425,2
ASTON MARTIN,V8 VANTAGE,VH,SPORTIVE,GB,generation,VEH0124,2023,3971,0.03625955217783115,2
ASTON MARTIN,V8 VANTAGE,VH,SPORTIVE,GB,generation,VEH0124,2024,3830,0.045714217244942894,2
ASTON MARTIN,V8 VANTAGE,VH,SPORTIVE,GB,generation,VEH0124,2025,3756,0.0381875559008961,2
ASTON MARTIN,V8 VANTAGE,VH,SPORTIVE,NL,generation,RDW,2026,404,,3
ASTON MARTIN,VANQUISH,I,SUPERCAR,GB,generation,VEH0124,2014,190,,2
ASTON MARTIN,VANQUISH,I,SUPERCAR,GB,generation,VEH0124,2015,193,,2
ASTON MARTIN,VANQUISH,I,SUPERCAR,GB,generation,VEH0124,2016,179,,2
ASTON MARTIN,VANQUISH,I,SUPERCAR,GB,generation,VEH0124,2017,170,0.03703197548237954,2
ASTON MARTIN,VANQUISH,I,SUPERCAR,GB,generation,VEH0124,2018,160,0.06247963964616488,2
ASTON MARTIN,VANQUISH,I,SUPERCAR,GB,generation,VEH0124,2019,164,0.02919310759867319,3
ASTON MARTIN,VANQUISH,I,SUPERCAR,GB,generation,VEH0124,2020,135,0.07671650539905563,3
ASTON MARTIN,VANQUISH,I,SUPERCAR,GB,generation,VEH0124,2021,140,0.044363605716987255,3
ASTON MARTIN,VANQUISH,I,SUPERCAR,GB,generation,VEH0124,2022,124,0.09308144112287026,3
ASTON MARTIN,VANQUISH,I,SUPERCAR,GB,generation,VEH0124,2023,121,0.03651974068075493,3
ASTON MARTIN,VANQUISH,I,SUPERCAR,GB,generation,VEH0124,2024,122,0.045912714066288406,4
ASTON MARTIN,VANQUISH,I,SUPERCAR,GB,generation,VEH0124,2025,111,0.036949908165542854,4
ASTON MARTIN,VANQUISH,I,SUPERCAR,NL,generation,RDW,2026,10,,4
AUDI,RS2,B4,SPORTIVE,GB,generation,VEH0124,2014,68,,3
AUDI,RS2,B4,SPORTIVE,GB,generation,VEH0124,2015,57,,4
AUDI,RS2,B4,SPORTIVE,GB,generation,VEH0124,2016,53,,4
AUDI,RS2,B4,SPORTIVE,GB,generation,VEH0124,2017,46,0.13031169770838916,4
AUDI,RS2,B4,SPORTIVE,GB,generation,VEH0124,2018,39,0.126516871297234,4
AUDI,RS2,B4,SPORTIVE,GB,generation,VEH0124,2019,39,0.1023134522155792,4
AUDI,RS2,B4,SPORTIVE,GB,generation,VEH0124,2020,39,0.055064272893870926,5
AUDI,RS2,B4,SPORTIVE,GB,generation,VEH0124,2021,44,-0.040236869899352996,5
AUDI,RS2,B4,SPORTIVE,GB,generation,VEH0124,2022,34,0.04576503162812814,5
AUDI,RS2,B4,SPORTIVE,GB,generation,VEH0124,2023,34,0.04576503162812814,5
AUDI,RS2,B4,SPORTIVE,GB,generation,VEH0124,2024,30,0.1276374552287113,5
AUDI,RS2,B4,SPORTIVE,GB,generation,VEH0124,2025,32,0.020107978499862286,6
AUDI,RS2,B4,SPORTIVE,NL,generation,RDW,2026,2,,6
AUDI,S2,B3_B4,COUPE,NL,generation,RDW,2026,1,,6
AUDI,RS4,B5,SPORTIVE,GB,generation,VEH0124,2014,345,,2
AUDI,RS4,B5,SPORTIVE,GB,generation,VEH0124,2015,338,,3
AUDI,RS4,B5,SPORTIVE,GB,generation,VEH0124,2016,309,,3
AUDI,RS4,B5,SPORTIVE,GB,generation,VEH0124,2017,266,0.08666032031099831,3
AUDI,RS4,B5,SPORTIVE,GB,generation,VEH0124,2018,243,0.10998840214373684,3
AUDI,RS4,B5,SPORTIVE,GB,generation,VEH0124,2019,219,0.11483511604696318,3
AUDI,RS4,B5,SPORTIVE,GB,generation,VEH0124,2020,200,0.09504204589920799,4
AUDI,RS4,B5,SPORTIVE,GB,generation,VEH0124,2021,189,0.08374614295743216,4
AUDI,RS4,B5,SPORTIVE,GB,generation,VEH0124,2022,179,0.06719197748030013,4
AUDI,RS4,B5,SPORTIVE,GB,generation,VEH0124,2023,158,0.07862792905805534,4
AUDI,RS4,B5,SPORTIVE,GB,generation,VEH0124,2024,154,0.06828819117288339,4
AUDI,RS4,B5,SPORTIVE,GB,generation,VEH0124,2025,130,0.10666677412765786,5
AUDI,RS4,B5,SPORTIVE,NL,generation,RDW,2026,6,,5
AUDI,RS4,B7,SPORTIVE,GB,generation,VEH0124,2014,2779,,1
AUDI,RS4,B7,SPORTIVE,GB,generation,VEH0124,2015,2667,,1
AUDI,RS4,B7,SPORTIVE,GB,generation,VEH0124,2016,2575,,1
AUDI,RS4,B7,SPORTIVE,GB,generation,VEH0124,2017,2458,0.040910410018022286,2
AUDI,RS4,B7,SPORTIVE,GB,generation,VEH0124,2018,2359,0.0409015056425815,2
AUDI,RS4,B7,SPORTIVE,GB,generation,VEH0124,2019,2234,0.04738437732825499,2
AUDI,RS4,B7,SPORTIVE,GB,generation,VEH0124,2020,2085,0.054834386565210724,2
AUDI,RS4,B7,SPORTIVE,GB,generation,VEH0124,2021,1997,0.05550570942692773,2
AUDI,RS4,B7,SPORTIVE,GB,generation,VEH0124,2022,1864,0.06033476086308002,3
AUDI,RS4,B7,SPORTIVE,GB,generation,VEH0124,2023,1754,0.05766278846128544,3
AUDI,RS4,B7,SPORTIVE,GB,generation,VEH0124,2024,1632,0.06726031166518055,3
AUDI,RS4,B7,SPORTIVE,GB,generation,VEH0124,2025,1525,0.06689022779399638,3
AUDI,RS4,B7,SPORTIVE,NL,generation,RDW,2026,10,,3
AUDI,RS6,C5,SPORTIVE,GB,generation,VEH0124,2014,767,,2
AUDI,RS6,C5,SPORTIVE,GB,generation,VEH0124,2015,750,,2
AUDI,RS6,C5,SPORTIVE,GB,generation,VEH0124,2016,711,,2
AUDI,RS6,C5,SPORTIVE,GB,generation,VEH0124,2017,636,0.06242350464886267,2
AUDI,RS6,C5,SPORTIVE,GB,generation,VEH0124,2018,576,0.08800011348596548,3
AUDI,RS6,C5,SPORTIVE,GB,generation,VEH0124,2019,524,0.10179659113002106,3
AUDI,RS6,C5,SPORTIVE,GB,generation,VEH0124,2020,460,0.10794593764228237,3
AUDI,RS6,C5,SPORTIVE,GB,generation,VEH0124,2021,411,0.11246315362233937,3
AUDI,RS6,C5,SPORTIVE,GB,generation,VEH0124,2022,368,0.11776488244209608,3
AUDI,RS6,C5,SPORTIVE,GB,generation,VEH0124,2023,333,0.10776842997110513,4
AUDI,RS6,C5,SPORTIVE,GB,generation,VEH0124,2024,296,0.10937884860813683,4
AUDI,RS6,C5,SPORTIVE,GB,generation,VEH0124,2025,278,0.09344396320887695,4
AUDI,RS6,C5,SPORTIVE,NL,generation,RDW,2026,19,,4
AUDI,RS6,C6,SPORTIVE,GB,generation,VEH0124,2014,579,,1
AUDI,RS6,C6,SPORTIVE,GB,generation,VEH0124,2015,560,,1
AUDI,RS6,C6,SPORTIVE,GB,generation,VEH0124,2016,550,,1
AUDI,RS6,C6,SPORTIVE,GB,generation,VEH0124,2017,528,0.0307400280616338,1
AUDI,RS6,C6,SPORTIVE,GB,generation,VEH0124,2018,518,0.025988558392216077,1
AUDI,RS6,C6,SPORTIVE,GB,generation,VEH0124,2019,510,0.02518642333662097,2
AUDI,RS6,C6,SPORTIVE,GB,generation,VEH0124,2020,473,0.03662343924613203,2
AUDI,RS6,C6,SPORTIVE,GB,generation,VEH0124,2021,455,0.043186907726869846,2
AUDI,RS6,C6,SPORTIVE,GB,generation,VEH0124,2022,437,0.05145913886525282,2
AUDI,RS6,C6,SPORTIVE,GB,generation,VEH0124,2023,395,0.06011101827994847,2
AUDI,RS6,C6,SPORTIVE,GB,generation,VEH0124,2024,376,0.06356803839710627,3
AUDI,RS6,C6,SPORTIVE,GB,generation,VEH0124,2025,359,0.06553689635568609,3
AUDI,RS6,C6,SPORTIVE,NL,generation,RDW,2026,9,,3
AUDI,S4,B5,SPORTIVE,GB,generation,VEH0124,2014,831,,3
AUDI,S4,B5,SPORTIVE,GB,generation,VEH0124,2015,753,,3
AUDI,S4,B5,SPORTIVE,GB,generation,VEH0124,2016,672,,3
AUDI,S4,B5,SPORTIVE,GB,generation,VEH0124,2017,611,0.10247743795167591,3
AUDI,S4,B5,SPORTIVE,GB,generation,VEH0124,2018,545,0.1077298988828485,3
AUDI,S4,B5,SPORTIVE,GB,generation,VEH0124,2019,494,0.10264453079743523,4
AUDI,S4,B5,SPORTIVE,GB,generation,VEH0124,2020,473,0.08535271468375168,4
AUDI,S4,B5,SPORTIVE,GB,generation,VEH0124,2021,434,0.07592615918587951,4
AUDI,S4,B5,SPORTIVE,GB,generation,VEH0124,2022,397,0.07287673061173842,4
AUDI,S4,B5,SPORTIVE,GB,generation,VEH0124,2023,357,0.09385077292389528,4
AUDI,S4,B5,SPORTIVE,GB,generation,VEH0124,2024,317,0.1046776736766258,5
AUDI,S4,B5,SPORTIVE,GB,generation,VEH0124,2025,288,0.10695691384086851,5
AUDI,S4,B5,SPORTIVE,NL,generation,RDW,2026,17,,5
AUDI,S3,8L,GTI,GB,generation,VEH0124,2014,3336,,2
AUDI,S3,8L,GTI,GB,generation,VEH0124,2015,3050,,2
AUDI,S3,8L,GTI,GB,generation,VEH0124,2016,2757,,3
AUDI,S3,8L,GTI,GB,generation,VEH0124,2017,2456,0.10205736183677176,3
AUDI,S3,8L,GTI,GB,generation,VEH0124,2018,2117,0.12170518479031898,3
AUDI,S3,8L,GTI,GB,generation,VEH0124,2019,1862,0.1309202610972356,3
AUDI,S3,8L,GTI,GB,generation,VEH0124,2020,1615,0.13969902259413325,3
AUDI,S3,8L,GTI,GB,generation,VEH0124,2021,1412,0.13496037899315574,4
AUDI,S3,8L,GTI,GB,generation,VEH0124,2022,1248,0.13333128254606194,4
AUDI,S3,8L,GTI,GB,generation,VEH0124,2023,1115,0.12357810185503822,4
AUDI,S3,8L,GTI,GB,generation,VEH0124,2024,980,0.12170237784702387,4
AUDI,S3,8L,GTI,GB,generation,VEH0124,2025,886,0.11415412866393944,4
AUDI,S3,8L,GTI,NL,generation,RDW,2026,188,,5
AUDI,S8,D2,PREMIUM,GB,generation,VEH0124,2014,364,,3
AUDI,S8,D2,PREMIUM,GB,generation,VEH0124,2015,324,,3
AUDI,S8,D2,PREMIUM,GB,generation,VEH0124,2016,292,,3
AUDI,S8,D2,PREMIUM,GB,generation,VEH0124,2017,271,0.09831760201658436,3
AUDI,S8,D2,PREMIUM,GB,generation,VEH0124,2018,229,0.1156582928996468,3
AUDI,S8,D2,PREMIUM,GB,generation,VEH0124,2019,205,0.1179953711398961,4
AUDI,S8,D2,PREMIUM,GB,generation,VEH0124,2020,170,0.15537597468659692,4
AUDI,S8,D2,PREMIUM,GB,generation,VEH0124,2021,164,0.11119079554659234,4
AUDI,S8,D2,PREMIUM,GB,generation,VEH0124,2022,145,0.11533385164320549,4
AUDI,S8,D2,PREMIUM,GB,generation,VEH0124,2023,146,0.05076535210377933,4
AUDI,S8,D2,PREMIUM,GB,generation,VEH0124,2024,119,0.10680118063745214,5
AUDI,S8,D2,PREMIUM,GB,generation,VEH0124,2025,116,0.07424576987371945,5
AUDI,S8,D2,PREMIUM,NL,generation,RDW,2026,26,,5
AUDI,TT,8N,COUPE,GB,generation,VEH0124,2014,45838,,2
AUDI,TT,8N,COUPE,GB,generation,VEH0124,2015,44169,,2
AUDI,TT,8N,COUPE,GB,generation,VEH0124,2016,42119,,2
AUDI,TT,8N,COUPE,GB,generation,VEH0124,2017,39412,0.050338873523127596,3
AUDI,TT,8N,COUPE,GB,generation,VEH0124,2018,36520,0.06338781398531544,3
AUDI,TT,8N,COUPE,GB,generation,VEH0124,2019,33166,0.0797124570371842,3
AUDI,TT,8N,COUPE,GB,generation,VEH0124,2020,30191,0.0888173561639153,3
AUDI,TT,8N,COUPE,GB,generation,VEH0124,2021,27773,0.09124210189699412,3
AUDI,TT,8N,COUPE,GB,generation,VEH0124,2022,25087,0.09303657718764735,4
AUDI,TT,8N,COUPE,GB,generation,VEH0124,2023,22070,0.10451308412486722,4
AUDI,TT,8N,COUPE,GB,generation,VEH0124,2024,18966,0.1270877514875012,4
AUDI,TT,8N,COUPE,GB,generation,VEH0124,2025,16711,0.13538215375900128,4
AUDI,TT,8N,COUPE,NL,generation,RDW,2026,4948,,4
AUDI,TT,8J,COUPE,GB,generation,VEH0124,2014,52140,,0
AUDI,TT,8J,COUPE,GB,generation,VEH0124,2015,51112,,1
AUDI,TT,8J,COUPE,GB,generation,VEH0124,2016,50884,,1
AUDI,TT,8J,COUPE,GB,generation,VEH0124,2017,50430,0.011118929557641261,1
AUDI,TT,8J,COUPE,GB,generation,VEH0124,2018,49992,0.007386420880199899,1
AUDI,TT,8J,COUPE,GB,generation,VEH0124,2019,49631,0.008316657039585578,1
AUDI,TT,8J,COUPE,GB,generation,VEH0124,2020,48812,0.010862297780746176,2
AUDI,TT,8J,COUPE,GB,generation,VEH0124,2021,48225,0.01198819575455834,2
AUDI,TT,8J,COUPE,GB,generation,VEH0124,2022,47672,0.013417834695769307,2
AUDI,TT,8J,COUPE,GB,generation,VEH0124,2023,46341,0.01732822247834431,2
AUDI,TT,8J,COUPE,GB,generation,VEH0124,2024,44771,0.024757872394993972,2
AUDI,TT,8J,COUPE,GB,generation,VEH0124,2025,43546,0.03016471398041767,3
AUDI,TT,8J,COUPE,NL,generation,RDW,2026,2931,,3
AUDI,R8,42,SUPERCAR,GB,generation,VEH0124,2014,2597,,0
AUDI,R8,42,SUPERCAR,GB,generation,VEH0124,2015,2791,,1
AUDI,R8,42,SUPERCAR,GB,generation,VEH0124,2016,2670,,1
AUDI,R8,42,SUPERCAR,GB,generation,VEH0124,2017,2561,0.004615835539734603,1
AUDI,R8,42,SUPERCAR,GB,generation,VEH0124,2018,2516,0.03455982783637732,1
AUDI,R8,42,SUPERCAR,GB,generation,VEH0124,2019,2422,0.032517199236967664,1
AUDI,R8,42,SUPERCAR,GB,generation,VEH0124,2020,2288,0.03754710848632133,2
AUDI,R8,42,SUPERCAR,GB,generation,VEH0124,2021,2199,0.0448680839428362,2
AUDI,R8,42,SUPERCAR,GB,generation,VEH0124,2022,2122,0.04405652101613325,2
AUDI,R8,42,SUPERCAR,GB,generation,VEH0124,2023,1980,0.0482267523500064,2
AUDI,R8,42,SUPERCAR,GB,generation,VEH0124,2024,1879,0.052409185095226,2
AUDI,R8,42,SUPERCAR,GB,generation,VEH0124,2025,1820,0.05116151376467267,3
AUDI,R8,42,SUPERCAR,NL,generation,RDW,2026,98,,3
BMW,M3,E36,SPORTIVE,GB,generation,VEH0124,2014,1492,,3
BMW,M3,E36,SPORTIVE,GB,generation,VEH0124,2015,1337,,4
BMW,M3,E36,SPORTIVE,GB,generation,VEH0124,2016,1202,,4
BMW,M3,E36,SPORTIVE,GB,generation,VEH0124,2017,1029,0.12383116490073078,4
BMW,M3,E36,SPORTIVE,GB,generation,VEH0124,2018,926,0.12242330044539813,4
BMW,M3,E36,SPORTIVE,GB,generation,VEH0124,2019,854,0.11401501279199028,4
BMW,M3,E36,SPORTIVE,GB,generation,VEH0124,2020,740,0.10984220671737006,5
BMW,M3,E36,SPORTIVE,GB,generation,VEH0124,2021,699,0.09367478831474853,5
BMW,M3,E36,SPORTIVE,GB,generation,VEH0124,2022,685,0.07342388169591701,5
BMW,M3,E36,SPORTIVE,GB,generation,VEH0124,2023,571,0.086479517517845,5
BMW,M3,E36,SPORTIVE,GB,generation,VEH0124,2024,543,0.08419230834508508,5
BMW,M3,E36,SPORTIVE,GB,generation,VEH0124,2025,541,0.07867457736935114,6
BMW,M3,E36,SPORTIVE,NL,generation,RDW,2026,370,,6
BMW,M3,E46,SPORTIVE,GB,generation,VEH0124,2014,10112,,2
BMW,M3,E46,SPORTIVE,GB,generation,VEH0124,2015,9602,,2
BMW,M3,E46,SPORTIVE,GB,generation,VEH0124,2016,8929,,2
BMW,M3,E46,SPORTIVE,GB,generation,VEH0124,2017,7956,0.07992068028674609,2
BMW,M3,E46,SPORTIVE,GB,generation,VEH0124,2018,7097,0.10076920837754964,3
BMW,M3,E46,SPORTIVE,GB,generation,VEH0124,2019,6486,0.10662578091953899,3
BMW,M3,E46,SPORTIVE,GB,generation,VEH0124,2020,5866,0.10156247370498687,3
BMW,M3,E46,SPORTIVE,GB,generation,VEH0124,2021,5522,0.08360973759295232,3
BMW,M3,E46,SPORTIVE,GB,generation,VEH0124,2022,5075,0.08173760182665467,3
BMW,M3,E46,SPORTIVE,GB,generation,VEH0124,2023,4686,0.07491582057446733,4
BMW,M3,E46,SPORTIVE,GB,generation,VEH0124,2024,4368,0.07813443654820644,4
BMW,M3,E46,SPORTIVE,GB,generation,VEH0124,2025,4138,0.06802053747461823,4
BMW,M3,E46,SPORTIVE,NL,generation,RDW,2026,726,,4
BMW,M3,E9X,SPORTIVE,GB,generation,VEH0124,2014,6535,,0
BMW,M3,E9X,SPORTIVE,GB,generation,VEH0124,2015,6279,,1
BMW,M3,E9X,SPORTIVE,GB,generation,VEH0124,2016,6166,,1
BMW,M3,E9X,SPORTIVE,GB,generation,VEH0124,2017,5842,0.037375423591262086,1
BMW,M3,E9X,SPORTIVE,GB,generation,VEH0124,2018,5483,0.045200510437782095,1
BMW,M3,E9X,SPORTIVE,GB,generation,VEH0124,2019,5212,0.05606726601922074,1
BMW,M3,E9X,SPORTIVE,GB,generation,VEH0124,2020,4934,0.05629634001520963,2
BMW,M3,E9X,SPORTIVE,GB,generation,VEH0124,2021,4686,0.05234359133216051,2
BMW,M3,E9X,SPORTIVE,GB,generation,VEH0124,2022,4391,0.057124734295070784,2
BMW,M3,E9X,SPORTIVE,GB,generation,VEH0124,2023,4043,0.06643314682701,2
BMW,M3,E9X,SPORTIVE,GB,generation,VEH0124,2024,3724,0.07657121733158558,2
BMW,M3,E9X,SPORTIVE,GB,generation,VEH0124,2025,3639,0.06258400770128583,3
BMW,M3,E9X,SPORTIVE,NL,generation,RDW,2026,535,,3
BMW,M5,E34,SPORTIVE,GB,generation,VEH0124,2014,126,,4
BMW,M5,E34,SPORTIVE,GB,generation,VEH0124,2015,120,,4
BMW,M5,E34,SPORTIVE,GB,generation,VEH0124,2016,115,,5
BMW,M5,E34,SPORTIVE,GB,generation,VEH0124,2017,107,0.05448288796778272,5
BMW,M5,E34,SPORTIVE,GB,generation,VEH0124,2018,87,0.1072291747127501,5
BMW,M5,E34,SPORTIVE,GB,generation,VEH0124,2019,96,0.06023587484114155,5
BMW,M5,E34,SPORTIVE,GB,generation,VEH0124,2020,93,0.04674619477029924,5
BMW,M5,E34,SPORTIVE,GB,generation,VEH0124,2021,90,-0.011337192136117953,6
BMW,M5,E34,SPORTIVE,GB,generation,VEH0124,2022,85,0.04056449485025792,6
BMW,M5,E34,SPORTIVE,GB,generation,VEH0124,2023,64,0.12465745997909301,6
BMW,M5,E34,SPORTIVE,GB,generation,VEH0124,2024,69,0.0886969411496464,6
BMW,M5,E34,SPORTIVE,GB,generation,VEH0124,2025,63,0.09997578255110821,6
BMW,M5,E34,SPORTIVE,NL,generation,RDW,2026,103,,7
BMW,M5,E39,SPORTIVE,GB,generation,VEH0124,2014,1187,,2
BMW,M5,E39,SPORTIVE,GB,generation,VEH0124,2015,1142,,3
BMW,M5,E39,SPORTIVE,GB,generation,VEH0124,2016,1039,,3
BMW,M5,E39,SPORTIVE,GB,generation,VEH0124,2017,964,0.06932573156986632,3
BMW,M5,E39,SPORTIVE,GB,generation,VEH0124,2018,893,0.08195327776763546,3
BMW,M5,E39,SPORTIVE,GB,generation,VEH0124,2019,799,0.0876109815596904,3
BMW,M5,E39,SPORTIVE,GB,generation,VEH0124,2020,749,0.08411615715675085,4
BMW,M5,E39,SPORTIVE,GB,generation,VEH0124,2021,692,0.08499953318318924,4
BMW,M5,E39,SPORTIVE,GB,generation,VEH0124,2022,638,0.07500003462032152,4
BMW,M5,E39,SPORTIVE,GB,generation,VEH0124,2023,556,0.0993915929266111,4
BMW,M5,E39,SPORTIVE,GB,generation,VEH0124,2024,517,0.0971813095734313,4
BMW,M5,E39,SPORTIVE,GB,generation,VEH0124,2025,493,0.08593562171721397,5
BMW,M5,E39,SPORTIVE,NL,generation,RDW,2026,228,,5
BMW,M5,E60,SPORTIVE,GB,generation,VEH0124,2014,1469,,1
BMW,M5,E60,SPORTIVE,GB,generation,VEH0124,2015,1380,,1
BMW,M5,E60,SPORTIVE,GB,generation,VEH0124,2016,1293,,1
BMW,M5,E60,SPORTIVE,GB,generation,VEH0124,2017,1181,0.07273059499669925,2
BMW,M5,E60,SPORTIVE,GB,generation,VEH0124,2018,1067,0.08574355750844039,2
BMW,M5,E60,SPORTIVE,GB,generation,VEH0124,2019,955,0.10107219290943757,2
BMW,M5,E60,SPORTIVE,GB,generation,VEH0124,2020,884,0.09654897627195495,2
BMW,M5,E60,SPORTIVE,GB,generation,VEH0124,2021,788,0.10103484931276563,2
BMW,M5,E60,SPORTIVE,GB,generation,VEH0124,2022,724,0.09229946581900213,3
BMW,M5,E60,SPORTIVE,GB,generation,VEH0124,2023,659,0.09797823849439129,3
BMW,M5,E60,SPORTIVE,GB,generation,VEH0124,2024,590,0.09642378663172341,3
BMW,M5,E60,SPORTIVE,GB,generation,VEH0124,2025,595,0.06535399848139466,3
BMW,M5,E60,SPORTIVE,NL,generation,RDW,2026,288,,3
BMW,Z3,E36_7,ROADSTER,GB,generation,VEH0124,2014,15680,,3
BMW,Z3,E36_7,ROADSTER,GB,generation,VEH0124,2015,14802,,3
BMW,Z3,E36_7,ROADSTER,GB,generation,VEH0124,2016,13990,,3
BMW,Z3,E36_7,ROADSTER,GB,generation,VEH0124,2017,12833,0.0667830054664028,3
BMW,Z3,E36_7,ROADSTER,GB,generation,VEH0124,2018,11970,0.07078332705245509,3
BMW,Z3,E36_7,ROADSTER,GB,generation,VEH0124,2019,10832,0.08533776802132764,4
BMW,Z3,E36_7,ROADSTER,GB,generation,VEH0124,2020,9834,0.08869741466780014,4
BMW,Z3,E36_7,ROADSTER,GB,generation,VEH0124,2021,9389,0.08092226587545491,4
BMW,Z3,E36_7,ROADSTER,GB,generation,VEH0124,2022,8712,0.0725627448437421,4
BMW,Z3,E36_7,ROADSTER,GB,generation,VEH0124,2023,7789,0.07776432246184456,4
BMW,Z3,E36_7,ROADSTER,GB,generation,VEH0124,2024,7119,0.09223839147113784,5
BMW,Z3,E36_7,ROADSTER,GB,generation,VEH0124,2025,6700,0.08750926592079815,5
BMW,Z3,E36_7,ROADSTER,NL,generation,RDW,2026,2429,,5
BMW,Z3 M,E36_7,ROADSTER,GB,generation,VEH0124,2014,708,,3
BMW,Z3 M,E36_7,ROADSTER,GB,generation,VEH0124,2015,696,,3
BMW,Z3 M,E36_7,ROADSTER,GB,generation,VEH0124,2016,627,,3
BMW,Z3 M,E36_7,ROADSTER,GB,generation,VEH0124,2017,573,0.07047261005725106,3
BMW,Z3 M,E36_7,ROADSTER,GB,generation,VEH0124,2018,522,0.09586455505400045,3
BMW,Z3 M,E36_7,ROADSTER,GB,generation,VEH0124,2019,489,0.08291810473559566,4
BMW,Z3 M,E36_7,ROADSTER,GB,generation,VEH0124,2020,467,0.06819023540190046,4
BMW,Z3 M,E36_7,ROADSTER,GB,generation,VEH0124,2021,455,0.04577946602820678,4
BMW,Z3 M,E36_7,ROADSTER,GB,generation,VEH0124,2022,435,0.03899024888049524,4
BMW,Z3 M,E36_7,ROADSTER,GB,generation,VEH0124,2023,397,0.05416806834937752,4
BMW,Z3 M,E36_7,ROADSTER,GB,generation,VEH0124,2024,384,0.05656001318348907,5
BMW,Z3 M,E36_7,ROADSTER,GB,generation,VEH0124,2025,388,0.03810932607716385,5
BMW,Z3 M,E36_7,ROADSTER,NL,generation,RDW,2026,295,,5
BMW,Z4,E85,ROADSTER,GB,generation,VEH0124,2014,19309,,1
BMW,Z4,E85,ROADSTER,GB,generation,VEH0124,2015,18802,,2
BMW,Z4,E85,ROADSTER,GB,generation,VEH0124,2016,18271,,2
BMW,Z4,E85,ROADSTER,GB,generation,VEH0124,2017,17755,0.027961094475666536,2
BMW,Z4,E85,ROADSTER,GB,generation,VEH0124,2018,16913,0.035291627985436266,2
BMW,Z4,E85,ROADSTER,GB,generation,VEH0124,2019,15963,0.045044684455260164,2
BMW,Z4,E85,ROADSTER,GB,generation,VEH0124,2020,15206,0.051650131889133394,3
BMW,Z4,E85,ROADSTER,GB,generation,VEH0124,2021,14691,0.04693704462831957,3
BMW,Z4,E85,ROADSTER,GB,generation,VEH0124,2022,14009,0.043510055136766236,3
BMW,Z4,E85,ROADSTER,GB,generation,VEH0124,2023,13164,0.048101008587773136,3
BMW,Z4,E85,ROADSTER,GB,generation,VEH0124,2024,12043,0.06621475738335228,3
BMW,Z4,E85,ROADSTER,GB,generation,VEH0124,2025,11261,0.07275358909945692,4
BMW,Z4,E85,ROADSTER,NL,generation,RDW,2026,889,,4
BMW,Z4 M,E85_86,ROADSTER,GB,generation,VEH0124,2014,951,,1
BMW,Z4 M,E85_86,ROADSTER,GB,generation,VEH0124,2015,899,,1
BMW,Z4 M,E85_86,ROADSTER,GB,generation,VEH0124,2016,829,,1
BMW,Z4 M,E85_86,ROADSTER,GB,generation,VEH0124,2017,751,0.07868283129769411,2
BMW,Z4 M,E85_86,ROADSTER,GB,generation,VEH0124,2018,678,0.09403578507182753,2
BMW,Z4 M,E85_86,ROADSTER,GB,generation,VEH0124,2019,638,0.08735374764518912,2
BMW,Z4 M,E85_86,ROADSTER,GB,generation,VEH0124,2020,594,0.07816386335887218,2
BMW,Z4 M,E85_86,ROADSTER,GB,generation,VEH0124,2021,558,0.0649087884737687,2
BMW,Z4 M,E85_86,ROADSTER,GB,generation,VEH0124,2022,531,0.06116887415651817,3
BMW,Z4 M,E85_86,ROADSTER,GB,generation,VEH0124,2023,484,0.06831156093055367,3
BMW,Z4 M,E85_86,ROADSTER,GB,generation,VEH0124,2024,456,0.06728049529899101,3
BMW,Z4 M,E85_86,ROADSTER,GB,generation,VEH0124,2025,450,0.05515495769103624,3
BMW,Z4 M,E85_86,ROADSTER,NL,generation,RDW,2026,8,,3
BMW,Z4,E89,ROADSTER,GB,generation,VEH0124,2014,12577,,0
BMW,Z4,E89,ROADSTER,GB,generation,VEH0124,2015,14013,,0
BMW,Z4,E89,ROADSTER,GB,generation,VEH0124,2016,14996,,0
BMW,Z4,E89,ROADSTER,GB,generation,VEH0124,2017,14945,-0.057479944929900724,1
BMW,Z4,E89,ROADSTER,GB,generation,VEH0124,2018,14770,-0.01748776500268551,1
BMW,Z4,E89,ROADSTER,GB,generation,VEH0124,2019,14619,0.008492961896999182,1
BMW,Z4,E89,ROADSTER,GB,generation,VEH0124,2020,14390,0.012608675758900031,1
BMW,Z4,E89,ROADSTER,GB,generation,VEH0124,2021,14186,0.013442332674883694,1
BMW,Z4,E89,ROADSTER,GB,generation,VEH0124,2022,14106,0.011901037709340895,2
BMW,Z4,E89,ROADSTER,GB,generation,VEH0124,2023,13955,0.010238892777159269,2
BMW,Z4,E89,ROADSTER,GB,generation,VEH0124,2024,13637,0.013144294958831668,2
BMW,Z4,E89,ROADSTER,GB,generation,VEH0124,2025,13481,0.015095655983615215,2
BMW,Z4,E89,ROADSTER,NL,generation,RDW,2026,1639,,2
BMW,Z8,E52,ROADSTER,GB,generation,VEH0124,2014,59,,2
BMW,Z8,E52,ROADSTER,GB,generation,VEH0124,2015,55,,2
BMW,Z8,E52,ROADSTER,GB,generation,VEH0124,2016,55,,3
BMW,Z8,E52,ROADSTER,GB,generation,VEH0124,2017,54,0.02953801678444096,3
BMW,Z8,E52,ROADSTER,GB,generation,VEH0124,2018,47,0.05243108162699658,3
BMW,Z8,E52,ROADSTER,GB,generation,VEH0124,2019,45,0.06693604704799164,3
BMW,Z8,E52,ROADSTER,GB,generation,VEH0124,2020,49,0.032487709979296474,3
BMW,Z8,E52,ROADSTER,GB,generation,VEH0124,2021,44,0.022078658484555883,4
BMW,Z8,E52,ROADSTER,GB,generation,VEH0124,2022,45,0.0000776103238672952,4
BMW,Z8,E52,ROADSTER,GB,generation,VEH0124,2023,46,0.0210740582806067,4
BMW,Z8,E52,ROADSTER,GB,generation,VEH0124,2024,39,0.04008642106630963,4
BMW,Z8,E52,ROADSTER,GB,generation,VEH0124,2025,40,0.039137454156448905,4
BMW,Z8,E52,ROADSTER,NL,generation,RDW,2026,38,,5
BMW,1M,E82,SPORTIVE,GB,generation,VEH0124,2014,357,,0
BMW,1M,E82,SPORTIVE,GB,generation,VEH0124,2015,337,,0
BMW,1M,E82,SPORTIVE,GB,generation,VEH0124,2016,308,,1
BMW,1M,E82,SPORTIVE,GB,generation,VEH0124,2017,273,0.08940056835435906,1
BMW,1M,E82,SPORTIVE,GB,generation,VEH0124,2018,251,0.09819525619875143,1
BMW,1M,E82,SPORTIVE,GB,generation,VEH0124,2019,243,0.07906689822005723,1
BMW,1M,E82,SPORTIVE,GB,generation,VEH0124,2020,237,0.04714671833029316,1
BMW,1M,E82,SPORTIVE,GB,generation,VEH0124,2021,239,0.016318195072941324,2
BMW,1M,E82,SPORTIVE,GB,generation,VEH0124,2022,233,0.013994472096104563,2
BMW,1M,E82,SPORTIVE,GB,generation,VEH0124,2023,228,0.012913676323285099,2
BMW,1M,E82,SPORTIVE,GB,generation,VEH0124,2024,221,0.026089741174091408,2
BMW,1M,E82,SPORTIVE,GB,generation,VEH0124,2025,220,0.019121657380526534,2
BMW,1M,E82,SPORTIVE,NL,generation,RDW,2026,1,,3
BMW,8 SERIES,E31,COUPE,GB,generation,VEH0124,2014,915,,4
BMW,8 SERIES,E31,COUPE,GB,generation,VEH0124,2015,854,,4
BMW,8 SERIES,E31,COUPE,GB,generation,VEH0124,2016,790,,4
BMW,8 SERIES,E31,COUPE,GB,generation,VEH0124,2017,752,0.06536971132277215,4
BMW,8 SERIES,E31,COUPE,GB,generation,VEH0124,2018,726,0.05409313880890332,4
BMW,8 SERIES,E31,COUPE,GB,generation,VEH0124,2019,657,0.06149173112159912,5
BMW,8 SERIES,E31,COUPE,GB,generation,VEH0124,2020,585,0.08365970849570827,5
BMW,8 SERIES,E31,COUPE,GB,generation,VEH0124,2021,573,0.07883634754909145,5
BMW,8 SERIES,E31,COUPE,GB,generation,VEH0124,2022,517,0.07982930914964136,5
BMW,8 SERIES,E31,COUPE,GB,generation,VEH0124,2023,462,0.07873621071582709,5
BMW,8 SERIES,E31,COUPE,GB,generation,VEH0124,2024,430,0.09570029951052872,6
BMW,8 SERIES,E31,COUPE,GB,generation,VEH0124,2025,410,0.07728276232100362,6
BMW,8 SERIES,E31,COUPE,NL,generation,RDW,2026,363,,6
BMW,6 SERIES,E63,COUPE,GB,generation,VEH0124,2014,11227,,1
BMW,6 SERIES,E63,COUPE,GB,generation,VEH0124,2015,10925,,1
BMW,6 SERIES,E63,COUPE,GB,generation,VEH0124,2016,10549,,2
BMW,6 SERIES,E63,COUPE,GB,generation,VEH0124,2017,10119,0.034627386610286505,2
BMW,6 SERIES,E63,COUPE,GB,generation,VEH0124,2018,9579,0.043824945947180255,2
BMW,6 SERIES,E63,COUPE,GB,generation,VEH0124,2019,8935,0.05538955211163865,2
BMW,6 SERIES,E63,COUPE,GB,generation,VEH0124,2020,8409,0.0616910615860188,2
BMW,6 SERIES,E63,COUPE,GB,generation,VEH0124,2021,8106,0.05563904930863339,3
BMW,6 SERIES,E63,COUPE,GB,generation,VEH0124,2022,7674,0.05069215754308556,3
BMW,6 SERIES,E63,COUPE,GB,generation,VEH0124,2023,7046,0.05898786863955138,3
BMW,6 SERIES,E63,COUPE,GB,generation,VEH0124,2024,6359,0.08087305400521323,3
BMW,6 SERIES,E63,COUPE,GB,generation,VEH0124,2025,5798,0.09341215835587606,3
BMW,6 SERIES,E63,COUPE,NL,generation,RDW,2026,1424,,4
BMW,135I,E82,SPORTIVE,GB,generation,VEH0124,2014,1219,,0
BMW,135I,E82,SPORTIVE,GB,generation,VEH0124,2015,1196,,1
BMW,135I,E82,SPORTIVE,GB,generation,VEH0124,2016,1183,,1
BMW,135I,E82,SPORTIVE,GB,generation,VEH0124,2017,1151,0.019136384778512098,1
BMW,135I,E82,SPORTIVE,GB,generation,VEH0124,2018,1102,0.027294043070749247,1
BMW,135I,E82,SPORTIVE,GB,generation,VEH0124,2019,1085,0.028844275498536714,1
BMW,135I,E82,SPORTIVE,GB,generation,VEH0124,2020,1010,0.04352482093083621,2
BMW,135I,E82,SPORTIVE,GB,generation,VEH0124,2021,998,0.033000255429956694,2
BMW,135I,E82,SPORTIVE,GB,generation,VEH0124,2022,974,0.035934013121201085,2
BMW,135I,E82,SPORTIVE,GB,generation,VEH0124,2023,918,0.03185787860110577,2
BMW,135I,E82,SPORTIVE,GB,generation,VEH0124,2024,872,0.04497191275569867,2
BMW,135I,E82,SPORTIVE,GB,generation,VEH0124,2025,870,0.03761829267420688,3
BMW,135I,E82,SPORTIVE,NL,generation,RDW,2026,95,,3
CATERHAM,SEVEN,SEVEN,SPORTIVE,NL,generation,RDW,2026,106,,4
CITROEN,SAXO VTS,S0,GTI,GB,generation,VEH0124,2014,838,,3
CITROEN,SAXO VTS,S0,GTI,GB,generation,VEH0124,2015,567,,3
CITROEN,SAXO VTS,S0,GTI,GB,generation,VEH0124,2016,412,,3
CITROEN,SAXO VTS,S0,GTI,GB,generation,VEH0124,2017,303,0.33903632183685956,3
CITROEN,SAXO VTS,S0,GTI,GB,generation,VEH0124,2018,244,0.2809651687861157,3
CITROEN,SAXO VTS,S0,GTI,GB,generation,VEH0124,2019,196,0.2478058438958615,4
CITROEN,SAXO VTS,S0,GTI,GB,generation,VEH0124,2020,154,0.2255281290488078,4
CITROEN,SAXO VTS,S0,GTI,GB,generation,VEH0124,2021,137,0.192307756399402,4
CITROEN,SAXO VTS,S0,GTI,GB,generation,VEH0124,2022,138,0.11681397525845012,4
CITROEN,SAXO VTS,S0,GTI,GB,generation,VEH0124,2023,129,0.059087175651577624,4
CITROEN,SAXO VTS,S0,GTI,GB,generation,VEH0124,2024,111,0.07006132683258219,5
CITROEN,SAXO VTS,S0,GTI,GB,generation,VEH0124,2025,99,0.11065014520026943,5
CITROEN,XSARA VTS,N0,GTI,GB,generation,VEH0124,2014,232,,2
CITROEN,XSARA VTS,N0,GTI,GB,generation,VEH0124,2015,168,,2
CITROEN,XSARA VTS,N0,GTI,GB,generation,VEH0124,2016,115,,3
CITROEN,XSARA VTS,N0,GTI,GB,generation,VEH0124,2017,84,0.33852669778737193,3
CITROEN,XSARA VTS,N0,GTI,GB,generation,VEH0124,2018,67,0.30628822748681533,3
CITROEN,XSARA VTS,N0,GTI,GB,generation,VEH0124,2019,53,0.25839026343357496,3
CITROEN,XSARA VTS,N0,GTI,GB,generation,VEH0124,2020,39,0.255647345029109,3
CITROEN,XSARA VTS,N0,GTI,GB,generation,VEH0124,2021,34,0.22598602364813214,4
CITROEN,XSARA VTS,N0,GTI,GB,generation,VEH0124,2022,29,0.20085681990918755,4
CITROEN,XSARA VTS,N0,GTI,GB,generation,VEH0124,2023,29,0.09882291264501701,4
CITROEN,XSARA VTS,N0,GTI,GB,generation,VEH0124,2024,27,0.07682872490985652,4
CITROEN,XSARA VTS,N0,GTI,GB,generation,VEH0124,2025,19,0.14098370066697577,4
CITROEN,C2 VTS,A6,GTI,GB,generation,VEH0124,2014,3910,,1
CITROEN,C2 VTS,A6,GTI,GB,generation,VEH0124,2015,3673,,1
CITROEN,C2 VTS,A6,GTI,GB,generation,VEH0124,2016,3394,,2
CITROEN,C2 VTS,A6,GTI,GB,generation,VEH0124,2017,3042,0.08365937313963857,2
CITROEN,C2 VTS,A6,GTI,GB,generation,VEH0124,2018,2657,0.10793896491439459,2
CITROEN,C2 VTS,A6,GTI,GB,generation,VEH0124,2019,2210,0.14310349943459968,2
CITROEN,C2 VTS,A6,GTI,GB,generation,VEH0124,2020,1864,0.16322013976616712,2
CITROEN,C2 VTS,A6,GTI,GB,generation,VEH0124,2021,1505,0.18944285190214474,3
CITROEN,C2 VTS,A6,GTI,GB,generation,VEH0124,2022,1243,0.1917977752340689,3
CITROEN,C2 VTS,A6,GTI,GB,generation,VEH0124,2023,1037,0.1955981419704084,3
CITROEN,C2 VTS,A6,GTI,GB,generation,VEH0124,2024,811,0.2060105018484822,3
CITROEN,C2 VTS,A6,GTI,GB,generation,VEH0124,2025,626,0.22857681342797917,3
CITROEN,DS3 RACING,A55,GTI,GB,generation,VEH0124,2014,132,,0
CITROEN,DS3 RACING,A55,GTI,GB,generation,VEH0124,2015,150,,0
CITROEN,DS3 RACING,A55,GTI,GB,generation,VEH0124,2016,136,,0
CITROEN,DS3 RACING,A55,GTI,GB,generation,VEH0124,2017,140,-0.019716230376448634,1
CITROEN,DS3 RACING,A55,GTI,GB,generation,VEH0124,2018,134,0.037534953979682345,1
CITROEN,DS3 RACING,A55,GTI,GB,generation,VEH0124,2019,136,0.0,1
CITROEN,DS3 RACING,A55,GTI,GB,generation,VEH0124,2020,123,0.04309067982661518,1
CITROEN,DS3 RACING,A55,GTI,GB,generation,VEH0124,2021,124,0.025778886252695175,1
CITROEN,DS3 RACING,A55,GTI,GB,generation,VEH0124,2022,122,0.03614451669236695,2
CITROEN,DS3 RACING,A55,GTI,GB,generation,VEH0124,2023,109,0.04030641261696866,2
CITROEN,DS3 RACING,A55,GTI,GB,generation,VEH0124,2024,102,0.06508701619242063,2
CITROEN,DS3 RACING,A55,GTI,GB,generation,VEH0124,2025,102,0.05966313012080624,2
CITROEN,DS3 RACING,A55,GTI,NL,generation,RDW,2026,69,,2
FERRARI,348,348,SUPERCAR,NL,generation,RDW,2026,122,,6
FERRARI,F355,F355,SUPERCAR,NL,generation,RDW,2026,138,,6
FERRARI,360,360,SUPERCAR,GB,generation,VEH0124,2014,749,,2
FERRARI,360,360,SUPERCAR,GB,generation,VEH0124,2015,722,,2
FERRARI,360,360,SUPERCAR,GB,generation,VEH0124,2016,690,,2
FERRARI,360,360,SUPERCAR,GB,generation,VEH0124,2017,661,0.04164893431884527,3
FERRARI,360,360,SUPERCAR,GB,generation,VEH0124,2018,635,0.04278804610990733,3
FERRARI,360,360,SUPERCAR,GB,generation,VEH0124,2019,586,0.05449456883764414,3
FERRARI,360,360,SUPERCAR,GB,generation,VEH0124,2020,536,0.06983980347365033,3
FERRARI,360,360,SUPERCAR,GB,generation,VEH0124,2021,555,0.04483509080237418,3
FERRARI,360,360,SUPERCAR,GB,generation,VEH0124,2022,551,0.02046110614505096,4
FERRARI,360,360,SUPERCAR,GB,generation,VEH0124,2023,501,0.022524770693939378,4
FERRARI,360,360,SUPERCAR,GB,generation,VEH0124,2024,468,0.056810100715476965,4
FERRARI,360,360,SUPERCAR,GB,generation,VEH0124,2025,446,0.07045812204498302,4
FERRARI,360,360,SUPERCAR,NL,generation,RDW,2026,261,,4
FERRARI,F430,F430,SUPERCAR,GB,generation,VEH0124,2014,1105,,1
FERRARI,F430,F430,SUPERCAR,GB,generation,VEH0124,2015,1104,,1
FERRARI,F430,F430,SUPERCAR,GB,generation,VEH0124,2016,1047,,2
FERRARI,F430,F430,SUPERCAR,GB,generation,VEH0124,2017,979,0.040335652442748844,2
FERRARI,F430,F430,SUPERCAR,GB,generation,VEH0124,2018,920,0.06076716550881852,2
FERRARI,F430,F430,SUPERCAR,GB,generation,VEH0124,2019,864,0.06408100841532645,2
FERRARI,F430,F430,SUPERCAR,GB,generation,VEH0124,2020,747,0.09008462479645125,2
FERRARI,F430,F430,SUPERCAR,GB,generation,VEH0124,2021,756,0.06535631134362513,3
FERRARI,F430,F430,SUPERCAR,GB,generation,VEH0124,2022,753,0.0457346300816227,3
FERRARI,F430,F430,SUPERCAR,GB,generation,VEH0124,2023,700,0.02167645342023571,3
FERRARI,F430,F430,SUPERCAR,GB,generation,VEH0124,2024,660,0.04524455980193579,3
FERRARI,F430,F430,SUPERCAR,GB,generation,VEH0124,2025,672,0.03790798689735426,3
FERRARI,F430,F430,SUPERCAR,NL,generation,RDW,2026,289,,4
FERRARI,458,458,SUPERCAR,GB,generation,VEH0124,2014,1231,,0
FERRARI,458,458,SUPERCAR,GB,generation,VEH0124,2015,1474,,0
FERRARI,458,458,SUPERCAR,GB,generation,VEH0124,2016,1397,,0
FERRARI,458,458,SUPERCAR,GB,generation,VEH0124,2017,1310,-0.020796528489343612,1
FERRARI,458,458,SUPERCAR,GB,generation,VEH0124,2018,1216,0.06413270247909154,1
FERRARI,458,458,SUPERCAR,GB,generation,VEH0124,2019,1168,0.0597189406767811,1
FERRARI,458,458,SUPERCAR,GB,generation,VEH0124,2020,1076,0.06556238028651694,1
FERRARI,458,458,SUPERCAR,GB,generation,VEH0124,2021,1054,0.047615982630558995,1
FERRARI,458,458,SUPERCAR,GB,generation,VEH0124,2022,1004,0.05039339356863756,2
FERRARI,458,458,SUPERCAR,GB,generation,VEH0124,2023,934,0.04720874679043558,2
FERRARI,458,458,SUPERCAR,GB,generation,VEH0124,2024,895,0.0545064654223949,2
FERRARI,458,458,SUPERCAR,GB,generation,VEH0124,2025,877,0.04507210697364827,2
FERRARI,458,458,SUPERCAR,NL,generation,RDW,2026,268,,2
FERRARI,456,456,COUPE,NL,generation,RDW,2026,92,,5
FERRARI,550,550,SUPERCAR,NL,generation,RDW,2026,40,,5
FERRARI,575M,575M,SUPERCAR,GB,generation,VEH0124,2014,155,,2
FERRARI,575M,575M,SUPERCAR,GB,generation,VEH0124,2015,151,,2
FERRARI,575M,575M,SUPERCAR,GB,generation,VEH0124,2016,144,,2
FERRARI,575M,575M,SUPERCAR,GB,generation,VEH0124,2017,131,0.05607107980437428,2
FERRARI,575M,575M,SUPERCAR,GB,generation,VEH0124,2018,130,0.049906057623748966,2
FERRARI,575M,575M,SUPERCAR,GB,generation,VEH0124,2019,120,0.0608154781908603,3
FERRARI,575M,575M,SUPERCAR,GB,generation,VEH0124,2020,111,0.055189145649020915,3
FERRARI,575M,575M,SUPERCAR,GB,generation,VEH0124,2021,111,0.05263310521950578,3
FERRARI,575M,575M,SUPERCAR,GB,generation,VEH0124,2022,107,0.03817609632851009,3
FERRARI,575M,575M,SUPERCAR,GB,generation,VEH0124,2023,96,0.04842714985908934,3
FERRARI,575M,575M,SUPERCAR,GB,generation,VEH0124,2024,93,0.05898836302794205,4
FERRARI,575M,575M,SUPERCAR,GB,generation,VEH0124,2025,99,0.02589180172241608,4
FERRARI,575M,575M,SUPERCAR,NL,generation,RDW,2026,41,,4
FERRARI,612,612,COUPE,GB,generation,VEH0124,2014,214,,1
FERRARI,612,612,COUPE,GB,generation,VEH0124,2015,214,,1
FERRARI,612,612,COUPE,GB,generation,VEH0124,2016,180,,1
FERRARI,612,612,COUPE,GB,generation,VEH0124,2017,202,0.01909159670710213,2
FERRARI,612,612,COUPE,GB,generation,VEH0124,2018,180,0.057554872221385965,2
FERRARI,612,612,COUPE,GB,generation,VEH0124,2019,175,0.009396724029302007,2
FERRARI,612,612,COUPE,GB,generation,VEH0124,2020,166,0.06542333039817244,2
FERRARI,612,612,COUPE,GB,generation,VEH0124,2021,173,0.013182689410750417,2
FERRARI,612,612,COUPE,GB,generation,VEH0124,2022,170,0.009621011735517512,3
FERRARI,612,612,COUPE,GB,generation,VEH0124,2023,151,0.03159094000052646,3
FERRARI,612,612,COUPE,GB,generation,VEH0124,2024,139,0.07291371195878854,3
FERRARI,612,612,COUPE,GB,generation,VEH0124,2025,140,0.06468753247041517,3
FERRARI,612,612,COUPE,NL,generation,RDW,2026,75,,3
FERRARI,599,599,SUPERCAR,GB,generation,VEH0124,2014,337,,1
FERRARI,599,599,SUPERCAR,GB,generation,VEH0124,2015,313,,1
FERRARI,599,599,SUPERCAR,GB,generation,VEH0124,2016,295,,1
FERRARI,599,599,SUPERCAR,GB,generation,VEH0124,2017,292,0.047755121065774,1
FERRARI,599,599,SUPERCAR,GB,generation,VEH0124,2018,260,0.061828897854503906,1
FERRARI,599,599,SUPERCAR,GB,generation,VEH0124,2019,242,0.06605775746519589,2
FERRARI,599,599,SUPERCAR,GB,generation,VEH0124,2020,233,0.07525544246892307,2
FERRARI,599,599,SUPERCAR,GB,generation,VEH0124,2021,226,0.04671300057906097,2
FERRARI,599,599,SUPERCAR,GB,generation,VEH0124,2022,225,0.02426119722686596,2
FERRARI,599,599,SUPERCAR,GB,generation,VEH0124,2023,215,0.02681849807419477,2
FERRARI,599,599,SUPERCAR,GB,generation,VEH0124,2024,201,0.03904209650526174,3
FERRARI,599,599,SUPERCAR,GB,generation,VEH0124,2025,199,0.04089852925313253,3
FERRARI,599,599,SUPERCAR,NL,generation,RDW,2026,155,,3
FERRARI,CALIFORNIA,F149,ROADSTER,GB,generation,VEH0124,2014,901,,0
FERRARI,CALIFORNIA,F149,ROADSTER,GB,generation,VEH0124,2015,1130,,0
FERRARI,CALIFORNIA,F149,ROADSTER,GB,generation,VEH0124,2016,1350,,1
FERRARI,CALIFORNIA,F149,ROADSTER,GB,generation,VEH0124,2017,1413,-0.14992898584183634,1
FERRARI,CALIFORNIA,F149,ROADSTER,GB,generation,VEH0124,2018,1353,-0.059914571462424814,1
FERRARI,CALIFORNIA,F149,ROADSTER,GB,generation,VEH0124,2019,1335,0.0037269845145801775,1
FERRARI,CALIFORNIA,F149,ROADSTER,GB,generation,VEH0124,2020,1302,0.02726705415682688,1
FERRARI,CALIFORNIA,F149,ROADSTER,GB,generation,VEH0124,2021,1305,0.012025871635262692,2
FERRARI,CALIFORNIA,F149,ROADSTER,GB,generation,VEH0124,2022,1260,0.019263579734744577,2
FERRARI,CALIFORNIA,F149,ROADSTER,GB,generation,VEH0124,2023,1185,0.03140775383565129,2
FERRARI,CALIFORNIA,F149,ROADSTER,GB,generation,VEH0124,2024,1140,0.04505383800898662,2
FERRARI,CALIFORNIA,F149,ROADSTER,GB,generation,VEH0124,2025,1138,0.033934429485640426,2
FERRARI,CALIFORNIA,F149,ROADSTER,NL,generation,RDW,2026,265,,3
FIAT,COUPE,175,COUPE,GB,generation,VEH0124,2014,1540,,3
FIAT,COUPE,175,COUPE,GB,generation,VEH0124,2015,1365,,3
FIAT,COUPE,175,COUPE,GB,generation,VEH0124,2016,1176,,4
FIAT,COUPE,175,COUPE,GB,generation,VEH0124,2017,1026,0.13532845015627948,4
FIAT,COUPE,175,COUPE,GB,generation,VEH0124,2018,889,0.14289956644568455,4
FIAT,COUPE,175,COUPE,GB,generation,VEH0124,2019,775,0.139098907715236,4
FIAT,COUPE,175,COUPE,GB,generation,VEH0124,2020,718,0.1189963590291787,4
FIAT,COUPE,175,COUPE,GB,generation,VEH0124,2021,686,0.08639609573355721,5
FIAT,COUPE,175,COUPE,GB,generation,VEH0124,2022,619,0.07490094402459567,5
FIAT,COUPE,175,COUPE,GB,generation,VEH0124,2023,542,0.09379872426395704,5
FIAT,COUPE,175,COUPE,GB,generation,VEH0124,2024,512,0.0975325657880799,5
FIAT,COUPE,175,COUPE,GB,generation,VEH0124,2025,504,0.06850469793765254,5
FIAT,COUPE,175,COUPE,NL,generation,RDW,2026,374,,6
FIAT,BARCHETTA,183,ROADSTER,GB,generation,VEH0124,2014,498,,2
FIAT,BARCHETTA,183,ROADSTER,GB,generation,VEH0124,2015,478,,3
FIAT,BARCHETTA,183,ROADSTER,GB,generation,VEH0124,2016,445,,3
FIAT,BARCHETTA,183,ROADSTER,GB,generation,VEH0124,2017,421,0.0559622335813025,3
FIAT,BARCHETTA,183,ROADSTER,GB,generation,VEH0124,2018,381,0.07559037298469257,3
FIAT,BARCHETTA,183,ROADSTER,GB,generation,VEH0124,2019,337,0.09272725228312251,3
FIAT,BARCHETTA,183,ROADSTER,GB,generation,VEH0124,2020,315,0.09669142851201994,4
FIAT,BARCHETTA,183,ROADSTER,GB,generation,VEH0124,2021,292,0.08868107172216648,4
FIAT,BARCHETTA,183,ROADSTER,GB,generation,VEH0124,2022,288,0.052348495881991176,4
FIAT,BARCHETTA,183,ROADSTER,GB,generation,VEH0124,2023,268,0.05389877780773711,4
FIAT,BARCHETTA,183,ROADSTER,GB,generation,VEH0124,2024,240,0.0653158334189285,4
FIAT,BARCHETTA,183,ROADSTER,GB,generation,VEH0124,2025,219,0.09125821380828898,5
FIAT,BARCHETTA,183,ROADSTER,NL,generation,RDW,2026,1324,,5
FIAT,PUNTO GT,176,GTI,GB,generation,VEH0124,2014,118,,3
FIAT,PUNTO GT,176,GTI,GB,generation,VEH0124,2015,92,,3
FIAT,PUNTO GT,176,GTI,GB,generation,VEH0124,2016,71,,4
FIAT,PUNTO GT,176,GTI,GB,generation,VEH0124,2017,65,0.1986657817508182,4
FIAT,PUNTO GT,176,GTI,GB,generation,VEH0124,2018,50,0.20315826236984003,4
FIAT,PUNTO GT,176,GTI,GB,generation,VEH0124,2019,55,0.08517386226774463,4
FIAT,PUNTO GT,176,GTI,GB,generation,VEH0124,2020,51,0.08084044306201317,4
FIAT,PUNTO GT,176,GTI,GB,generation,VEH0124,2021,51,-0.006674212277485478,5
FIAT,PUNTO GT,176,GTI,GB,generation,VEH0124,2022,49,0.038461853148252824,5
FIAT,PUNTO GT,176,GTI,GB,generation,VEH0124,2023,39,0.08948257635041705,5
FIAT,PUNTO GT,176,GTI,GB,generation,VEH0124,2024,39,0.08948257635041705,5
FIAT,PUNTO GT,176,GTI,GB,generation,VEH0124,2025,35,0.11223423235241829,5
FIAT,PUNTO GT,176,GTI,NL,generation,RDW,2026,22,,6
ABARTH,500,312,GTI,GB,generation,VEH0124,2014,6118,,0
ABARTH,500,312,GTI,GB,generation,VEH0124,2015,8216,,0
ABARTH,500,312,GTI,GB,generation,VEH0124,2016,11220,,1
ABARTH,500,312,GTI,GB,generation,VEH0124,2017,14338,-0.28380315405966233,1
ABARTH,500,312,GTI,GB,generation,VEH0124,2018,17694,-0.25560519251785124,1
ABARTH,500,312,GTI,GB,generation,VEH0124,2019,19776,-0.18905312687329834,1
ABARTH,500,312,GTI,GB,generation,VEH0124,2020,21295,-0.13187584854847006,1
ABARTH,500,312,GTI,GB,generation,VEH0124,2021,22458,-0.07946075608781727,2
ABARTH,500,312,GTI,GB,generation,VEH0124,2022,23422,-0.0563734107463345,2
ABARTH,500,312,GTI,GB,generation,VEH0124,2023,23413,-0.03162802162770322,2
ABARTH,500,312,GTI,GB,generation,VEH0124,2024,23619,-0.016805049149058584,2
ABARTH,500,312,GTI,GB,generation,VEH0124,2025,23363,0.0008492852403403622,2
ABARTH,500,312,GTI,NL,generation,RDW,2026,198,,3
FORD,ESCORT RS COSWORTH,MK5,SPORTIVE,GB,generation,VEH0124,2014,402,,4
FORD,ESCORT RS COSWORTH,MK5,SPORTIVE,GB,generation,VEH0124,2015,385,,4
FORD,ESCORT RS COSWORTH,MK5,SPORTIVE,GB,generation,VEH0124,2016,380,,4
FORD,ESCORT RS COSWORTH,MK5,SPORTIVE,GB,generation,VEH0124,2017,345,0.050992220778884205,4
FORD,ESCORT RS COSWORTH,MK5,SPORTIVE,GB,generation,VEH0124,2018,312,0.07011613534857068,4
FORD,ESCORT RS COSWORTH,MK5,SPORTIVE,GB,generation,VEH0124,2019,315,0.0625757020320321,5
FORD,ESCORT RS COSWORTH,MK5,SPORTIVE,GB,generation,VEH0124,2020,279,0.07071541812212519,5
FORD,ESCORT RS COSWORTH,MK5,SPORTIVE,GB,generation,VEH0124,2021,298,0.015203110716521398,5
FORD,ESCORT RS COSWORTH,MK5,SPORTIVE,GB,generation,VEH0124,2022,260,0.06389687528394293,5
FORD,ESCORT RS COSWORTH,MK5,SPORTIVE,GB,generation,VEH0124,2023,245,0.04334752685734431,5
FORD,ESCORT RS COSWORTH,MK5,SPORTIVE,GB,generation,VEH0124,2024,244,0.06668367128184725,6
FORD,ESCORT RS COSWORTH,MK5,SPORTIVE,GB,generation,VEH0124,2025,246,0.018458941210038226,6
FORD,ESCORT RS COSWORTH,MK5,SPORTIVE,NL,generation,RDW,2026,60,,6
FORD,SIERRA COSWORTH,MK2,SPORTIVE,GB,generation,VEH0124,2014,964,,5
FORD,SIERRA COSWORTH,MK2,SPORTIVE,GB,generation,VEH0124,2015,979,,5
FORD,SIERRA COSWORTH,MK2,SPORTIVE,GB,generation,VEH0124,2016,946,,5
FORD,SIERRA COSWORTH,MK2,SPORTIVE,GB,generation,VEH0124,2017,878,0.03113831801122514,5
FORD,SIERRA COSWORTH,MK2,SPORTIVE,GB,generation,VEH0124,2018,778,0.07662292298550473,5
FORD,SIERRA COSWORTH,MK2,SPORTIVE,GB,generation,VEH0124,2019,778,0.06521665332423839,6
FORD,SIERRA COSWORTH,MK2,SPORTIVE,GB,generation,VEH0124,2020,724,0.06426353838594334,6
FORD,SIERRA COSWORTH,MK2,SPORTIVE,GB,generation,VEH0124,2021,708,0.03138344293222886,6
FORD,SIERRA COSWORTH,MK2,SPORTIVE,GB,generation,VEH0124,2022,751,0.011716128699152138,6
FORD,SIERRA COSWORTH,MK2,SPORTIVE,GB,generation,VEH0124,2023,689,0.016528019937117732,6
FORD,SIERRA COSWORTH,MK2,SPORTIVE,GB,generation,VEH0124,2024,645,0.03102572720102513,7
FORD,SIERRA COSWORTH,MK2,SPORTIVE,GB,generation,VEH0124,2025,650,0.04811726304524275,7
FORD,SIERRA COSWORTH,MK2,SPORTIVE,NL,generation,RDW,2026,173,,7
FORD,PUMA,MK1,COUPE,GB,generation,VEH0124,2014,21466,,3
FORD,PUMA,MK1,COUPE,GB,generation,VEH0124,2015,15875,,3
FORD,PUMA,MK1,COUPE,GB,generation,VEH0124,2016,11294,,3
FORD,PUMA,MK1,COUPE,GB,generation,VEH0124,2017,7898,0.3332048891656499,3
FORD,PUMA,MK1,COUPE,GB,generation,VEH0124,2018,5635,0.34517564006213797,3
FORD,PUMA,MK1,COUPE,GB,generation,VEH0124,2019,4209,0.32924086024116234,4
FORD,PUMA,MK1,COUPE,GB,generation,VEH0124,2020,3342,0.28666618763553103,4
FORD,PUMA,MK1,COUPE,GB,generation,VEH0124,2021,2668,0.2491831608176134,4
FORD,PUMA,MK1,COUPE,GB,generation,VEH0124,2022,2212,0.21437933446009413,4
FORD,PUMA,MK1,COUPE,GB,generation,VEH0124,2023,1827,0.20143592630312393,4
FORD,PUMA,MK1,COUPE,GB,generation,VEH0124,2024,1516,0.18837693858555124,5
FORD,PUMA,MK1,COUPE,GB,generation,VEH0124,2025,1303,0.17636002835349462,5
FORD,PUMA,MK1,COUPE,NL,generation,RDW,2026,203,,5
FORD,FOCUS RS,MK1,GTI,GB,generation,VEH0124,2014,1111,,2
FORD,FOCUS RS,MK1,GTI,GB,generation,VEH0124,2015,1045,,2
FORD,FOCUS RS,MK1,GTI,GB,generation,VEH0124,2016,878,,2
FORD,FOCUS RS,MK1,GTI,GB,generation,VEH0124,2017,769,0.12256691488389843,3
FORD,FOCUS RS,MK1,GTI,GB,generation,VEH0124,2018,666,0.15010498824269916,3
FORD,FOCUS RS,MK1,GTI,GB,generation,VEH0124,2019,565,0.14704093152875686,3
FORD,FOCUS RS,MK1,GTI,GB,generation,VEH0124,2020,517,0.13235910116271976,3
FORD,FOCUS RS,MK1,GTI,GB,generation,VEH0124,2021,450,0.13068928916496617,3
FORD,FOCUS RS,MK1,GTI,GB,generation,VEH0124,2022,429,0.09177155957828743,4
FORD,FOCUS RS,MK1,GTI,GB,generation,VEH0124,2023,358,0.12258720240305748,4
FORD,FOCUS RS,MK1,GTI,GB,generation,VEH0124,2024,347,0.08667183513596625,4
FORD,FOCUS RS,MK1,GTI,GB,generation,VEH0124,2025,334,0.08346734949635352,4
FORD,FOCUS RS,MK1,GTI,NL,generation,RDW,2026,44,,4
FORD,FOCUS RS,MK2,GTI,GB,generation,VEH0124,2014,3521,,0
FORD,FOCUS RS,MK2,GTI,GB,generation,VEH0124,2015,3345,,1
FORD,FOCUS RS,MK2,GTI,GB,generation,VEH0124,2016,3164,,1
FORD,FOCUS RS,MK2,GTI,GB,generation,VEH0124,2017,2921,0.06226495911028037,1
FORD,FOCUS RS,MK2,GTI,GB,generation,VEH0124,2018,2655,0.07700939183078914,1
FORD,FOCUS RS,MK2,GTI,GB,generation,VEH0124,2019,2514,0.07670648263841817,1
FORD,FOCUS RS,MK2,GTI,GB,generation,VEH0124,2020,2364,0.07051587762143967,2
FORD,FOCUS RS,MK2,GTI,GB,generation,VEH0124,2021,2116,0.07563478693594589,2
FORD,FOCUS RS,MK2,GTI,GB,generation,VEH0124,2022,1946,0.0853687780585579,2
FORD,FOCUS RS,MK2,GTI,GB,generation,VEH0124,2023,1796,0.09166044804540519,2
FORD,FOCUS RS,MK2,GTI,GB,generation,VEH0124,2024,1662,0.08048640957567811,2
FORD,FOCUS RS,MK2,GTI,GB,generation,VEH0124,2025,1606,0.06398296380816425,3
FORD,FOCUS RS,MK2,GTI,NL,generation,RDW,2026,1,,3
FORD,FOCUS ST,MK2,GTI,GB,generation,VEH0124,2014,20445,,1
FORD,FOCUS ST,MK2,GTI,GB,generation,VEH0124,2015,19951,,1
FORD,FOCUS ST,MK2,GTI,GB,generation,VEH0124,2016,19210,,1
FORD,FOCUS ST,MK2,GTI,GB,generation,VEH0124,2017,18611,0.0313154807533041,1
FORD,FOCUS ST,MK2,GTI,GB,generation,VEH0124,2018,17740,0.03914475308372841,2
FORD,FOCUS ST,MK2,GTI,GB,generation,VEH0124,2019,16913,0.0424785482445405,2
FORD,FOCUS ST,MK2,GTI,GB,generation,VEH0124,2020,16230,0.04562416005991778,2
FORD,FOCUS ST,MK2,GTI,GB,generation,VEH0124,2021,15134,0.052958075309252534,2
FORD,FOCUS ST,MK2,GTI,GB,generation,VEH0124,2022,14135,0.059812919606882266,2
FORD,FOCUS ST,MK2,GTI,GB,generation,VEH0124,2023,13047,0.07281756065156603,3
FORD,FOCUS ST,MK2,GTI,GB,generation,VEH0124,2024,11933,0.07918498013858832,3
FORD,FOCUS ST,MK2,GTI,GB,generation,VEH0124,2025,10903,0.08651660287302314,3
FORD,FOCUS ST,MK2,GTI,NL,generation,RDW,2026,22,,3
FORD,FIESTA ST,MK6,GTI,GB,generation,VEH0124,2014,14050,,1
FORD,FIESTA ST,MK6,GTI,GB,generation,VEH0124,2015,13410,,1
FORD,FIESTA ST,MK6,GTI,GB,generation,VEH0124,2016,12673,,2
FORD,FIESTA ST,MK6,GTI,GB,generation,VEH0124,2017,11774,0.05889839373736199,2
FORD,FIESTA ST,MK6,GTI,GB,generation,VEH0124,2018,10882,0.06962639133691899,2
FORD,FIESTA ST,MK6,GTI,GB,generation,VEH0124,2019,9846,0.08419378242467705,2
FORD,FIESTA ST,MK6,GTI,GB,generation,VEH0124,2020,8896,0.09340218040845401,2
FORD,FIESTA ST,MK6,GTI,GB,generation,VEH0124,2021,7945,0.10483509747277053,3
FORD,FIESTA ST,MK6,GTI,GB,generation,VEH0124,2022,7216,0.10356664609866635,3
FORD,FIESTA ST,MK6,GTI,GB,generation,VEH0124,2023,6381,0.11083483318282357,3
FORD,FIESTA ST,MK6,GTI,GB,generation,VEH0124,2024,5588,0.11726652490969575,3
FORD,FIESTA ST,MK6,GTI,GB,generation,VEH0124,2025,4891,0.12960251597178477,3
FORD,FIESTA ST,MK6,GTI,NL,generation,RDW,2026,5,,4
FORD,FIESTA ST,MK7,GTI,GB,generation,VEH0124,2014,11065,,-1
FORD,FIESTA ST,MK7,GTI,GB,generation,VEH0124,2015,17322,,0
FORD,FIESTA ST,MK7,GTI,GB,generation,VEH0124,2016,23968,,0
FORD,FIESTA ST,MK7,GTI,GB,generation,VEH0124,2017,28689,-0.31749715718034266,0
FORD,FIESTA ST,MK7,GTI,GB,generation,VEH0124,2018,27968,-0.1595079624806657,0
FORD,FIESTA ST,MK7,GTI,GB,generation,VEH0124,2019,27329,-0.04377289494962897,0
FORD,FIESTA ST,MK7,GTI,GB,generation,VEH0124,2020,26811,0.022565191159069967,1
FORD,FIESTA ST,MK7,GTI,GB,generation,VEH0124,2021,25929,0.025232831414767384,1
FORD,FIESTA ST,MK7,GTI,GB,generation,VEH0124,2022,25100,0.028362172422043558,1
FORD,FIESTA ST,MK7,GTI,GB,generation,VEH0124,2023,23913,0.038156118757766165,1
FORD,FIESTA ST,MK7,GTI,GB,generation,VEH0124,2024,22801,0.04283849981412823,1
FORD,FIESTA ST,MK7,GTI,GB,generation,VEH0124,2025,21984,0.044171175750059986,2
FORD,FIESTA ST,MK7,GTI,NL,generation,RDW,2026,13,,2
HONDA,S2000,AP1_AP2,ROADSTER,GB,generation,VEH0124,2014,6312,,2
HONDA,S2000,AP1_AP2,ROADSTER,GB,generation,VEH0124,2015,6017,,2
HONDA,S2000,AP1_AP2,ROADSTER,GB,generation,VEH0124,2016,5676,,2
HONDA,S2000,AP1_AP2,ROADSTER,GB,generation,VEH0124,2017,5252,0.06127001124729974,2
HONDA,S2000,AP1_AP2,ROADSTER,GB,generation,VEH0124,2018,4840,0.0725545512295181,2
HONDA,S2000,AP1_AP2,ROADSTER,GB,generation,VEH0124,2019,4504,0.07714642667138193,3
HONDA,S2000,AP1_AP2,ROADSTER,GB,generation,VEH0124,2020,4113,0.08145846984749922,3
HONDA,S2000,AP1_AP2,ROADSTER,GB,generation,VEH0124,2021,3947,0.06795010949726678,3
HONDA,S2000,AP1_AP2,ROADSTER,GB,generation,VEH0124,2022,3700,0.06550648597458077,3
HONDA,S2000,AP1_AP2,ROADSTER,GB,generation,VEH0124,2023,3414,0.06213188191413018,3
HONDA,S2000,AP1_AP2,ROADSTER,GB,generation,VEH0124,2024,3163,0.0737925777409762,4
HONDA,S2000,AP1_AP2,ROADSTER,GB,generation,VEH0124,2025,3073,0.061865642246754206,4
HONDA,S2000,AP1_AP2,ROADSTER,NL,generation,RDW,2026,728,,4
HONDA,NSX,NA1_NA2,SUPERCAR,GB,generation,VEH0124,2014,240,,3
HONDA,NSX,NA1_NA2,SUPERCAR,GB,generation,VEH0124,2015,229,,3
HONDA,NSX,NA1_NA2,SUPERCAR,GB,generation,VEH0124,2016,254,,3
HONDA,NSX,NA1_NA2,SUPERCAR,GB,generation,VEH0124,2017,246,-0.008142079274320384,4
HONDA,NSX,NA1_NA2,SUPERCAR,GB,generation,VEH0124,2018,229,0.00009442917191988809,4
HONDA,NSX,NA1_NA2,SUPERCAR,GB,generation,VEH0124,2019,221,0.046422296163617725,4
HONDA,NSX,NA1_NA2,SUPERCAR,GB,generation,VEH0124,2020,202,0.06565101025613031,4
HONDA,NSX,NA1_NA2,SUPERCAR,GB,generation,VEH0124,2021,185,0.07108884556647088,4
HONDA,NSX,NA1_NA2,SUPERCAR,GB,generation,VEH0124,2022,177,0.0739730832088818,5
HONDA,NSX,NA1_NA2,SUPERCAR,GB,generation,VEH0124,2023,179,0.04032156245886248,5
HONDA,NSX,NA1_NA2,SUPERCAR,GB,generation,VEH0124,2024,178,0.012861125653111526,5
HONDA,NSX,NA1_NA2,SUPERCAR,GB,generation,VEH0124,2025,183,-0.011124856875118704,5
HONDA,NSX,NA1_NA2,SUPERCAR,NL,generation,RDW,2026,48,,5
HONDA,INTEGRA TYPE R,DC2,GTI,NL,generation,RDW,2026,72,,5
HONDA,INTEGRA TYPE R,DC5,GTI,NL,generation,RDW,2026,8,,4
HONDA,CIVIC TYPE R,EK9,GTI,GB,generation,VEH0124,2014,100,,3
HONDA,CIVIC TYPE R,EK9,GTI,GB,generation,VEH0124,2015,104,,3
HONDA,CIVIC TYPE R,EK9,GTI,GB,generation,VEH0124,2016,85,,3
HONDA,CIVIC TYPE R,EK9,GTI,GB,generation,VEH0124,2017,73,0.1047915737999605,3
HONDA,CIVIC TYPE R,EK9,GTI,GB,generation,VEH0124,2018,64,0.16176292554568247,4
HONDA,CIVIC TYPE R,EK9,GTI,GB,generation,VEH0124,2019,65,0.08948257635041719,4
HONDA,CIVIC TYPE R,EK9,GTI,GB,generation,VEH0124,2020,51,0.11940541912534584,4
HONDA,CIVIC TYPE R,EK9,GTI,GB,generation,VEH0124,2021,47,0.10276125122181283,4
HONDA,CIVIC TYPE R,EK9,GTI,GB,generation,VEH0124,2022,42,0.1454511942162054,4
HONDA,CIVIC TYPE R,EK9,GTI,GB,generation,VEH0124,2023,35,0.1255784775283577,5
HONDA,CIVIC TYPE R,EK9,GTI,GB,generation,VEH0124,2024,30,0.1496120850001917,5
HONDA,CIVIC TYPE R,EK9,GTI,GB,generation,VEH0124,2025,35,0.060674989791511785,5
HONDA,CIVIC TYPE R,EK9,GTI,NL,generation,RDW,2026,3,,5
HONDA,CIVIC TYPE R,EP3,GTI,GB,generation,VEH0124,2014,14451,,2
HONDA,CIVIC TYPE R,EP3,GTI,GB,generation,VEH0124,2015,13300,,2
HONDA,CIVIC TYPE R,EP3,GTI,GB,generation,VEH0124,2016,12244,,2
HONDA,CIVIC TYPE R,EP3,GTI,GB,generation,VEH0124,2017,10811,0.09672402037717336,2
HONDA,CIVIC TYPE R,EP3,GTI,GB,generation,VEH0124,2018,9507,0.11191314471459829,3
HONDA,CIVIC TYPE R,EP3,GTI,GB,generation,VEH0124,2019,8446,0.12386580304539645,3
HONDA,CIVIC TYPE R,EP3,GTI,GB,generation,VEH0124,2020,7319,0.12998867848996679,3
HONDA,CIVIC TYPE R,EP3,GTI,GB,generation,VEH0124,2021,6401,0.13181783498784963,3
HONDA,CIVIC TYPE R,EP3,GTI,GB,generation,VEH0124,2022,5759,0.12759993691735852,3
HONDA,CIVIC TYPE R,EP3,GTI,GB,generation,VEH0124,2023,5126,0.11879733857246655,4
HONDA,CIVIC TYPE R,EP3,GTI,GB,generation,VEH0124,2024,4553,0.11352570211355428,4
HONDA,CIVIC TYPE R,EP3,GTI,GB,generation,VEH0124,2025,4128,0.11095826097521962,4
HONDA,CIVIC TYPE R,EP3,GTI,NL,generation,RDW,2026,11,,4
HONDA,CIVIC TYPE R,FN2,GTI,GB,generation,VEH0124,2014,12019,,1
HONDA,CIVIC TYPE R,FN2,GTI,GB,generation,VEH0124,2015,11775,,1
HONDA,CIVIC TYPE R,FN2,GTI,GB,generation,VEH0124,2016,11558,,1
HONDA,CIVIC TYPE R,FN2,GTI,GB,generation,VEH0124,2017,11245,0.022186627150640844,1
HONDA,CIVIC TYPE R,FN2,GTI,GB,generation,VEH0124,2018,10885,0.026198639775820712,1
HONDA,CIVIC TYPE R,FN2,GTI,GB,generation,VEH0124,2019,10450,0.03361496134868582,2
HONDA,CIVIC TYPE R,FN2,GTI,GB,generation,VEH0124,2020,10070,0.036779064904776414,2
HONDA,CIVIC TYPE R,FN2,GTI,GB,generation,VEH0124,2021,9615,0.04134833805678703,2
HONDA,CIVIC TYPE R,FN2,GTI,GB,generation,VEH0124,2022,9136,0.04479003038393135,2
HONDA,CIVIC TYPE R,FN2,GTI,GB,generation,VEH0124,2023,8595,0.052829515798072275,2
HONDA,CIVIC TYPE R,FN2,GTI,GB,generation,VEH0124,2024,7811,0.06922406464224265,3
HONDA,CIVIC TYPE R,FN2,GTI,GB,generation,VEH0124,2025,7164,0.08101973377194761,3
HONDA,CIVIC TYPE R,FN2,GTI,NL,generation,RDW,2026,10,,3
HONDA,CRX,ED9_EE8,COUPE,GB,generation,VEH0124,2014,400,,5
HONDA,CRX,ED9_EE8,COUPE,GB,generation,VEH0124,2015,342,,5
HONDA,CRX,ED9_EE8,COUPE,GB,generation,VEH0124,2016,274,,5
HONDA,CRX,ED9_EE8,COUPE,GB,generation,VEH0124,2017,237,0.17438559901241535,5
HONDA,CRX,ED9_EE8,COUPE,GB,generation,VEH0124,2018,204,0.1721461786278792,5
HONDA,CRX,ED9_EE8,COUPE,GB,generation,VEH0124,2019,188,0.12564804925534592,6
HONDA,CRX,ED9_EE8,COUPE,GB,generation,VEH0124,2020,170,0.11073803664653153,6
HONDA,CRX,ED9_EE8,COUPE,GB,generation,VEH0124,2021,155,0.09153595114867442,6
HONDA,CRX,ED9_EE8,COUPE,GB,generation,VEH0124,2022,137,0.10546754016061162,6
HONDA,CRX,ED9_EE8,COUPE,GB,generation,VEH0124,2023,129,0.0920583547392763,6
HONDA,CRX,ED9_EE8,COUPE,GB,generation,VEH0124,2024,113,0.10529723282765197,7
HONDA,CRX,ED9_EE8,COUPE,GB,generation,VEH0124,2025,109,0.07614252598240598,7
HONDA,CRX,ED9_EE8,COUPE,NL,generation,RDW,2026,576,,7
HONDA,CRX DEL SOL,EG,ROADSTER,NL,generation,RDW,2026,7,,6
HONDA,PRELUDE,BB,COUPE,GB,generation,VEH0124,2014,2553,,3
HONDA,PRELUDE,BB,COUPE,GB,generation,VEH0124,2015,2138,,3
HONDA,PRELUDE,BB,COUPE,GB,generation,VEH0124,2016,1748,,4
HONDA,PRELUDE,BB,COUPE,GB,generation,VEH0124,2017,1468,0.18439886042285605,4
HONDA,PRELUDE,BB,COUPE,GB,generation,VEH0124,2018,1236,0.18260504779180234,4
HONDA,PRELUDE,BB,COUPE,GB,generation,VEH0124,2019,1068,0.16434066395248678,4
HONDA,PRELUDE,BB,COUPE,GB,generation,VEH0124,2020,935,0.15035167728021795,4
HONDA,PRELUDE,BB,COUPE,GB,generation,VEH0124,2021,841,0.12831469317295172,5
HONDA,PRELUDE,BB,COUPE,GB,generation,VEH0124,2022,737,0.12361519296907414,5
HONDA,PRELUDE,BB,COUPE,GB,generation,VEH0124,2023,649,0.12178796351280734,5
HONDA,PRELUDE,BB,COUPE,GB,generation,VEH0124,2024,591,0.11758710373127164,5
HONDA,PRELUDE,BB,COUPE,GB,generation,VEH0124,2025,566,0.0879728910471626,5
HONDA,PRELUDE,BB,COUPE,NL,generation,RDW,2026,473,,6
HONDA,ACCORD TYPE R,CH1,GTI,GB,generation,VEH0124,2014,854,,2
HONDA,ACCORD TYPE R,CH1,GTI,GB,generation,VEH0124,2015,744,,3
HONDA,ACCORD TYPE R,CH1,GTI,GB,generation,VEH0124,2016,613,,3
HONDA,ACCORD TYPE R,CH1,GTI,GB,generation,VEH0124,2017,511,0.17112794199792436,3
HONDA,ACCORD TYPE R,CH1,GTI,GB,generation,VEH0124,2018,397,0.20933514358917374,3
HONDA,ACCORD TYPE R,CH1,GTI,GB,generation,VEH0124,2019,323,0.21371715232294616,3
HONDA,ACCORD TYPE R,CH1,GTI,GB,generation,VEH0124,2020,300,0.17758331093862986,4
HONDA,ACCORD TYPE R,CH1,GTI,GB,generation,VEH0124,2021,256,0.14628579584375376,4
HONDA,ACCORD TYPE R,CH1,GTI,GB,generation,VEH0124,2022,219,0.12954825869011172,4
HONDA,ACCORD TYPE R,CH1,GTI,GB,generation,VEH0124,2023,205,0.12701109953230474,4
HONDA,ACCORD TYPE R,CH1,GTI,GB,generation,VEH0124,2024,168,0.1403192511420381,4
HONDA,ACCORD TYPE R,CH1,GTI,GB,generation,VEH0124,2025,137,0.15628929501202388,5
HONDA,ACCORD TYPE R,CH1,GTI,NL,generation,RDW,2026,2,,5
JAGUAR,XJS,XJS,COUPE,GB,generation,VEH0124,2014,3260,,5
JAGUAR,XJS,XJS,COUPE,GB,generation,VEH0124,2015,3202,,6
JAGUAR,XJS,XJS,COUPE,GB,generation,VEH0124,2016,3069,,6
JAGUAR,XJS,XJS,COUPE,GB,generation,VEH0124,2017,3002,0.027462980732221216,6
JAGUAR,XJS,XJS,COUPE,GB,generation,VEH0124,2018,2768,0.04854478198934777,6
JAGUAR,XJS,XJS,COUPE,GB,generation,VEH0124,2019,2708,0.0417423779631142,6
JAGUAR,XJS,XJS,COUPE,GB,generation,VEH0124,2020,2504,0.06043312703390898,7
JAGUAR,XJS,XJS,COUPE,GB,generation,VEH0124,2021,2528,0.030181514766258428,7
JAGUAR,XJS,XJS,COUPE,GB,generation,VEH0124,2022,2365,0.0451036522911909,7
JAGUAR,XJS,XJS,COUPE,GB,generation,VEH0124,2023,2175,0.04698575622982093,7
JAGUAR,XJS,XJS,COUPE,GB,generation,VEH0124,2024,2080,0.06502402605602177,7
JAGUAR,XJS,XJS,COUPE,GB,generation,VEH0124,2025,2134,0.03424271956428645,8
JAGUAR,XJS,XJS,COUPE,NL,generation,RDW,2026,848,,8
JAGUAR,XK,X100,COUPE,GB,generation,VEH0124,2014,12779,,2
JAGUAR,XK,X100,COUPE,GB,generation,VEH0124,2015,12386,,2
JAGUAR,XK,X100,COUPE,GB,generation,VEH0124,2016,11819,,3
JAGUAR,XK,X100,COUPE,GB,generation,VEH0124,2017,11044,0.048629243620884256,3
JAGUAR,XK,X100,COUPE,GB,generation,VEH0124,2018,10216,0.0642051645000188,3
JAGUAR,XK,X100,COUPE,GB,generation,VEH0124,2019,9663,0.06718073170910845,3
JAGUAR,XK,X100,COUPE,GB,generation,VEH0124,2020,8764,0.07704208720454804,3
JAGUAR,XK,X100,COUPE,GB,generation,VEH0124,2021,8553,0.059175907736803056,4
JAGUAR,XK,X100,COUPE,GB,generation,VEH0124,2022,7935,0.06562958667502851,4
JAGUAR,XK,X100,COUPE,GB,generation,VEH0124,2023,7270,0.0623413804119553,4
JAGUAR,XK,X100,COUPE,GB,generation,VEH0124,2024,6659,0.08341473439578793,4
JAGUAR,XK,X100,COUPE,GB,generation,VEH0124,2025,6301,0.07683097057114374,4
JAGUAR,XK,X100,COUPE,NL,generation,RDW,2026,1265,,5
JAGUAR,XK,X150,COUPE,GB,generation,VEH0124,2014,13438,,0
JAGUAR,XK,X150,COUPE,GB,generation,VEH0124,2015,13323,,1
JAGUAR,XK,X150,COUPE,GB,generation,VEH0124,2016,13035,,1
JAGUAR,XK,X150,COUPE,GB,generation,VEH0124,2017,12761,0.017222841679991496,1
JAGUAR,XK,X150,COUPE,GB,generation,VEH0124,2018,12325,0.025951908168114324,1
JAGUAR,XK,X150,COUPE,GB,generation,VEH0124,2019,12082,0.025324435521069655,1
JAGUAR,XK,X150,COUPE,GB,generation,VEH0124,2020,11517,0.034169583184640764,2
JAGUAR,XK,X150,COUPE,GB,generation,VEH0124,2021,11288,0.029272920039102767,2
JAGUAR,XK,X150,COUPE,GB,generation,VEH0124,2022,10901,0.03426724119632615,2
JAGUAR,XK,X150,COUPE,GB,generation,VEH0124,2023,10434,0.0329407133850405,2
JAGUAR,XK,X150,COUPE,GB,generation,VEH0124,2024,9938,0.04244283406137872,2
JAGUAR,XK,X150,COUPE,GB,generation,VEH0124,2025,9712,0.03847941206643701,3
JAGUAR,XK,X150,COUPE,NL,generation,RDW,2026,457,,3
JAGUAR,XJ,X300_X308,PREMIUM,GB,generation,VEH0124,2014,13736,,3
JAGUAR,XJ,X300_X308,PREMIUM,GB,generation,VEH0124,2015,12162,,3
JAGUAR,XJ,X300_X308,PREMIUM,GB,generation,VEH0124,2016,10702,,3
JAGUAR,XJ,X300_X308,PREMIUM,GB,generation,VEH0124,2017,9219,0.1328923389508877,3
JAGUAR,XJ,X300_X308,PREMIUM,GB,generation,VEH0124,2018,7951,0.14165336154398975,4
JAGUAR,XJ,X300_X308,PREMIUM,GB,generation,VEH0124,2019,6791,0.15171465427389183,4
JAGUAR,XJ,X300_X308,PREMIUM,GB,generation,VEH0124,2020,5861,0.15095129903346996,4
JAGUAR,XJ,X300_X308,PREMIUM,GB,generation,VEH0124,2021,5182,0.14266572468599517,4
JAGUAR,XJ,X300_X308,PREMIUM,GB,generation,VEH0124,2022,4439,0.14168587251384454,4
JAGUAR,XJ,X300_X308,PREMIUM,GB,generation,VEH0124,2023,3826,0.14226416333830402,5
JAGUAR,XJ,X300_X308,PREMIUM,GB,generation,VEH0124,2024,3313,0.14908324518161778,5
JAGUAR,XJ,X300_X308,PREMIUM,GB,generation,VEH0124,2025,2966,0.13436581275279405,5
JAGUAR,XJ,X300_X308,PREMIUM,NL,generation,RDW,2026,732,,5
JAGUAR,S-TYPE R,X200,PREMIUM,GB,generation,VEH0124,2014,998,,1
JAGUAR,S-TYPE R,X200,PREMIUM,GB,generation,VEH0124,2015,944,,2
JAGUAR,S-TYPE R,X200,PREMIUM,GB,generation,VEH0124,2016,908,,2
JAGUAR,S-TYPE R,X200,PREMIUM,GB,generation,VEH0124,2017,828,0.06225390632127504,2
JAGUAR,S-TYPE R,X200,PREMIUM,GB,generation,VEH0124,2018,770,0.06792296303631132,2
JAGUAR,S-TYPE R,X200,PREMIUM,GB,generation,VEH0124,2019,706,0.08393382994494604,2
JAGUAR,S-TYPE R,X200,PREMIUM,GB,generation,VEH0124,2020,650,0.08066020599936874,3
JAGUAR,S-TYPE R,X200,PREMIUM,GB,generation,VEH0124,2021,603,0.08147160357906648,3
JAGUAR,S-TYPE R,X200,PREMIUM,GB,generation,VEH0124,2022,570,0.0712998275591883,3
JAGUAR,S-TYPE R,X200,PREMIUM,GB,generation,VEH0124,2023,530,0.06807838256115886,3
JAGUAR,S-TYPE R,X200,PREMIUM,GB,generation,VEH0124,2024,465,0.08656668696511455,3
JAGUAR,S-TYPE R,X200,PREMIUM,GB,generation,VEH0124,2025,422,0.10015974278901273,4
JAGUAR,S-TYPE R,X200,PREMIUM,NL,generation,RDW,2026,7,,4
JAGUAR,F-TYPE,X152,SPORTIVE,GB,generation,VEH0124,2014,3214,,-1
JAGUAR,F-TYPE,X152,SPORTIVE,GB,generation,VEH0124,2015,5208,,-1
JAGUAR,F-TYPE,X152,SPORTIVE,GB,generation,VEH0124,2016,7309,,0
JAGUAR,F-TYPE,X152,SPORTIVE,GB,generation,VEH0124,2017,9293,-0.3538485881994828,0
JAGUAR,F-TYPE,X152,SPORTIVE,GB,generation,VEH0124,2018,10878,-0.24537478687376948,0
JAGUAR,F-TYPE,X152,SPORTIVE,GB,generation,VEH0124,2019,12331,-0.17445605912808038,0
JAGUAR,F-TYPE,X152,SPORTIVE,GB,generation,VEH0124,2020,12998,-0.11187328608353313,0
JAGUAR,F-TYPE,X152,SPORTIVE,GB,generation,VEH0124,2021,13630,-0.07518042912861529,1
JAGUAR,F-TYPE,X152,SPORTIVE,GB,generation,VEH0124,2022,14530,-0.054689142269192616,1
JAGUAR,F-TYPE,X152,SPORTIVE,GB,generation,VEH0124,2023,14945,-0.04655896663044062,1
JAGUAR,F-TYPE,X152,SPORTIVE,GB,generation,VEH0124,2024,15264,-0.03774789142621449,1
JAGUAR,F-TYPE,X152,SPORTIVE,GB,generation,VEH0124,2025,15088,-0.012550771374613218,1
JAGUAR,F-TYPE,X152,SPORTIVE,NL,generation,RDW,2026,967,,2
LANCIA,DELTA INTEGRALE,831,SPORTIVE,GB,generation,VEH0124,2014,246,,4
LANCIA,DELTA INTEGRALE,831,SPORTIVE,GB,generation,VEH0124,2015,253,,5
LANCIA,DELTA INTEGRALE,831,SPORTIVE,GB,generation,VEH0124,2016,262,,5
LANCIA,DELTA INTEGRALE,831,SPORTIVE,GB,generation,VEH0124,2017,231,0.021017495997365132,5
LANCIA,DELTA INTEGRALE,831,SPORTIVE,GB,generation,VEH0124,2018,228,0.03473689787033938,5
LANCIA,DELTA INTEGRALE,831,SPORTIVE,GB,generation,VEH0124,2019,204,0.08346529885583616,5
LANCIA,DELTA INTEGRALE,831,SPORTIVE,GB,generation,VEH0124,2020,207,0.03660465608379689,6
LANCIA,DELTA INTEGRALE,831,SPORTIVE,GB,generation,VEH0124,2021,210,0.027444780150596173,6
LANCIA,DELTA INTEGRALE,831,SPORTIVE,GB,generation,VEH0124,2022,192,0.020235353426759178,6
LANCIA,DELTA INTEGRALE,831,SPORTIVE,GB,generation,VEH0124,2023,181,0.044771231571080344,6
LANCIA,DELTA INTEGRALE,831,SPORTIVE,GB,generation,VEH0124,2024,192,0.02994494831409211,6
LANCIA,DELTA INTEGRALE,831,SPORTIVE,GB,generation,VEH0124,2025,188,0.00707637913427482,7
LANCIA,DELTA INTEGRALE,831,SPORTIVE,NL,generation,RDW,2026,336,,7
LANCIA,THEMA 8.32,Y9,PREMIUM,GB,generation,VEH0124,2014,6,,5
LANCIA,THEMA 8.32,Y9,PREMIUM,GB,generation,VEH0124,2015,4,,5
LANCIA,THEMA 8.32,Y9,PREMIUM,GB,generation,VEH0124,2016,5,,5
LANCIA,THEMA 8.32,Y9,PREMIUM,GB,generation,VEH0124,2017,4,0.13545097445337498,5
LANCIA,THEMA 8.32,Y9,PREMIUM,GB,generation,VEH0124,2018,3,0.09616307146388266,5
LANCIA,THEMA 8.32,Y9,PREMIUM,GB,generation,VEH0124,2019,4,0.07443212978768503,6
LANCIA,THEMA 8.32,Y9,PREMIUM,GB,generation,VEH0124,2020,2,0.23057559899774138,6
LANCIA,THEMA 8.32,Y9,PREMIUM,GB,generation,VEH0124,2021,5,-0.17102354874659476,6
LANCIA,THEMA 8.32,Y9,PREMIUM,GB,generation,VEH0124,2022,5,-0.07506384375754183,6
LANCIA,THEMA 8.32,Y9,PREMIUM,GB,generation,VEH0124,2023,5,-0.3056394427552832,6
LANCIA,THEMA 8.32,Y9,PREMIUM,GB,generation,VEH0124,2024,6,-0.060649315682142026,7
LANCIA,THEMA 8.32,Y9,PREMIUM,GB,generation,VEH0124,2025,5,0.00016616250871819468,7
LANCIA,THEMA 8.32,Y9,PREMIUM,NL,generation,RDW,2026,65,,7
LEXUS,IS-F,XE20,SPORTIVE,GB,generation,VEH0124,2014,223,,0
LEXUS,IS-F,XE20,SPORTIVE,GB,generation,VEH0124,2015,213,,1
LEXUS,IS-F,XE20,SPORTIVE,GB,generation,VEH0124,2016,208,,1
LEXUS,IS-F,XE20,SPORTIVE,GB,generation,VEH0124,2017,203,0.03132173540748246,1
LEXUS,IS-F,XE20,SPORTIVE,GB,generation,VEH0124,2018,198,0.024336735300992073,1
LEXUS,IS-F,XE20,SPORTIVE,GB,generation,VEH0124,2019,194,0.02324254887034313,1
LEXUS,IS-F,XE20,SPORTIVE,GB,generation,VEH0124,2020,176,0.0475178356443143,2
LEXUS,IS-F,XE20,SPORTIVE,GB,generation,VEH0124,2021,188,0.017198110877384667,2
LEXUS,IS-F,XE20,SPORTIVE,GB,generation,VEH0124,2022,177,0.030501669541996203,2
LEXUS,IS-F,XE20,SPORTIVE,GB,generation,VEH0124,2023,170,0.011569771739795953,2
LEXUS,IS-F,XE20,SPORTIVE,GB,generation,VEH0124,2024,164,0.04552361258702351,2
LEXUS,IS-F,XE20,SPORTIVE,GB,generation,VEH0124,2025,161,0.03157067318169516,3
LEXUS,IS-F,XE20,SPORTIVE,NL,generation,RDW,2026,78,,3
LEXUS,SC430,Z40,ROADSTER,GB,generation,VEH0124,2014,2011,,1
LEXUS,SC430,Z40,ROADSTER,GB,generation,VEH0124,2015,1948,,2
LEXUS,SC430,Z40,ROADSTER,GB,generation,VEH0124,2016,1905,,2
LEXUS,SC430,Z40,ROADSTER,GB,generation,VEH0124,2017,1846,0.028536194571954263,2
LEXUS,SC430,Z40,ROADSTER,GB,generation,VEH0124,2018,1766,0.03269741888434249,2
LEXUS,SC430,Z40,ROADSTER,GB,generation,VEH0124,2019,1733,0.03156427051411669,2
LEXUS,SC430,Z40,ROADSTER,GB,generation,VEH0124,2020,1637,0.040027440899254266,3
LEXUS,SC430,Z40,ROADSTER,GB,generation,VEH0124,2021,1595,0.03391910272073106,3
LEXUS,SC430,Z40,ROADSTER,GB,generation,VEH0124,2022,1558,0.03545605381974245,3
LEXUS,SC430,Z40,ROADSTER,GB,generation,VEH0124,2023,1495,0.030267080536350462,3
LEXUS,SC430,Z40,ROADSTER,GB,generation,VEH0124,2024,1419,0.0389529240464764,3
LEXUS,SC430,Z40,ROADSTER,GB,generation,VEH0124,2025,1372,0.04235928226693054,4
LEXUS,SC430,Z40,ROADSTER,NL,generation,RDW,2026,308,,4
LEXUS,LS400,XF10_XF20,PREMIUM,GB,generation,VEH0124,2014,2653,,3
LEXUS,LS400,XF10_XF20,PREMIUM,GB,generation,VEH0124,2015,2378,,4
LEXUS,LS400,XF10_XF20,PREMIUM,GB,generation,VEH0124,2016,2120,,4
LEXUS,LS400,XF10_XF20,PREMIUM,GB,generation,VEH0124,2017,1833,0.12322545178195715,4
LEXUS,LS400,XF10_XF20,PREMIUM,GB,generation,VEH0124,2018,1609,0.13020016703447101,4
LEXUS,LS400,XF10_XF20,PREMIUM,GB,generation,VEH0124,2019,1388,0.14128077695470073,4
LEXUS,LS400,XF10_XF20,PREMIUM,GB,generation,VEH0124,2020,1231,0.13269053894720328,5
LEXUS,LS400,XF10_XF20,PREMIUM,GB,generation,VEH0124,2021,1089,0.13009739817380045,5
LEXUS,LS400,XF10_XF20,PREMIUM,GB,generation,VEH0124,2022,983,0.11497271151003209,5
LEXUS,LS400,XF10_XF20,PREMIUM,GB,generation,VEH0124,2023,848,0.12431892179532343,5
LEXUS,LS400,XF10_XF20,PREMIUM,GB,generation,VEH0124,2024,752,0.12340130887132694,5
LEXUS,LS400,XF10_XF20,PREMIUM,GB,generation,VEH0124,2025,686,0.11988313195652178,6
LEXUS,LS400,XF10_XF20,PREMIUM,NL,generation,RDW,2026,143,,6
LOTUS,ELISE,S1,SPORTIVE,GB,generation,VEH0124,2014,2061,,3
LOTUS,ELISE,S1,SPORTIVE,GB,generation,VEH0124,2015,2055,,3
LOTUS,ELISE,S1,SPORTIVE,GB,generation,VEH0124,2016,1905,,3
LOTUS,ELISE,S1,SPORTIVE,GB,generation,VEH0124,2017,1743,0.0558303632602079,3
LOTUS,ELISE,S1,SPORTIVE,GB,generation,VEH0124,2018,1654,0.07234023564406993,4
LOTUS,ELISE,S1,SPORTIVE,GB,generation,VEH0124,2019,1606,0.056950778368043915,4
LOTUS,ELISE,S1,SPORTIVE,GB,generation,VEH0124,2020,1438,0.06406138523620217,4
LOTUS,ELISE,S1,SPORTIVE,GB,generation,VEH0124,2021,1439,0.04634714765378848,4
LOTUS,ELISE,S1,SPORTIVE,GB,generation,VEH0124,2022,1380,0.05048829800312043,4
LOTUS,ELISE,S1,SPORTIVE,GB,generation,VEH0124,2023,1245,0.04807214671857798,5
LOTUS,ELISE,S1,SPORTIVE,GB,generation,VEH0124,2024,1194,0.06221762992654648,5
LOTUS,ELISE,S1,SPORTIVE,GB,generation,VEH0124,2025,1191,0.049092244710361804,5
LOTUS,ELISE,S1,SPORTIVE,NL,generation,RDW,2026,243,,5
LOTUS,ELISE,S2,SPORTIVE,GB,generation,VEH0124,2014,2739,,1
LOTUS,ELISE,S2,SPORTIVE,GB,generation,VEH0124,2015,2711,,1
LOTUS,ELISE,S2,SPORTIVE,GB,generation,VEH0124,2016,2558,,2
LOTUS,ELISE,S2,SPORTIVE,GB,generation,VEH0124,2017,2370,0.0482144056904196,2
LOTUS,ELISE,S2,SPORTIVE,GB,generation,VEH0124,2018,2224,0.0659956626289263,2
LOTUS,ELISE,S2,SPORTIVE,GB,generation,VEH0124,2019,2104,0.06517307796776595,2
LOTUS,ELISE,S2,SPORTIVE,GB,generation,VEH0124,2020,1896,0.0743372616745445,2
LOTUS,ELISE,S2,SPORTIVE,GB,generation,VEH0124,2021,1871,0.0575560348114752,3
LOTUS,ELISE,S2,SPORTIVE,GB,generation,VEH0124,2022,1829,0.04662742003911971,3
LOTUS,ELISE,S2,SPORTIVE,GB,generation,VEH0124,2023,1722,0.032108643110884016,3
LOTUS,ELISE,S2,SPORTIVE,GB,generation,VEH0124,2024,1632,0.045537876869674566,3
LOTUS,ELISE,S2,SPORTIVE,GB,generation,VEH0124,2025,1579,0.04897717873856916,3
LOTUS,ELISE,S2,SPORTIVE,NL,generation,RDW,2026,294,,4
LOTUS,EXIGE,S1,SPORTIVE,GB,generation,VEH0124,2014,86,,2
LOTUS,EXIGE,S1,SPORTIVE,GB,generation,VEH0124,2015,77,,3
LOTUS,EXIGE,S1,SPORTIVE,GB,generation,VEH0124,2016,77,,3
LOTUS,EXIGE,S1,SPORTIVE,GB,generation,VEH0124,2017,73,0.054666702353555946,3
LOTUS,EXIGE,S1,SPORTIVE,GB,generation,VEH0124,2018,65,0.056511397262718525,3
LOTUS,EXIGE,S1,SPORTIVE,GB,generation,VEH0124,2019,64,0.061682999209989146,3
LOTUS,EXIGE,S1,SPORTIVE,GB,generation,VEH0124,2020,58,0.07663494331143164,4
LOTUS,EXIGE,S1,SPORTIVE,GB,generation,VEH0124,2021,52,0.0743424143983218,4
LOTUS,EXIGE,S1,SPORTIVE,GB,generation,VEH0124,2022,52,0.06917081245105118,4
LOTUS,EXIGE,S1,SPORTIVE,GB,generation,VEH0124,2023,54,0.02383596949267425,4
LOTUS,EXIGE,S1,SPORTIVE,GB,generation,VEH0124,2024,50,0.013012385520686278,4
LOTUS,EXIGE,S1,SPORTIVE,GB,generation,VEH0124,2025,36,0.12258874210656405,5
LOTUS,EXIGE,S1,SPORTIVE,NL,generation,RDW,2026,5,,5
LOTUS,EXIGE,S2,SPORTIVE,GB,generation,VEH0124,2014,596,,1
LOTUS,EXIGE,S2,SPORTIVE,GB,generation,VEH0124,2015,573,,1
LOTUS,EXIGE,S2,SPORTIVE,GB,generation,VEH0124,2016,531,,1
LOTUS,EXIGE,S2,SPORTIVE,GB,generation,VEH0124,2017,502,0.05718332623189184,2
LOTUS,EXIGE,S2,SPORTIVE,GB,generation,VEH0124,2018,484,0.05623609876485416,2
LOTUS,EXIGE,S2,SPORTIVE,GB,generation,VEH0124,2019,466,0.04355527433262659,2
LOTUS,EXIGE,S2,SPORTIVE,GB,generation,VEH0124,2020,397,0.07812880933588286,2
LOTUS,EXIGE,S2,SPORTIVE,GB,generation,VEH0124,2021,407,0.05765075362714739,2
LOTUS,EXIGE,S2,SPORTIVE,GB,generation,VEH0124,2022,382,0.066154342097922,3
LOTUS,EXIGE,S2,SPORTIVE,GB,generation,VEH0124,2023,368,0.02530176562081669,3
LOTUS,EXIGE,S2,SPORTIVE,GB,generation,VEH0124,2024,350,0.050282086109670304,3
LOTUS,EXIGE,S2,SPORTIVE,GB,generation,VEH0124,2025,350,0.02913675397327209,3
LOTUS,EXIGE,S2,SPORTIVE,NL,generation,RDW,2026,63,,3
LOTUS,ESPRIT,X180_S4,SUPERCAR,GB,generation,VEH0124,2014,528,,3
LOTUS,ESPRIT,X180_S4,SUPERCAR,GB,generation,VEH0124,2015,535,,4
LOTUS,ESPRIT,X180_S4,SUPERCAR,GB,generation,VEH0124,2016,500,,4
LOTUS,ESPRIT,X180_S4,SUPERCAR,GB,generation,VEH0124,2017,489,0.025533788437728303,4
LOTUS,ESPRIT,X180_S4,SUPERCAR,GB,generation,VEH0124,2018,468,0.04456836914716287,4
LOTUS,ESPRIT,X180_S4,SUPERCAR,GB,generation,VEH0124,2019,436,0.045686555767553115,4
LOTUS,ESPRIT,X180_S4,SUPERCAR,GB,generation,VEH0124,2020,420,0.05070324663775827,5
LOTUS,ESPRIT,X180_S4,SUPERCAR,GB,generation,VEH0124,2021,380,0.06944583023699231,5
LOTUS,ESPRIT,X180_S4,SUPERCAR,GB,generation,VEH0124,2022,393,0.034600509342201574,5
LOTUS,ESPRIT,X180_S4,SUPERCAR,GB,generation,VEH0124,2023,365,0.046817830957141926,5
LOTUS,ESPRIT,X180_S4,SUPERCAR,GB,generation,VEH0124,2024,352,0.02549778201542181,5
LOTUS,ESPRIT,X180_S4,SUPERCAR,GB,generation,VEH0124,2025,358,0.031080452593923242,6
LOTUS,ESPRIT,X180_S4,SUPERCAR,NL,generation,RDW,2026,36,,6
LOTUS,EVORA,122,SPORTIVE,GB,generation,VEH0124,2014,479,,-1
LOTUS,EVORA,122,SPORTIVE,GB,generation,VEH0124,2015,550,,0
LOTUS,EVORA,122,SPORTIVE,GB,generation,VEH0124,2016,616,,0
LOTUS,EVORA,122,SPORTIVE,GB,generation,VEH0124,2017,646,-0.09966463844553804,0
LOTUS,EVORA,122,SPORTIVE,GB,generation,VEH0124,2018,695,-0.07794799453507832,0
LOTUS,EVORA,122,SPORTIVE,GB,generation,VEH0124,2019,706,-0.04548722562903073,0
LOTUS,EVORA,122,SPORTIVE,GB,generation,VEH0124,2020,678,-0.016163847659416246,1
LOTUS,EVORA,122,SPORTIVE,GB,generation,VEH0124,2021,702,-0.003379688813985239,1
LOTUS,EVORA,122,SPORTIVE,GB,generation,VEH0124,2022,667,0.018917823013971203,1
LOTUS,EVORA,122,SPORTIVE,GB,generation,VEH0124,2023,634,0.02238143042194768,1
LOTUS,EVORA,122,SPORTIVE,GB,generation,VEH0124,2024,609,0.0473674934178922,1
LOTUS,EVORA,122,SPORTIVE,GB,generation,VEH0124,2025,599,0.03583070074175168,2
LOTUS,EVORA,122,SPORTIVE,NL,generation,RDW,2026,83,,2
MASERATI,3200 GT,338,COUPE,GB,generation,VEH0124,2014,416,,2
MASERATI,3200 GT,338,COUPE,GB,generation,VEH0124,2015,392,,3
MASERATI,3200 GT,338,COUPE,GB,generation,VEH0124,2016,358,,3
MASERATI,3200 GT,338,COUPE,GB,generation,VEH0124,2017,334,0.07314885907952347,3
MASERATI,3200 GT,338,COUPE,GB,generation,VEH0124,2018,289,0.101598626682002,3
MASERATI,3200 GT,338,COUPE,GB,generation,VEH0124,2019,276,0.08677009778965016,3
MASERATI,3200 GT,338,COUPE,GB,generation,VEH0124,2020,244,0.10461696190125704,4
MASERATI,3200 GT,338,COUPE,GB,generation,VEH0124,2021,223,0.08636518556414252,4
MASERATI,3200 GT,338,COUPE,GB,generation,VEH0124,2022,210,0.09104786346494255,4
MASERATI,3200 GT,338,COUPE,GB,generation,VEH0124,2023,183,0.09595970498905292,4
MASERATI,3200 GT,338,COUPE,GB,generation,VEH0124,2024,168,0.09438931427003232,4
MASERATI,3200 GT,338,COUPE,GB,generation,VEH0124,2025,161,0.08855044233871913,5
MASERATI,3200 GT,338,COUPE,NL,generation,RDW,2026,165,,5
MASERATI,4200,M138,COUPE,GB,generation,VEH0124,2014,1033,,2
MASERATI,4200,M138,COUPE,GB,generation,VEH0124,2015,1002,,2
MASERATI,4200,M138,COUPE,GB,generation,VEH0124,2016,963,,2
MASERATI,4200,M138,COUPE,GB,generation,VEH0124,2017,898,0.046679927745127935,2
MASERATI,4200,M138,COUPE,GB,generation,VEH0124,2018,841,0.05839101716711698,2
MASERATI,4200,M138,COUPE,GB,generation,VEH0124,2019,771,0.07417244768516845,3
MASERATI,4200,M138,COUPE,GB,generation,VEH0124,2020,708,0.07921857774135087,3
MASERATI,4200,M138,COUPE,GB,generation,VEH0124,2021,681,0.07031360902743548,3
MASERATI,4200,M138,COUPE,GB,generation,VEH0124,2022,667,0.04825483522772266,3
MASERATI,4200,M138,COUPE,GB,generation,VEH0124,2023,607,0.05134024135812723,3
MASERATI,4200,M138,COUPE,GB,generation,VEH0124,2024,549,0.07177895160739718,4
MASERATI,4200,M138,COUPE,GB,generation,VEH0124,2025,508,0.09074017442281967,4
MASERATI,4200,M138,COUPE,NL,generation,RDW,2026,271,,4
MASERATI,GRANTURISMO,M145,COUPE,GB,generation,VEH0124,2014,2075,,0
MASERATI,GRANTURISMO,M145,COUPE,GB,generation,VEH0124,2015,2202,,0
MASERATI,GRANTURISMO,M145,COUPE,GB,generation,VEH0124,2016,2301,,0
MASERATI,GRANTURISMO,M145,COUPE,GB,generation,VEH0124,2017,2336,-0.03947994035786897,0
MASERATI,GRANTURISMO,M145,COUPE,GB,generation,VEH0124,2018,2419,-0.03131077621777882,1
MASERATI,GRANTURISMO,M145,COUPE,GB,generation,VEH0124,2019,2425,-0.017507887941601425,1
MASERATI,GRANTURISMO,M145,COUPE,GB,generation,VEH0124,2020,2362,-0.0037160678584413826,1
MASERATI,GRANTURISMO,M145,COUPE,GB,generation,VEH0124,2021,2313,0.014922523291180496,1
MASERATI,GRANTURISMO,M145,COUPE,GB,generation,VEH0124,2022,2227,0.0283875021454619,1
MASERATI,GRANTURISMO,M145,COUPE,GB,generation,VEH0124,2023,2158,0.030129572881783473,2
MASERATI,GRANTURISMO,M145,COUPE,GB,generation,VEH0124,2024,2085,0.034584506263330504,2
MASERATI,GRANTURISMO,M145,COUPE,GB,generation,VEH0124,2025,2067,0.024838028355131426,2
MASERATI,GRANTURISMO,M145,COUPE,NL,generation,RDW,2026,476,,2
MASERATI,QUATTROPORTE,M139,PREMIUM,GB,generation,VEH0124,2014,919,,1
MASERATI,QUATTROPORTE,M139,PREMIUM,GB,generation,VEH0124,2015,906,,1
MASERATI,QUATTROPORTE,M139,PREMIUM,GB,generation,VEH0124,2016,878,,1
MASERATI,QUATTROPORTE,M139,PREMIUM,GB,generation,VEH0124,2017,849,0.026398456627502943,2
MASERATI,QUATTROPORTE,M139,PREMIUM,GB,generation,VEH0124,2018,818,0.03405370749311959,2
MASERATI,QUATTROPORTE,M139,PREMIUM,GB,generation,VEH0124,2019,763,0.04682823963340508,2
MASERATI,QUATTROPORTE,M139,PREMIUM,GB,generation,VEH0124,2020,688,0.07004382427283147,2
MASERATI,QUATTROPORTE,M139,PREMIUM,GB,generation,VEH0124,2021,670,0.06647947655635815,2
MASERATI,QUATTROPORTE,M139,PREMIUM,GB,generation,VEH0124,2022,627,0.06538768474352324,3
MASERATI,QUATTROPORTE,M139,PREMIUM,GB,generation,VEH0124,2023,565,0.06569933767480916,3
MASERATI,QUATTROPORTE,M139,PREMIUM,GB,generation,VEH0124,2024,511,0.09027300578860964,3
MASERATI,QUATTROPORTE,M139,PREMIUM,GB,generation,VEH0124,2025,461,0.10249482965612199,3
MASERATI,QUATTROPORTE,M139,PREMIUM,NL,generation,RDW,2026,613,,3
MASERATI,GHIBLI,II,COUPE,GB,generation,VEH0124,2014,32,,3
MASERATI,GHIBLI,II,COUPE,GB,generation,VEH0124,2015,28,,4
MASERATI,GHIBLI,II,COUPE,GB,generation,VEH0124,2016,27,,4
MASERATI,GHIBLI,II,COUPE,GB,generation,VEH0124,2017,29,0.032802688104776774,4
MASERATI,GHIBLI,II,COUPE,GB,generation,VEH0124,2018,26,0.024686432610810022,4
MASERATI,GHIBLI,II,COUPE,GB,generation,VEH0124,2019,25,0.025671251392667543,4
MASERATI,GHIBLI,II,COUPE,GB,generation,VEH0124,2020,18,0.1587841885187993,5
MASERATI,GHIBLI,II,COUPE,GB,generation,VEH0124,2021,23,0.0405960431427617,5
MASERATI,GHIBLI,II,COUPE,GB,generation,VEH0124,2022,22,0.0423409205854657,5
MASERATI,GHIBLI,II,COUPE,GB,generation,VEH0124,2023,16,0.03928790298949227,5
MASERATI,GHIBLI,II,COUPE,GB,generation,VEH0124,2024,18,0.08187079403974849,5
MASERATI,GHIBLI,II,COUPE,GB,generation,VEH0124,2025,13,0.17559182187513736,6
MASERATI,GHIBLI,II,COUPE,NL,generation,RDW,2026,45,,6
MAZDA,MX-5,NA,ROADSTER,GB,generation,VEH0124,2014,14159,,4
MAZDA,MX-5,NA,ROADSTER,GB,generation,VEH0124,2015,13057,,4
MAZDA,MX-5,NA,ROADSTER,GB,generation,VEH0124,2016,11854,,4
MAZDA,MX-5,NA,ROADSTER,GB,generation,VEH0124,2017,10708,0.09309546802438284,4
MAZDA,MX-5,NA,ROADSTER,GB,generation,VEH0124,2018,9552,0.10417454895230173,5
MAZDA,MX-5,NA,ROADSTER,GB,generation,VEH0124,2019,8678,0.10402929616909594,5
MAZDA,MX-5,NA,ROADSTER,GB,generation,VEH0124,2020,7873,0.1024988074932905,5
MAZDA,MX-5,NA,ROADSTER,GB,generation,VEH0124,2021,7550,0.07836597344646362,5
MAZDA,MX-5,NA,ROADSTER,GB,generation,VEH0124,2022,6960,0.07349884862792411,5
MAZDA,MX-5,NA,ROADSTER,GB,generation,VEH0124,2023,6376,0.0703475645218634,6
MAZDA,MX-5,NA,ROADSTER,GB,generation,VEH0124,2024,5976,0.07792636934489343,6
MAZDA,MX-5,NA,ROADSTER,GB,generation,VEH0124,2025,5599,0.07252111916916625,6
MAZDA,MX-5,NA,ROADSTER,NL,generation,RDW,2026,3223,,6
MAZDA,MX-5,NB,ROADSTER,GB,generation,VEH0124,2014,39203,,2
MAZDA,MX-5,NB,ROADSTER,GB,generation,VEH0124,2015,37391,,2
MAZDA,MX-5,NB,ROADSTER,GB,generation,VEH0124,2016,35025,,3
MAZDA,MX-5,NB,ROADSTER,GB,generation,VEH0124,2017,32113,0.06648341907752033,3
MAZDA,MX-5,NB,ROADSTER,GB,generation,VEH0124,2018,29054,0.08408931111884839,3
MAZDA,MX-5,NB,ROADSTER,GB,generation,VEH0124,2019,25951,0.10001910858485145,3
MAZDA,MX-5,NB,ROADSTER,GB,generation,VEH0124,2020,22852,0.11336920652237455,3
MAZDA,MX-5,NB,ROADSTER,GB,generation,VEH0124,2021,21030,0.10769328357241559,4
MAZDA,MX-5,NB,ROADSTER,GB,generation,VEH0124,2022,18757,0.10817259521021994,4
MAZDA,MX-5,NB,ROADSTER,GB,generation,VEH0124,2023,16337,0.11194534468513055,4
MAZDA,MX-5,NB,ROADSTER,GB,generation,VEH0124,2024,14406,0.12607346626502672,4
MAZDA,MX-5,NB,ROADSTER,GB,generation,VEH0124,2025,12869,0.12555327498658092,4
MAZDA,MX-5,NB,ROADSTER,NL,generation,RDW,2026,3944,,5
MAZDA,MX-5,NC,ROADSTER,GB,generation,VEH0124,2014,43946,,0
MAZDA,MX-5,NC,ROADSTER,GB,generation,VEH0124,2015,46108,,1
MAZDA,MX-5,NC,ROADSTER,GB,generation,VEH0124,2016,45802,,1
MAZDA,MX-5,NC,ROADSTER,GB,generation,VEH0124,2017,45015,-0.008022942501120598,1
MAZDA,MX-5,NC,ROADSTER,GB,generation,VEH0124,2018,44205,0.014053076365741872,1
MAZDA,MX-5,NC,ROADSTER,GB,generation,VEH0124,2019,43499,0.017208381483308544,1
MAZDA,MX-5,NC,ROADSTER,GB,generation,VEH0124,2020,42310,0.02064632503696828,2
MAZDA,MX-5,NC,ROADSTER,GB,generation,VEH0124,2021,41375,0.022043537487462805,2
MAZDA,MX-5,NC,ROADSTER,GB,generation,VEH0124,2022,40864,0.0208184984319211,2
MAZDA,MX-5,NC,ROADSTER,GB,generation,VEH0124,2023,39469,0.023185173078148543,2
MAZDA,MX-5,NC,ROADSTER,GB,generation,VEH0124,2024,38166,0.026898425679366927,2
MAZDA,MX-5,NC,ROADSTER,GB,generation,VEH0124,2025,37068,0.03249013611429758,3
MAZDA,MX-5,NC,ROADSTER,NL,generation,RDW,2026,4154,,3
MAZDA,RX-7,FD,SPORTIVE,GB,generation,VEH0124,2014,478,,3
MAZDA,RX-7,FD,SPORTIVE,GB,generation,VEH0124,2015,471,,3
MAZDA,RX-7,FD,SPORTIVE,GB,generation,VEH0124,2016,482,,3
MAZDA,RX-7,FD,SPORTIVE,GB,generation,VEH0124,2017,452,0.018676659882555194,4
MAZDA,RX-7,FD,SPORTIVE,GB,generation,VEH0124,2018,439,0.023489997193065073,4
MAZDA,RX-7,FD,SPORTIVE,GB,generation,VEH0124,2019,416,0.049119905339319904,4
MAZDA,RX-7,FD,SPORTIVE,GB,generation,VEH0124,2020,373,0.0639790092673907,4
MAZDA,RX-7,FD,SPORTIVE,GB,generation,VEH0124,2021,362,0.06422966118293821,4
MAZDA,RX-7,FD,SPORTIVE,GB,generation,VEH0124,2022,324,0.08327154238013901,5
MAZDA,RX-7,FD,SPORTIVE,GB,generation,VEH0124,2023,311,0.060636672695377695,5
MAZDA,RX-7,FD,SPORTIVE,GB,generation,VEH0124,2024,318,0.0432474828017208,5
MAZDA,RX-7,FD,SPORTIVE,GB,generation,VEH0124,2025,310,0.01475410990671607,5
MAZDA,RX-7,FD,SPORTIVE,NL,generation,RDW,2026,98,,5
MAZDA,RX-8,SE3P,COUPE,GB,generation,VEH0124,2014,15370,,1
MAZDA,RX-8,SE3P,COUPE,GB,generation,VEH0124,2015,13080,,1
MAZDA,RX-8,SE3P,COUPE,GB,generation,VEH0124,2016,10825,,1
MAZDA,RX-8,SE3P,COUPE,GB,generation,VEH0124,2017,8526,0.19639450073674733,2
MAZDA,RX-8,SE3P,COUPE,GB,generation,VEH0124,2018,6633,0.22632495911171882,2
MAZDA,RX-8,SE3P,COUPE,GB,generation,VEH0124,2019,5079,0.25242073326563,2
MAZDA,RX-8,SE3P,COUPE,GB,generation,VEH0124,2020,4084,0.245317139494019,2
MAZDA,RX-8,SE3P,COUPE,GB,generation,VEH0124,2021,3546,0.2086899244819237,2
MAZDA,RX-8,SE3P,COUPE,GB,generation,VEH0124,2022,3022,0.17298500081930468,3
MAZDA,RX-8,SE3P,COUPE,GB,generation,VEH0124,2023,2597,0.1510100165971372,3
MAZDA,RX-8,SE3P,COUPE,GB,generation,VEH0124,2024,2183,0.16165920229438902,3
MAZDA,RX-8,SE3P,COUPE,GB,generation,VEH0124,2025,1923,0.1506224037373832,3
MAZDA,RX-8,SE3P,COUPE,NL,generation,RDW,2026,510,,3
MAZDA,MX-3,EC,COUPE,GB,generation,VEH0124,2014,999,,4
MAZDA,MX-3,EC,COUPE,GB,generation,VEH0124,2015,759,,4
MAZDA,MX-3,EC,COUPE,GB,generation,VEH0124,2016,602,,4
MAZDA,MX-3,EC,COUPE,GB,generation,VEH0124,2017,473,0.24917929023611465,4
MAZDA,MX-3,EC,COUPE,GB,generation,VEH0124,2018,379,0.23143587291437204,4
MAZDA,MX-3,EC,COUPE,GB,generation,VEH0124,2019,296,0.2367947408284784,5
MAZDA,MX-3,EC,COUPE,GB,generation,VEH0124,2020,246,0.21790191633293313,5
MAZDA,MX-3,EC,COUPE,GB,generation,VEH0124,2021,214,0.19048192754046012,5
MAZDA,MX-3,EC,COUPE,GB,generation,VEH0124,2022,194,0.1407615975627042,5
MAZDA,MX-3,EC,COUPE,GB,generation,VEH0124,2023,158,0.14767991569515593,5
MAZDA,MX-3,EC,COUPE,GB,generation,VEH0124,2024,136,0.15107389002625324,6
MAZDA,MX-3,EC,COUPE,GB,generation,VEH0124,2025,119,0.16288648753059698,6
MAZDA,MX-3,EC,COUPE,NL,generation,RDW,2026,217,,6
MERCEDES-BENZ,190E 2.5-16,W201,SPORTIVE,GB,generation,VEH0124,2014,95,,4
MERCEDES-BENZ,190E 2.5-16,W201,SPORTIVE,GB,generation,VEH0124,2015,82,,5
MERCEDES-BENZ,190E 2.5-16,W201,SPORTIVE,GB,generation,VEH0124,2016,80,,5
MERCEDES-BENZ,190E 2.5-16,W201,SPORTIVE,GB,generation,VEH0124,2017,73,0.08784345366636832,5
MERCEDES-BENZ,190E 2.5-16,W201,SPORTIVE,GB,generation,VEH0124,2018,70,0.05275495515229737,5
MERCEDES-BENZ,190E 2.5-16,W201,SPORTIVE,GB,generation,VEH0124,2019,66,0.06416788473925417,5
MERCEDES-BENZ,190E 2.5-16,W201,SPORTIVE,GB,generation,VEH0124,2020,61,0.05983106168814595,6
MERCEDES-BENZ,190E 2.5-16,W201,SPORTIVE,GB,generation,VEH0124,2021,56,0.07436033121085579,6
MERCEDES-BENZ,190E 2.5-16,W201,SPORTIVE,GB,generation,VEH0124,2022,49,0.0992743481265913,6
MERCEDES-BENZ,190E 2.5-16,W201,SPORTIVE,GB,generation,VEH0124,2023,44,0.1089693288590476,6
MERCEDES-BENZ,190E 2.5-16,W201,SPORTIVE,GB,generation,VEH0124,2024,43,0.08808988162135484,6
MERCEDES-BENZ,190E 2.5-16,W201,SPORTIVE,GB,generation,VEH0124,2025,41,0.05943582110739875,7
MERCEDES-BENZ,190E 2.5-16,W201,SPORTIVE,NL,generation,RDW,2026,48,,7
MERCEDES-BENZ,C43 AMG,W202,SPORTIVE,GB,generation,VEH0124,2014,321,,3
MERCEDES-BENZ,C43 AMG,W202,SPORTIVE,GB,generation,VEH0124,2015,305,,3
MERCEDES-BENZ,C43 AMG,W202,SPORTIVE,GB,generation,VEH0124,2016,279,,3
MERCEDES-BENZ,C43 AMG,W202,SPORTIVE,GB,generation,VEH0124,2017,243,0.09277558048426804,4
MERCEDES-BENZ,C43 AMG,W202,SPORTIVE,GB,generation,VEH0124,2018,220,0.10888812574230818,4
MERCEDES-BENZ,C43 AMG,W202,SPORTIVE,GB,generation,VEH0124,2019,194,0.12120083170079732,4
MERCEDES-BENZ,C43 AMG,W202,SPORTIVE,GB,generation,VEH0124,2020,185,0.09092084207958044,4
MERCEDES-BENZ,C43 AMG,W202,SPORTIVE,GB,generation,VEH0124,2021,162,0.10203698161500951,4
MERCEDES-BENZ,C43 AMG,W202,SPORTIVE,GB,generation,VEH0124,2022,168,0.04795428687461525,5
MERCEDES-BENZ,C43 AMG,W202,SPORTIVE,GB,generation,VEH0124,2023,138,0.09776763160382541,5
MERCEDES-BENZ,C43 AMG,W202,SPORTIVE,GB,generation,VEH0124,2024,127,0.08111628468892149,5
MERCEDES-BENZ,C43 AMG,W202,SPORTIVE,GB,generation,VEH0124,2025,145,0.04903465541339441,5
MERCEDES-BENZ,C43 AMG,W202,SPORTIVE,NL,generation,RDW,2026,82,,5
MERCEDES-BENZ,C55 AMG,W203,SPORTIVE,GB,generation,VEH0124,2014,121,,1
MERCEDES-BENZ,C55 AMG,W203,SPORTIVE,GB,generation,VEH0124,2015,125,,2
MERCEDES-BENZ,C55 AMG,W203,SPORTIVE,GB,generation,VEH0124,2016,113,,2
MERCEDES-BENZ,C55 AMG,W203,SPORTIVE,GB,generation,VEH0124,2017,99,0.06684406613184278,2
MERCEDES-BENZ,C55 AMG,W203,SPORTIVE,GB,generation,VEH0124,2018,105,0.05806562150817105,2
MERCEDES-BENZ,C55 AMG,W203,SPORTIVE,GB,generation,VEH0124,2019,105,0.024492587113833036,2
MERCEDES-BENZ,C55 AMG,W203,SPORTIVE,GB,generation,VEH0124,2020,103,-0.013229616111977099,3
MERCEDES-BENZ,C55 AMG,W203,SPORTIVE,GB,generation,VEH0124,2021,100,0.016257000465283496,3
MERCEDES-BENZ,C55 AMG,W203,SPORTIVE,GB,generation,VEH0124,2022,101,0.012937951749192565,3
MERCEDES-BENZ,C55 AMG,W203,SPORTIVE,GB,generation,VEH0124,2023,90,0.04500390946369424,3
MERCEDES-BENZ,C55 AMG,W203,SPORTIVE,GB,generation,VEH0124,2024,81,0.07019243111879482,3
MERCEDES-BENZ,C55 AMG,W203,SPORTIVE,GB,generation,VEH0124,2025,70,0.12219610685368017,4
MERCEDES-BENZ,C55 AMG,W203,SPORTIVE,NL,generation,RDW,2026,82,,4
MERCEDES-BENZ,C63 AMG,W204,SPORTIVE,GB,generation,VEH0124,2014,4629,,0
MERCEDES-BENZ,C63 AMG,W204,SPORTIVE,GB,generation,VEH0124,2015,4458,,0
MERCEDES-BENZ,C63 AMG,W204,SPORTIVE,GB,generation,VEH0124,2016,4386,,1
MERCEDES-BENZ,C63 AMG,W204,SPORTIVE,GB,generation,VEH0124,2017,4253,0.028243250731750342,1
MERCEDES-BENZ,C63 AMG,W204,SPORTIVE,GB,generation,VEH0124,2018,4167,0.02250186655035791,1
MERCEDES-BENZ,C63 AMG,W204,SPORTIVE,GB,generation,VEH0124,2019,4068,0.02510590799395195,1
MERCEDES-BENZ,C63 AMG,W204,SPORTIVE,GB,generation,VEH0124,2020,3929,0.026399631281239455,1
MERCEDES-BENZ,C63 AMG,W204,SPORTIVE,GB,generation,VEH0124,2021,3802,0.030545613277559197,2
MERCEDES-BENZ,C63 AMG,W204,SPORTIVE,GB,generation,VEH0124,2022,3565,0.04399425702118215,2
MERCEDES-BENZ,C63 AMG,W204,SPORTIVE,GB,generation,VEH0124,2023,3428,0.04550045664552387,2
MERCEDES-BENZ,C63 AMG,W204,SPORTIVE,GB,generation,VEH0124,2024,3306,0.04659497043071478,2
MERCEDES-BENZ,C63 AMG,W204,SPORTIVE,GB,generation,VEH0124,2025,3206,0.035371206520164795,2
MERCEDES-BENZ,C63 AMG,W204,SPORTIVE,NL,generation,RDW,2026,317,,3
MERCEDES-BENZ,E55 AMG,W210,SPORTIVE,GB,generation,VEH0124,2014,272,,3
MERCEDES-BENZ,E55 AMG,W210,SPORTIVE,GB,generation,VEH0124,2015,237,,3
MERCEDES-BENZ,E55 AMG,W210,SPORTIVE,GB,generation,VEH0124,2016,236,,3
MERCEDES-BENZ,E55 AMG,W210,SPORTIVE,GB,generation,VEH0124,2017,203,0.09759497826311787,3
MERCEDES-BENZ,E55 AMG,W210,SPORTIVE,GB,generation,VEH0124,2018,200,0.0566158253392239,3
MERCEDES-BENZ,E55 AMG,W210,SPORTIVE,GB,generation,VEH0124,2019,190,0.07231874377076407,4
MERCEDES-BENZ,E55 AMG,W210,SPORTIVE,GB,generation,VEH0124,2020,181,0.038218279063865476,4
MERCEDES-BENZ,E55 AMG,W210,SPORTIVE,GB,generation,VEH0124,2021,160,0.07438790366874704,4
MERCEDES-BENZ,E55 AMG,W210,SPORTIVE,GB,generation,VEH0124,2022,150,0.0788060032764595,4
MERCEDES-BENZ,E55 AMG,W210,SPORTIVE,GB,generation,VEH0124,2023,117,0.1455406493013356,4
MERCEDES-BENZ,E55 AMG,W210,SPORTIVE,GB,generation,VEH0124,2024,103,0.1467993509355159,5
MERCEDES-BENZ,E55 AMG,W210,SPORTIVE,GB,generation,VEH0124,2025,90,0.17027568519784228,5
MERCEDES-BENZ,E55 AMG,W210,SPORTIVE,NL,generation,RDW,2026,99,,5
MERCEDES-BENZ,E55 AMG,W211,SPORTIVE,GB,generation,VEH0124,2014,479,,2
MERCEDES-BENZ,E55 AMG,W211,SPORTIVE,GB,generation,VEH0124,2015,481,,2
MERCEDES-BENZ,E55 AMG,W211,SPORTIVE,GB,generation,VEH0124,2016,458,,2
MERCEDES-BENZ,E55 AMG,W211,SPORTIVE,GB,generation,VEH0124,2017,431,0.035176954898507105,2
MERCEDES-BENZ,E55 AMG,W211,SPORTIVE,GB,generation,VEH0124,2018,404,0.058145971279215856,2
MERCEDES-BENZ,E55 AMG,W211,SPORTIVE,GB,generation,VEH0124,2019,399,0.046000741533044266,3
MERCEDES-BENZ,E55 AMG,W211,SPORTIVE,GB,generation,VEH0124,2020,351,0.06837068424670985,3
MERCEDES-BENZ,E55 AMG,W211,SPORTIVE,GB,generation,VEH0124,2021,331,0.06636085390821815,3
MERCEDES-BENZ,E55 AMG,W211,SPORTIVE,GB,generation,VEH0124,2022,329,0.06422844886998313,3
MERCEDES-BENZ,E55 AMG,W211,SPORTIVE,GB,generation,VEH0124,2023,313,0.03822050481837121,3
MERCEDES-BENZ,E55 AMG,W211,SPORTIVE,GB,generation,VEH0124,2024,269,0.06904495326940731,4
MERCEDES-BENZ,E55 AMG,W211,SPORTIVE,GB,generation,VEH0124,2025,250,0.09145690579083765,4
MERCEDES-BENZ,E55 AMG,W211,SPORTIVE,NL,generation,RDW,2026,216,,4
MERCEDES-BENZ,E63 AMG,W212,SPORTIVE,GB,generation,VEH0124,2014,931,,0
MERCEDES-BENZ,E63 AMG,W212,SPORTIVE,GB,generation,VEH0124,2015,899,,0
MERCEDES-BENZ,E63 AMG,W212,SPORTIVE,GB,generation,VEH0124,2016,882,,0
MERCEDES-BENZ,E63 AMG,W212,SPORTIVE,GB,generation,VEH0124,2017,823,0.041111777963965056,1
MERCEDES-BENZ,E63 AMG,W212,SPORTIVE,GB,generation,VEH0124,2018,816,0.03229427701599255,1
MERCEDES-BENZ,E63 AMG,W212,SPORTIVE,GB,generation,VEH0124,2019,755,0.051860265336323534,1
MERCEDES-BENZ,E63 AMG,W212,SPORTIVE,GB,generation,VEH0124,2020,741,0.034992096017089844,1
MERCEDES-BENZ,E63 AMG,W212,SPORTIVE,GB,generation,VEH0124,2021,689,0.056412593738548365,1
MERCEDES-BENZ,E63 AMG,W212,SPORTIVE,GB,generation,VEH0124,2022,666,0.04182093788049166,2
MERCEDES-BENZ,E63 AMG,W212,SPORTIVE,GB,generation,VEH0124,2023,643,0.047317687544844965,2
MERCEDES-BENZ,E63 AMG,W212,SPORTIVE,GB,generation,VEH0124,2024,605,0.04331177032345337,2
MERCEDES-BENZ,E63 AMG,W212,SPORTIVE,GB,generation,VEH0124,2025,583,0.04434236613019863,2
MERCEDES-BENZ,E63 AMG,W212,SPORTIVE,NL,generation,RDW,2026,128,,2
MERCEDES-BENZ,SL,R129,ROADSTER,GB,generation,VEH0124,2014,4810,,3
MERCEDES-BENZ,SL,R129,ROADSTER,GB,generation,VEH0124,2015,4641,,4
MERCEDES-BENZ,SL,R129,ROADSTER,GB,generation,VEH0124,2016,4434,,4
MERCEDES-BENZ,SL,R129,ROADSTER,GB,generation,VEH0124,2017,4146,0.04951002247117526,4
MERCEDES-BENZ,SL,R129,ROADSTER,GB,generation,VEH0124,2018,3949,0.05381777358293279,4
MERCEDES-BENZ,SL,R129,ROADSTER,GB,generation,VEH0124,2019,3739,0.0568668950013577,4
MERCEDES-BENZ,SL,R129,ROADSTER,GB,generation,VEH0124,2020,3435,0.06267469545086256,5
MERCEDES-BENZ,SL,R129,ROADSTER,GB,generation,VEH0124,2021,3358,0.053998668804229634,5
MERCEDES-BENZ,SL,R129,ROADSTER,GB,generation,VEH0124,2022,3196,0.05226459671049603,5
MERCEDES-BENZ,SL,R129,ROADSTER,GB,generation,VEH0124,2023,2891,0.05751085157926752,5
MERCEDES-BENZ,SL,R129,ROADSTER,GB,generation,VEH0124,2024,2721,0.07010815871210963,5
MERCEDES-BENZ,SL,R129,ROADSTER,GB,generation,VEH0124,2025,2675,0.05930227872429164,6
MERCEDES-BENZ,SL,R129,ROADSTER,NL,generation,RDW,2026,807,,6
MERCEDES-BENZ,SL,R230,ROADSTER,GB,generation,VEH0124,2014,11145,,1
MERCEDES-BENZ,SL,R230,ROADSTER,GB,generation,VEH0124,2015,10772,,1
MERCEDES-BENZ,SL,R230,ROADSTER,GB,generation,VEH0124,2016,10418,,2
MERCEDES-BENZ,SL,R230,ROADSTER,GB,generation,VEH0124,2017,10010,0.03579619297051597,2
MERCEDES-BENZ,SL,R230,ROADSTER,GB,generation,VEH0124,2018,9538,0.040552775861608076,2
MERCEDES-BENZ,SL,R230,ROADSTER,GB,generation,VEH0124,2019,9162,0.04285285913634588,2
MERCEDES-BENZ,SL,R230,ROADSTER,GB,generation,VEH0124,2020,8650,0.04865602137165916,2
MERCEDES-BENZ,SL,R230,ROADSTER,GB,generation,VEH0124,2021,8352,0.04423883675770234,3
MERCEDES-BENZ,SL,R230,ROADSTER,GB,generation,VEH0124,2022,7997,0.045311315956056246,3
MERCEDES-BENZ,SL,R230,ROADSTER,GB,generation,VEH0124,2023,7391,0.05246800477238726,3
MERCEDES-BENZ,SL,R230,ROADSTER,GB,generation,VEH0124,2024,6697,0.07357434491899285,3
MERCEDES-BENZ,SL,R230,ROADSTER,GB,generation,VEH0124,2025,6437,0.07229430613583014,3
MERCEDES-BENZ,SL,R230,ROADSTER,NL,generation,RDW,2026,1852,,4
MERCEDES-BENZ,SLK,R170,ROADSTER,GB,generation,VEH0124,2014,19657,,2
MERCEDES-BENZ,SLK,R170,ROADSTER,GB,generation,VEH0124,2015,18904,,3
MERCEDES-BENZ,SLK,R170,ROADSTER,GB,generation,VEH0124,2016,18008,,3
MERCEDES-BENZ,SLK,R170,ROADSTER,GB,generation,VEH0124,2017,16680,0.054734277389152104,3
MERCEDES-BENZ,SLK,R170,ROADSTER,GB,generation,VEH0124,2018,15543,0.06525482876037648,3
MERCEDES-BENZ,SLK,R170,ROADSTER,GB,generation,VEH0124,2019,14182,0.07966871316980759,3
MERCEDES-BENZ,SLK,R170,ROADSTER,GB,generation,VEH0124,2020,12760,0.08926324242533819,4
MERCEDES-BENZ,SLK,R170,ROADSTER,GB,generation,VEH0124,2021,11645,0.09621411809060783,4
MERCEDES-BENZ,SLK,R170,ROADSTER,GB,generation,VEH0124,2022,10452,0.10170011773904873,4
MERCEDES-BENZ,SLK,R170,ROADSTER,GB,generation,VEH0124,2023,8973,0.11744545690106302,4
MERCEDES-BENZ,SLK,R170,ROADSTER,GB,generation,VEH0124,2024,7672,0.13905236954387426,4
MERCEDES-BENZ,SLK,R170,ROADSTER,GB,generation,VEH0124,2025,6725,0.1469450572659629,5
MERCEDES-BENZ,SLK,R170,ROADSTER,NL,generation,RDW,2026,4420,,5
MERCEDES-BENZ,SLK,R171,ROADSTER,GB,generation,VEH0124,2014,25777,,1
MERCEDES-BENZ,SLK,R171,ROADSTER,GB,generation,VEH0124,2015,25363,,1
MERCEDES-BENZ,SLK,R171,ROADSTER,GB,generation,VEH0124,2016,25045,,1
MERCEDES-BENZ,SLK,R171,ROADSTER,GB,generation,VEH0124,2017,24594,0.015659263999805387,2
MERCEDES-BENZ,SLK,R171,ROADSTER,GB,generation,VEH0124,2018,23918,0.019555262280311164,2
MERCEDES-BENZ,SLK,R171,ROADSTER,GB,generation,VEH0124,2019,23299,0.02410442044791848,2
MERCEDES-BENZ,SLK,R171,ROADSTER,GB,generation,VEH0124,2020,22386,0.03134062710755777,2
MERCEDES-BENZ,SLK,R171,ROADSTER,GB,generation,VEH0124,2021,21970,0.028300773063166727,2
MERCEDES-BENZ,SLK,R171,ROADSTER,GB,generation,VEH0124,2022,21279,0.030214197116401078,3
MERCEDES-BENZ,SLK,R171,ROADSTER,GB,generation,VEH0124,2023,20284,0.03289030069534658,3
MERCEDES-BENZ,SLK,R171,ROADSTER,GB,generation,VEH0124,2024,19092,0.04677969047929378,3
MERCEDES-BENZ,SLK,R171,ROADSTER,GB,generation,VEH0124,2025,18206,0.051970234397013045,3
MERCEDES-BENZ,SLK,R171,ROADSTER,NL,generation,RDW,2026,3938,,3
MERCEDES-BENZ,CLK,C208,COUPE,GB,generation,VEH0124,2014,20462,,2
MERCEDES-BENZ,CLK,C208,COUPE,GB,generation,VEH0124,2015,18220,,3
MERCEDES-BENZ,CLK,C208,COUPE,GB,generation,VEH0124,2016,15937,,3
MERCEDES-BENZ,CLK,C208,COUPE,GB,generation,VEH0124,2017,13319,0.14310199384647784,3
MERCEDES-BENZ,CLK,C208,COUPE,GB,generation,VEH0124,2018,11119,0.16461225510885824,3
MERCEDES-BENZ,CLK,C208,COUPE,GB,generation,VEH0124,2019,9169,0.18439795379064353,3
MERCEDES-BENZ,CLK,C208,COUPE,GB,generation,VEH0124,2020,7535,0.18982876402688723,4
MERCEDES-BENZ,CLK,C208,COUPE,GB,generation,VEH0124,2021,6123,0.19882506468738523,4
MERCEDES-BENZ,CLK,C208,COUPE,GB,generation,VEH0124,2022,5074,0.19718913951275455,4
MERCEDES-BENZ,CLK,C208,COUPE,GB,generation,VEH0124,2023,4092,0.20364771726211042,4
MERCEDES-BENZ,CLK,C208,COUPE,GB,generation,VEH0124,2024,3271,0.2089245247798571,4
MERCEDES-BENZ,CLK,C208,COUPE,GB,generation,VEH0124,2025,2768,0.20193574104546055,5
MERCEDES-BENZ,CLK,C208,COUPE,NL,generation,RDW,2026,2353,,5
MERCEDES-BENZ,CLK,C209,COUPE,GB,generation,VEH0124,2014,38813,,1
MERCEDES-BENZ,CLK,C209,COUPE,GB,generation,VEH0124,2015,37761,,1
MERCEDES-BENZ,CLK,C209,COUPE,GB,generation,VEH0124,2016,36575,,2
MERCEDES-BENZ,CLK,C209,COUPE,GB,generation,VEH0124,2017,35028,0.03419684295583313,2
MERCEDES-BENZ,CLK,C209,COUPE,GB,generation,VEH0124,2018,33054,0.044379391150376334,2
MERCEDES-BENZ,CLK,C209,COUPE,GB,generation,VEH0124,2019,30850,0.056781597069988775,2
MERCEDES-BENZ,CLK,C209,COUPE,GB,generation,VEH0124,2020,28627,0.06724371873191186,2
MERCEDES-BENZ,CLK,C209,COUPE,GB,generation,VEH0124,2021,26752,0.07049125407727085,3
MERCEDES-BENZ,CLK,C209,COUPE,GB,generation,VEH0124,2022,24522,0.07650627971289181,3
MERCEDES-BENZ,CLK,C209,COUPE,GB,generation,VEH0124,2023,22168,0.08529188607056508,3
MERCEDES-BENZ,CLK,C209,COUPE,GB,generation,VEH0124,2024,19416,0.10678962805579545,3
MERCEDES-BENZ,CLK,C209,COUPE,GB,generation,VEH0124,2025,16983,0.12241567737350799,3
MERCEDES-BENZ,CLK,C209,COUPE,NL,generation,RDW,2026,2488,,4
MERCEDES-BENZ,SLS AMG,C197,SUPERCAR,GB,generation,VEH0124,2014,366,,0
MERCEDES-BENZ,SLS AMG,C197,SUPERCAR,GB,generation,VEH0124,2015,340,,0
MERCEDES-BENZ,SLS AMG,C197,SUPERCAR,GB,generation,VEH0124,2016,312,,0
MERCEDES-BENZ,SLS AMG,C197,SUPERCAR,GB,generation,VEH0124,2017,293,0.07412603950968098,1
MERCEDES-BENZ,SLS AMG,C197,SUPERCAR,GB,generation,VEH0124,2018,269,0.07805323206784685,1
MERCEDES-BENZ,SLS AMG,C197,SUPERCAR,GB,generation,VEH0124,2019,260,0.0608154781908603,1
MERCEDES-BENZ,SLS AMG,C197,SUPERCAR,GB,generation,VEH0124,2020,232,0.07776119605054775,1
MERCEDES-BENZ,SLS AMG,C197,SUPERCAR,GB,generation,VEH0124,2021,240,0.03794635057707301,1
MERCEDES-BENZ,SLS AMG,C197,SUPERCAR,GB,generation,VEH0124,2022,236,0.03220154171306186,2
MERCEDES-BENZ,SLS AMG,C197,SUPERCAR,GB,generation,VEH0124,2023,220,0.017715400635542902,2
MERCEDES-BENZ,SLS AMG,C197,SUPERCAR,GB,generation,VEH0124,2024,200,0.06072861529400292,2
MERCEDES-BENZ,SLS AMG,C197,SUPERCAR,GB,generation,VEH0124,2025,205,0.046885896834010704,2
MERCEDES-BENZ,SLS AMG,C197,SUPERCAR,NL,generation,RDW,2026,19,,2
MERCEDES-BENZ,SLR MCLAREN,C199,SUPERCAR,GB,generation,VEH0124,2014,26,,1
MERCEDES-BENZ,SLR MCLAREN,C199,SUPERCAR,GB,generation,VEH0124,2015,27,,1
MERCEDES-BENZ,SLR MCLAREN,C199,SUPERCAR,GB,generation,VEH0124,2016,23,,2
MERCEDES-BENZ,SLR MCLAREN,C199,SUPERCAR,GB,generation,VEH0124,2017,23,0.040749300516121925,2
MERCEDES-BENZ,SLR MCLAREN,C199,SUPERCAR,GB,generation,VEH0124,2018,17,0.15416733087897472,2
MERCEDES-BENZ,SLR MCLAREN,C199,SUPERCAR,GB,generation,VEH0124,2019,21,0.03034469588095128,2
MERCEDES-BENZ,SLR MCLAREN,C199,SUPERCAR,GB,generation,VEH0124,2020,21,0.03034469588095128,2
MERCEDES-BENZ,SLR MCLAREN,C199,SUPERCAR,GB,generation,VEH0124,2021,20,-0.05421008127768238,3
MERCEDES-BENZ,SLR MCLAREN,C199,SUPERCAR,GB,generation,VEH0124,2022,20,0.016274527363365387,3
MERCEDES-BENZ,SLR MCLAREN,C199,SUPERCAR,GB,generation,VEH0124,2023,14,0.13524760797854532,3
MERCEDES-BENZ,SLR MCLAREN,C199,SUPERCAR,GB,generation,VEH0124,2024,13,0.14362511780019527,3
MERCEDES-BENZ,SLR MCLAREN,C199,SUPERCAR,GB,generation,VEH0124,2025,13,0.14362511780019527,3
MERCEDES-BENZ,SLR MCLAREN,C199,SUPERCAR,NL,generation,RDW,2026,35,,4
MERCEDES-BENZ,CL,C140,COUPE,GB,generation,VEH0124,2014,226,,3
MERCEDES-BENZ,CL,C140,COUPE,GB,generation,VEH0124,2015,191,,4
MERCEDES-BENZ,CL,C140,COUPE,GB,generation,VEH0124,2016,190,,4
MERCEDES-BENZ,CL,C140,COUPE,GB,generation,VEH0124,2017,171,0.09301603276036215,4
MERCEDES-BENZ,CL,C140,COUPE,GB,generation,VEH0124,2018,142,0.09887835452617509,4
MERCEDES-BENZ,CL,C140,COUPE,GB,generation,VEH0124,2019,137,0.10908904949579441,4
MERCEDES-BENZ,CL,C140,COUPE,GB,generation,VEH0124,2020,121,0.11525678661336948,5
MERCEDES-BENZ,CL,C140,COUPE,GB,generation,VEH0124,2021,109,0.08810692503462884,5
MERCEDES-BENZ,CL,C140,COUPE,GB,generation,VEH0124,2022,99,0.10824801096375931,5
MERCEDES-BENZ,CL,C140,COUPE,GB,generation,VEH0124,2023,89,0.10245485181237057,5
MERCEDES-BENZ,CL,C140,COUPE,GB,generation,VEH0124,2024,83,0.09083436461064283,5
MERCEDES-BENZ,CL,C140,COUPE,GB,generation,VEH0124,2025,70,0.11555706426054539,6
MERCEDES-BENZ,CL,C140,COUPE,NL,generation,RDW,2026,36,,6
MERCEDES-BENZ,CL,C215,COUPE,GB,generation,VEH0124,2014,2670,,2
MERCEDES-BENZ,CL,C215,COUPE,GB,generation,VEH0124,2015,2536,,2
MERCEDES-BENZ,CL,C215,COUPE,GB,generation,VEH0124,2016,2329,,2
MERCEDES-BENZ,CL,C215,COUPE,GB,generation,VEH0124,2017,2146,0.07279655337119664,3
MERCEDES-BENZ,CL,C215,COUPE,GB,generation,VEH0124,2018,1950,0.08756860955783523,3
MERCEDES-BENZ,CL,C215,COUPE,GB,generation,VEH0124,2019,1755,0.09438798304821287,3
MERCEDES-BENZ,CL,C215,COUPE,GB,generation,VEH0124,2020,1596,0.09868276760431087,3
MERCEDES-BENZ,CL,C215,COUPE,GB,generation,VEH0124,2021,1504,0.08653979014491801,3
MERCEDES-BENZ,CL,C215,COUPE,GB,generation,VEH0124,2022,1299,0.1002735144273302,4
MERCEDES-BENZ,CL,C215,COUPE,GB,generation,VEH0124,2023,1180,0.10073096677251481,4
MERCEDES-BENZ,CL,C215,COUPE,GB,generation,VEH0124,2024,991,0.13899248298638225,4
MERCEDES-BENZ,CL,C215,COUPE,GB,generation,VEH0124,2025,885,0.127849323070053,4
MERCEDES-BENZ,CL,C215,COUPE,NL,generation,RDW,2026,377,,4
MERCEDES-BENZ,CL,C216,COUPE,GB,generation,VEH0124,2014,1829,,0
MERCEDES-BENZ,CL,C216,COUPE,GB,generation,VEH0124,2015,1771,,1
MERCEDES-BENZ,CL,C216,COUPE,GB,generation,VEH0124,2016,1733,,1
MERCEDES-BENZ,CL,C216,COUPE,GB,generation,VEH0124,2017,1699,0.024573574185806208,1
MERCEDES-BENZ,CL,C216,COUPE,GB,generation,VEH0124,2018,1619,0.02991261435506032,1
MERCEDES-BENZ,CL,C216,COUPE,GB,generation,VEH0124,2019,1590,0.02872632693297737,1
MERCEDES-BENZ,CL,C216,COUPE,GB,generation,VEH0124,2020,1516,0.03797076969643379,2
MERCEDES-BENZ,CL,C216,COUPE,GB,generation,VEH0124,2021,1461,0.034209190521581063,2
MERCEDES-BENZ,CL,C216,COUPE,GB,generation,VEH0124,2022,1386,0.045758620187854426,2
MERCEDES-BENZ,CL,C216,COUPE,GB,generation,VEH0124,2023,1301,0.051015614181464754,2
MERCEDES-BENZ,CL,C216,COUPE,GB,generation,VEH0124,2024,1167,0.07484716127168178,2
MERCEDES-BENZ,CL,C216,COUPE,GB,generation,VEH0124,2025,1130,0.06801564821560534,3
MERCEDES-BENZ,CL,C216,COUPE,NL,generation,RDW,2026,268,,3
MERCEDES-BENZ,S-CLASS,W140,PREMIUM,GB,generation,VEH0124,2014,1506,,4
MERCEDES-BENZ,S-CLASS,W140,PREMIUM,GB,generation,VEH0124,2015,1301,,4
MERCEDES-BENZ,S-CLASS,W140,PREMIUM,GB,generation,VEH0124,2016,1165,,4
MERCEDES-BENZ,S-CLASS,W140,PREMIUM,GB,generation,VEH0124,2017,1020,0.12987316988775546,4
MERCEDES-BENZ,S-CLASS,W140,PREMIUM,GB,generation,VEH0124,2018,886,0.12804426000913496,4
MERCEDES-BENZ,S-CLASS,W140,PREMIUM,GB,generation,VEH0124,2019,749,0.1473466474445323,5
MERCEDES-BENZ,S-CLASS,W140,PREMIUM,GB,generation,VEH0124,2020,654,0.14812804698632465,5
MERCEDES-BENZ,S-CLASS,W140,PREMIUM,GB,generation,VEH0124,2021,585,0.13833952996226703,5
MERCEDES-BENZ,S-CLASS,W140,PREMIUM,GB,generation,VEH0124,2022,507,0.13004147577132127,5
MERCEDES-BENZ,S-CLASS,W140,PREMIUM,GB,generation,VEH0124,2023,418,0.14931083734253392,5
MERCEDES-BENZ,S-CLASS,W140,PREMIUM,GB,generation,VEH0124,2024,362,0.1599677044381523,6
MERCEDES-BENZ,S-CLASS,W140,PREMIUM,GB,generation,VEH0124,2025,338,0.13511651896274998,6
MERCEDES-BENZ,S-CLASS,W140,PREMIUM,NL,generation,RDW,2026,376,,6
MERCEDES-BENZ,S-CLASS,W220,PREMIUM,GB,generation,VEH0124,2014,9765,,2
MERCEDES-BENZ,S-CLASS,W220,PREMIUM,GB,generation,VEH0124,2015,9031,,2
MERCEDES-BENZ,S-CLASS,W220,PREMIUM,GB,generation,VEH0124,2016,8147,,3
MERCEDES-BENZ,S-CLASS,W220,PREMIUM,GB,generation,VEH0124,2017,7119,0.1053240373708183,3
MERCEDES-BENZ,S-CLASS,W220,PREMIUM,GB,generation,VEH0124,2018,6005,0.1360228327276791,3
MERCEDES-BENZ,S-CLASS,W220,PREMIUM,GB,generation,VEH0124,2019,5075,0.15788247679939635,3
MERCEDES-BENZ,S-CLASS,W220,PREMIUM,GB,generation,VEH0124,2020,4261,0.17104565239823968,3
MERCEDES-BENZ,S-CLASS,W220,PREMIUM,GB,generation,VEH0124,2021,3568,0.17348860758000603,4
MERCEDES-BENZ,S-CLASS,W220,PREMIUM,GB,generation,VEH0124,2022,2943,0.18159742938682466,4
MERCEDES-BENZ,S-CLASS,W220,PREMIUM,GB,generation,VEH0124,2023,2360,0.1970823139855377,4
MERCEDES-BENZ,S-CLASS,W220,PREMIUM,GB,generation,VEH0124,2024,1879,0.213693851089119,4
MERCEDES-BENZ,S-CLASS,W220,PREMIUM,GB,generation,VEH0124,2025,1563,0.21087756462127502,4
MERCEDES-BENZ,S-CLASS,W220,PREMIUM,NL,generation,RDW,2026,1502,,5
MERCEDES-BENZ,S-CLASS,W221,PREMIUM,GB,generation,VEH0124,2014,13059,,1
MERCEDES-BENZ,S-CLASS,W221,PREMIUM,GB,generation,VEH0124,2015,12767,,1
MERCEDES-BENZ,S-CLASS,W221,PREMIUM,GB,generation,VEH0124,2016,12327,,1
MERCEDES-BENZ,S-CLASS,W221,PREMIUM,GB,generation,VEH0124,2017,11676,0.037307626953922986,1
MERCEDES-BENZ,S-CLASS,W221,PREMIUM,GB,generation,VEH0124,2018,11039,0.04847765960979661,1
MERCEDES-BENZ,S-CLASS,W221,PREMIUM,GB,generation,VEH0124,2019,10324,0.05914738308166984,2
MERCEDES-BENZ,S-CLASS,W221,PREMIUM,GB,generation,VEH0124,2020,9597,0.06533985374551952,2
MERCEDES-BENZ,S-CLASS,W221,PREMIUM,GB,generation,VEH0124,2021,9123,0.06352222842095502,2
MERCEDES-BENZ,S-CLASS,W221,PREMIUM,GB,generation,VEH0124,2022,8577,0.06177147015062998,2
MERCEDES-BENZ,S-CLASS,W221,PREMIUM,GB,generation,VEH0124,2023,7837,0.06757773496030106,2
MERCEDES-BENZ,S-CLASS,W221,PREMIUM,GB,generation,VEH0124,2024,6894,0.09332952836970743,3
MERCEDES-BENZ,S-CLASS,W221,PREMIUM,GB,generation,VEH0124,2025,6209,0.10765170481751078,3
MERCEDES-BENZ,S-CLASS,W221,PREMIUM,NL,generation,RDW,2026,2116,,3
MG,MGF,MGF,ROADSTER,GB,generation,VEH0124,2014,12890,,3
MG,MGF,MGF,ROADSTER,GB,generation,VEH0124,2015,11360,,3
MG,MGF,MGF,ROADSTER,GB,generation,VEH0124,2016,9878,,3
MG,MGF,MGF,ROADSTER,GB,generation,VEH0124,2017,8407,0.14243255290667686,3
MG,MGF,MGF,ROADSTER,GB,generation,VEH0124,2018,7231,0.15054942503694957,4
MG,MGF,MGF,ROADSTER,GB,generation,VEH0124,2019,6343,0.14775387183580127,4
MG,MGF,MGF,ROADSTER,GB,generation,VEH0124,2020,5521,0.14013807710057166,4
MG,MGF,MGF,ROADSTER,GB,generation,VEH0124,2021,5160,0.11243080278757173,4
MG,MGF,MGF,ROADSTER,GB,generation,VEH0124,2022,4560,0.10995859713039448,4
MG,MGF,MGF,ROADSTER,GB,generation,VEH0124,2023,3909,0.11517130262408272,5
MG,MGF,MGF,ROADSTER,GB,generation,VEH0124,2024,3442,0.13493778047337587,5
MG,MGF,MGF,ROADSTER,GB,generation,VEH0124,2025,3067,0.13218217993094922,5
MG,MGF,MGF,ROADSTER,NL,generation,RDW,2026,1471,,5
MG,TF,TF,ROADSTER,GB,generation,VEH0124,2014,17051,,1
MG,TF,TF,ROADSTER,GB,generation,VEH0124,2015,15674,,1
MG,TF,TF,ROADSTER,GB,generation,VEH0124,2016,14212,,2
MG,TF,TF,ROADSTER,GB,generation,VEH0124,2017,12666,0.09907450721077925,2
MG,TF,TF,ROADSTER,GB,generation,VEH0124,2018,11462,0.1043042392870841,2
MG,TF,TF,ROADSTER,GB,generation,VEH0124,2019,10302,0.107323000929105,2
MG,TF,TF,ROADSTER,GB,generation,VEH0124,2020,9224,0.1056758186863363,2
MG,TF,TF,ROADSTER,GB,generation,VEH0124,2021,8710,0.09148376146512842,3
MG,TF,TF,ROADSTER,GB,generation,VEH0124,2022,8032,0.08292425711332523,3
MG,TF,TF,ROADSTER,GB,generation,VEH0124,2023,7131,0.08584452601597793,3
MG,TF,TF,ROADSTER,GB,generation,VEH0124,2024,6449,0.10015923811197146,3
MG,TF,TF,ROADSTER,GB,generation,VEH0124,2025,5902,0.10269283079246809,3
MG,TF,TF,ROADSTER,NL,generation,RDW,2026,961,,4
MG,RV8,RV8,ROADSTER,GB,generation,VEH0124,2014,352,,4
MG,RV8,RV8,ROADSTER,GB,generation,VEH0124,2015,351,,4
MG,RV8,RV8,ROADSTER,GB,generation,VEH0124,2016,345,,4
MG,RV8,RV8,ROADSTER,GB,generation,VEH0124,2017,345,0.006684458531174973,4
MG,RV8,RV8,ROADSTER,GB,generation,VEH0124,2018,320,0.030827139664263176,5
MG,RV8,RV8,ROADSTER,GB,generation,VEH0124,2019,325,0.019920046095678316,5
MG,RV8,RV8,ROADSTER,GB,generation,VEH0124,2020,299,0.04765696109111381,5
MG,RV8,RV8,ROADSTER,GB,generation,VEH0124,2021,289,0.03391204121974704,5
MG,RV8,RV8,ROADSTER,GB,generation,VEH0124,2022,276,0.0544360921440743,5
MG,RV8,RV8,ROADSTER,GB,generation,VEH0124,2023,266,0.03900912182505276,6
MG,RV8,RV8,ROADSTER,GB,generation,VEH0124,2024,262,0.03270264573341147,6
MG,RV8,RV8,ROADSTER,GB,generation,VEH0124,2025,246,0.0383689058882682,6
MG,RV8,RV8,ROADSTER,NL,generation,RDW,2026,48,,6
MINI,COOPER S,R53,GTI,GB,generation,VEH0124,2014,33605,,2
MINI,COOPER S,R53,GTI,GB,generation,VEH0124,2015,32452,,2
MINI,COOPER S,R53,GTI,GB,generation,VEH0124,2016,31223,,2
MINI,COOPER S,R53,GTI,GB,generation,VEH0124,2017,29309,0.045589452788747376,2
MINI,COOPER S,R53,GTI,GB,generation,VEH0124,2018,27354,0.056970267446455884,2
MINI,COOPER S,R53,GTI,GB,generation,VEH0124,2019,25130,0.07241378158682245,3
MINI,COOPER S,R53,GTI,GB,generation,VEH0124,2020,22989,0.08093389588533073,3
MINI,COOPER S,R53,GTI,GB,generation,VEH0124,2021,21252,0.08411372783992595,3
MINI,COOPER S,R53,GTI,GB,generation,VEH0124,2022,19372,0.08672280203517076,3
MINI,COOPER S,R53,GTI,GB,generation,VEH0124,2023,17221,0.0963613795475825,3
MINI,COOPER S,R53,GTI,GB,generation,VEH0124,2024,15027,0.11548907233642691,4
MINI,COOPER S,R53,GTI,GB,generation,VEH0124,2025,13254,0.12647222500466845,4
MINI,COOPER S,R53,GTI,NL,generation,RDW,2026,3406,,4
MINI,COOPER S,R56,GTI,GB,generation,VEH0124,2014,38888,,1
MINI,COOPER S,R56,GTI,GB,generation,VEH0124,2015,38430,,1
MINI,COOPER S,R56,GTI,GB,generation,VEH0124,2016,37935,,1
MINI,COOPER S,R56,GTI,GB,generation,VEH0124,2017,37438,0.012663356580116344,1
MINI,COOPER S,R56,GTI,GB,generation,VEH0124,2018,36481,0.017349010102366464,1
MINI,COOPER S,R56,GTI,GB,generation,VEH0124,2019,35502,0.02211017888180591,2
MINI,COOPER S,R56,GTI,GB,generation,VEH0124,2020,34652,0.02577249876725175,2
MINI,COOPER S,R56,GTI,GB,generation,VEH0124,2021,33521,0.028203723401631426,2
MINI,COOPER S,R56,GTI,GB,generation,VEH0124,2022,32374,0.030743439210419925,2
MINI,COOPER S,R56,GTI,GB,generation,VEH0124,2023,30666,0.04076153141895214,2
MINI,COOPER S,R56,GTI,GB,generation,VEH0124,2024,28543,0.05355811429807995,3
MINI,COOPER S,R56,GTI,GB,generation,VEH0124,2025,26694,0.0642842641165039,3
MINI,COOPER S,R56,GTI,NL,generation,RDW,2026,6198,,3
MITSUBISHI,LANCER EVOLUTION,V_VI,SPORTIVE,GB,generation,VEH0124,2014,348,,3
MITSUBISHI,LANCER EVOLUTION,V_VI,SPORTIVE,GB,generation,VEH0124,2015,349,,3
MITSUBISHI,LANCER EVOLUTION,V_VI,SPORTIVE,GB,generation,VEH0124,2016,359,,3
MITSUBISHI,LANCER EVOLUTION,V_VI,SPORTIVE,GB,generation,VEH0124,2017,329,0.018753474745717636,3
MITSUBISHI,LANCER EVOLUTION,V_VI,SPORTIVE,GB,generation,VEH0124,2018,318,0.031053830684897647,3
MITSUBISHI,LANCER EVOLUTION,V_VI,SPORTIVE,GB,generation,VEH0124,2019,321,0.037319298787310946,4
MITSUBISHI,LANCER EVOLUTION,V_VI,SPORTIVE,GB,generation,VEH0124,2020,301,0.029610840396962258,4
MITSUBISHI,LANCER EVOLUTION,V_VI,SPORTIVE,GB,generation,VEH0124,2021,299,0.020491372919323812,4
MITSUBISHI,LANCER EVOLUTION,V_VI,SPORTIVE,GB,generation,VEH0124,2022,267,0.06138091206364877,4
MITSUBISHI,LANCER EVOLUTION,V_VI,SPORTIVE,GB,generation,VEH0124,2023,256,0.05401457771996951,4
MITSUBISHI,LANCER EVOLUTION,V_VI,SPORTIVE,GB,generation,VEH0124,2024,230,0.08741704924619849,5
MITSUBISHI,LANCER EVOLUTION,V_VI,SPORTIVE,GB,generation,VEH0124,2025,221,0.06297421651065595,5
MITSUBISHI,LANCER EVOLUTION,V_VI,SPORTIVE,NL,generation,RDW,2026,35,,5
MITSUBISHI,LANCER EVOLUTION,VII_IX,SPORTIVE,GB,generation,VEH0124,2014,1407,,2
MITSUBISHI,LANCER EVOLUTION,VII_IX,SPORTIVE,GB,generation,VEH0124,2015,1344,,2
MITSUBISHI,LANCER EVOLUTION,VII_IX,SPORTIVE,GB,generation,VEH0124,2016,1227,,2
MITSUBISHI,LANCER EVOLUTION,VII_IX,SPORTIVE,GB,generation,VEH0124,2017,1088,0.08568190690082912,2
MITSUBISHI,LANCER EVOLUTION,VII_IX,SPORTIVE,GB,generation,VEH0124,2018,990,0.10188698142182324,2
MITSUBISHI,LANCER EVOLUTION,VII_IX,SPORTIVE,GB,generation,VEH0124,2019,921,0.09568796432731463,3
MITSUBISHI,LANCER EVOLUTION,VII_IX,SPORTIVE,GB,generation,VEH0124,2020,820,0.09422273256829194,3
MITSUBISHI,LANCER EVOLUTION,VII_IX,SPORTIVE,GB,generation,VEH0124,2021,744,0.09518066194787005,3
MITSUBISHI,LANCER EVOLUTION,VII_IX,SPORTIVE,GB,generation,VEH0124,2022,681,0.10059564223663174,3
MITSUBISHI,LANCER EVOLUTION,VII_IX,SPORTIVE,GB,generation,VEH0124,2023,627,0.08951386877914987,3
MITSUBISHI,LANCER EVOLUTION,VII_IX,SPORTIVE,GB,generation,VEH0124,2024,605,0.06895219067325283,4
MITSUBISHI,LANCER EVOLUTION,VII_IX,SPORTIVE,GB,generation,VEH0124,2025,543,0.07550347792276674,4
MITSUBISHI,LANCER EVOLUTION,VII_IX,SPORTIVE,NL,generation,RDW,2026,108,,4
MITSUBISHI,LANCER EVOLUTION,X,SPORTIVE,GB,generation,VEH0124,2014,976,,0
MITSUBISHI,LANCER EVOLUTION,X,SPORTIVE,GB,generation,VEH0124,2015,970,,0
MITSUBISHI,LANCER EVOLUTION,X,SPORTIVE,GB,generation,VEH0124,2016,897,,0
MITSUBISHI,LANCER EVOLUTION,X,SPORTIVE,GB,generation,VEH0124,2017,863,0.04097275240915004,1
MITSUBISHI,LANCER EVOLUTION,X,SPORTIVE,GB,generation,VEH0124,2018,814,0.05841396032042695,1
MITSUBISHI,LANCER EVOLUTION,X,SPORTIVE,GB,generation,VEH0124,2019,768,0.05179082519158715,1
MITSUBISHI,LANCER EVOLUTION,X,SPORTIVE,GB,generation,VEH0124,2020,723,0.058987206159177664,1
MITSUBISHI,LANCER EVOLUTION,X,SPORTIVE,GB,generation,VEH0124,2021,692,0.054106846221589455,1
MITSUBISHI,LANCER EVOLUTION,X,SPORTIVE,GB,generation,VEH0124,2022,648,0.05661677297633377,2
MITSUBISHI,LANCER EVOLUTION,X,SPORTIVE,GB,generation,VEH0124,2023,583,0.07178981605385532,2
MITSUBISHI,LANCER EVOLUTION,X,SPORTIVE,GB,generation,VEH0124,2024,573,0.0629273938296716,2
MITSUBISHI,LANCER EVOLUTION,X,SPORTIVE,GB,generation,VEH0124,2025,544,0.05833798941801899,2
MITSUBISHI,LANCER EVOLUTION,X,SPORTIVE,NL,generation,RDW,2026,60,,2
MITSUBISHI,3000GT,Z16A,COUPE,GB,generation,VEH0124,2014,305,,3
MITSUBISHI,3000GT,Z16A,COUPE,GB,generation,VEH0124,2015,293,,4
MITSUBISHI,3000GT,Z16A,COUPE,GB,generation,VEH0124,2016,271,,4
MITSUBISHI,3000GT,Z16A,COUPE,GB,generation,VEH0124,2017,237,0.08407033425972621,4
MITSUBISHI,3000GT,Z16A,COUPE,GB,generation,VEH0124,2018,208,0.11421860090477388,4
MITSUBISHI,3000GT,Z16A,COUPE,GB,generation,VEH0124,2019,200,0.10133651250652104,4
MITSUBISHI,3000GT,Z16A,COUPE,GB,generation,VEH0124,2020,180,0.09166788324109189,5
MITSUBISHI,3000GT,Z16A,COUPE,GB,generation,VEH0124,2021,155,0.09800878086136043,5
MITSUBISHI,3000GT,Z16A,COUPE,GB,generation,VEH0124,2022,135,0.1310079093096548,5
MITSUBISHI,3000GT,Z16A,COUPE,GB,generation,VEH0124,2023,112,0.15826098360467233,5
MITSUBISHI,3000GT,Z16A,COUPE,GB,generation,VEH0124,2024,112,0.10838293261572762,5
MITSUBISHI,3000GT,Z16A,COUPE,GB,generation,VEH0124,2025,116,0.05059616029501077,6
MITSUBISHI,3000GT,Z16A,COUPE,NL,generation,RDW,2026,88,,6
MITSUBISHI,FTO,DE,COUPE,GB,generation,VEH0124,2014,239,,3
MITSUBISHI,FTO,DE,COUPE,GB,generation,VEH0124,2015,201,,3
MITSUBISHI,FTO,DE,COUPE,GB,generation,VEH0124,2016,153,,3
MITSUBISHI,FTO,DE,COUPE,GB,generation,VEH0124,2017,111,0.2555708661923735,4
MITSUBISHI,FTO,DE,COUPE,GB,generation,VEH0124,2018,93,0.25682908215647954,4
MITSUBISHI,FTO,DE,COUPE,GB,generation,VEH0124,2019,61,0.30673129853815984,4
MITSUBISHI,FTO,DE,COUPE,GB,generation,VEH0124,2020,55,0.23413162704817483,4
MITSUBISHI,FTO,DE,COUPE,GB,generation,VEH0124,2021,47,0.2275454108166298,4
MITSUBISHI,FTO,DE,COUPE,GB,generation,VEH0124,2022,51,0.05962925847609459,5
MITSUBISHI,FTO,DE,COUPE,GB,generation,VEH0124,2023,46,0.05960472679316723,5
MITSUBISHI,FTO,DE,COUPE,GB,generation,VEH0124,2024,41,0.04545148915878768,5
MITSUBISHI,FTO,DE,COUPE,GB,generation,VEH0124,2025,38,0.09804213148905914,5
MITSUBISHI,FTO,DE,COUPE,NL,generation,RDW,2026,23,,5
MITSUBISHI,ECLIPSE,1G_2G,COUPE,GB,generation,VEH0124,2014,29,,4
MITSUBISHI,ECLIPSE,1G_2G,COUPE,GB,generation,VEH0124,2015,32,,4
MITSUBISHI,ECLIPSE,1G_2G,COUPE,GB,generation,VEH0124,2016,30,,4
MITSUBISHI,ECLIPSE,1G_2G,COUPE,GB,generation,VEH0124,2017,20,0.1238805321615478,4
MITSUBISHI,ECLIPSE,1G_2G,COUPE,GB,generation,VEH0124,2018,24,0.09590088647757376,4
MITSUBISHI,ECLIPSE,1G_2G,COUPE,GB,generation,VEH0124,2019,25,0.060815478190860285,5
MITSUBISHI,ECLIPSE,1G_2G,COUPE,GB,generation,VEH0124,2020,24,-0.060852682156971837,5
MITSUBISHI,ECLIPSE,1G_2G,COUPE,GB,generation,VEH0124,2021,22,0.028986453974949866,5
MITSUBISHI,ECLIPSE,1G_2G,COUPE,GB,generation,VEH0124,2022,17,0.12860500709925585,5
MITSUBISHI,ECLIPSE,1G_2G,COUPE,GB,generation,VEH0124,2023,15,0.1567751831799132,5
MITSUBISHI,ECLIPSE,1G_2G,COUPE,GB,generation,VEH0124,2024,16,0.10628276854896307,6
MITSUBISHI,ECLIPSE,1G_2G,COUPE,GB,generation,VEH0124,2025,13,0.0895413948618962,6
MITSUBISHI,ECLIPSE,1G_2G,COUPE,NL,generation,RDW,2026,218,,6
NISSAN,SKYLINE GT-R,R32,SPORTIVE,GB,generation,VEH0124,2014,212,,4
NISSAN,SKYLINE GT-R,R32,SPORTIVE,GB,generation,VEH0124,2015,251,,4
NISSAN,SKYLINE GT-R,R32,SPORTIVE,GB,generation,VEH0124,2016,267,,5
NISSAN,SKYLINE GT-R,R32,SPORTIVE,GB,generation,VEH0124,2017,225,-0.019795311408690182,5
NISSAN,SKYLINE GT-R,R32,SPORTIVE,GB,generation,VEH0124,2018,208,0.06273750821522718,5
NISSAN,SKYLINE GT-R,R32,SPORTIVE,GB,generation,VEH0124,2019,200,0.09637639666577254,5
NISSAN,SKYLINE GT-R,R32,SPORTIVE,GB,generation,VEH0124,2020,178,0.07805290880687511,5
NISSAN,SKYLINE GT-R,R32,SPORTIVE,GB,generation,VEH0124,2021,169,0.06915432234502432,6
NISSAN,SKYLINE GT-R,R32,SPORTIVE,GB,generation,VEH0124,2022,166,0.06204619490136123,6
NISSAN,SKYLINE GT-R,R32,SPORTIVE,GB,generation,VEH0124,2023,148,0.06156589840350791,6
NISSAN,SKYLINE GT-R,R32,SPORTIVE,GB,generation,VEH0124,2024,146,0.04878503130142602,6
NISSAN,SKYLINE GT-R,R32,SPORTIVE,GB,generation,VEH0124,2025,146,0.04281063319327533,6
NISSAN,SKYLINE GT-R,R32,SPORTIVE,NL,generation,RDW,2026,16,,7
NISSAN,SKYLINE GT-R,R33,SPORTIVE,GB,generation,VEH0124,2014,379,,3
NISSAN,SKYLINE GT-R,R33,SPORTIVE,GB,generation,VEH0124,2015,404,,3
NISSAN,SKYLINE GT-R,R33,SPORTIVE,GB,generation,VEH0124,2016,395,,4
NISSAN,SKYLINE GT-R,R33,SPORTIVE,GB,generation,VEH0124,2017,361,0.01620999240038982,4
NISSAN,SKYLINE GT-R,R33,SPORTIVE,GB,generation,VEH0124,2018,327,0.07051264731346452,4
NISSAN,SKYLINE GT-R,R33,SPORTIVE,GB,generation,VEH0124,2019,302,0.08954754112690745,4
NISSAN,SKYLINE GT-R,R33,SPORTIVE,GB,generation,VEH0124,2020,280,0.08468519571142642,4
NISSAN,SKYLINE GT-R,R33,SPORTIVE,GB,generation,VEH0124,2021,234,0.11155381974092866,5
NISSAN,SKYLINE GT-R,R33,SPORTIVE,GB,generation,VEH0124,2022,218,0.10864946483374617,5
NISSAN,SKYLINE GT-R,R33,SPORTIVE,GB,generation,VEH0124,2023,178,0.15110544366519107,5
NISSAN,SKYLINE GT-R,R33,SPORTIVE,GB,generation,VEH0124,2024,173,0.10071949673374216,5
NISSAN,SKYLINE GT-R,R33,SPORTIVE,GB,generation,VEH0124,2025,184,0.056532513832322946,5
NISSAN,SKYLINE GT-R,R33,SPORTIVE,NL,generation,RDW,2026,22,,6
NISSAN,SKYLINE GT-R,R34,SPORTIVE,GB,generation,VEH0124,2014,77,,2
NISSAN,SKYLINE GT-R,R34,SPORTIVE,GB,generation,VEH0124,2015,97,,3
NISSAN,SKYLINE GT-R,R34,SPORTIVE,GB,generation,VEH0124,2016,106,,3
NISSAN,SKYLINE GT-R,R34,SPORTIVE,GB,generation,VEH0124,2017,102,-0.09370579308157269,3
NISSAN,SKYLINE GT-R,R34,SPORTIVE,GB,generation,VEH0124,2018,110,-0.041870979371342404,3
NISSAN,SKYLINE GT-R,R34,SPORTIVE,GB,generation,VEH0124,2019,99,0.02278867932673381,3
NISSAN,SKYLINE GT-R,R34,SPORTIVE,GB,generation,VEH0124,2020,102,0.000027207113282981532,4
NISSAN,SKYLINE GT-R,R34,SPORTIVE,GB,generation,VEH0124,2021,94,0.05245828874027956,4
NISSAN,SKYLINE GT-R,R34,SPORTIVE,GB,generation,VEH0124,2022,92,0.024487707108257307,4
NISSAN,SKYLINE GT-R,R34,SPORTIVE,GB,generation,VEH0124,2023,93,0.0308121965094548,4
NISSAN,SKYLINE GT-R,R34,SPORTIVE,GB,generation,VEH0124,2024,93,0.0035675382190794914,4
NISSAN,SKYLINE GT-R,R34,SPORTIVE,GB,generation,VEH0124,2025,103,-0.03767258920886983,5
NISSAN,SKYLINE GT-R,R34,SPORTIVE,NL,generation,RDW,2026,14,,5
NISSAN,GT-R,R35,SUPERCAR,GB,generation,VEH0124,2014,1822,,0
NISSAN,GT-R,R35,SUPERCAR,GB,generation,VEH0124,2015,1985,,0
NISSAN,GT-R,R35,SUPERCAR,GB,generation,VEH0124,2016,2059,,0
NISSAN,GT-R,R35,SUPERCAR,GB,generation,VEH0124,2017,2263,-0.07226831952796844,0
NISSAN,GT-R,R35,SUPERCAR,GB,generation,VEH0124,2018,2334,-0.05399182725463841,0
NISSAN,GT-R,R35,SUPERCAR,GB,generation,VEH0124,2019,2360,-0.045511547954136235,1
NISSAN,GT-R,R35,SUPERCAR,GB,generation,VEH0124,2020,2275,-0.0017975332148220831,1
NISSAN,GT-R,R35,SUPERCAR,GB,generation,VEH0124,2021,2225,0.015919694899470604,1
NISSAN,GT-R,R35,SUPERCAR,GB,generation,VEH0124,2022,2037,0.04906133363045539,1
NISSAN,GT-R,R35,SUPERCAR,GB,generation,VEH0124,2023,1933,0.05433947740415244,1
NISSAN,GT-R,R35,SUPERCAR,GB,generation,VEH0124,2024,1829,0.06532352579882678,2
NISSAN,GT-R,R35,SUPERCAR,GB,generation,VEH0124,2025,1796,0.041950401485522176,2
NISSAN,GT-R,R35,SUPERCAR,NL,generation,RDW,2026,208,,2
NISSAN,300ZX,Z32,SPORTIVE,GB,generation,VEH0124,2014,404,,4
NISSAN,300ZX,Z32,SPORTIVE,GB,generation,VEH0124,2015,366,,4
NISSAN,300ZX,Z32,SPORTIVE,GB,generation,VEH0124,2016,347,,4
NISSAN,300ZX,Z32,SPORTIVE,GB,generation,VEH0124,2017,306,0.09262477294300246,4
NISSAN,300ZX,Z32,SPORTIVE,GB,generation,VEH0124,2018,286,0.08222156786144506,4
NISSAN,300ZX,Z32,SPORTIVE,GB,generation,VEH0124,2019,246,0.11474295194182188,5
NISSAN,300ZX,Z32,SPORTIVE,GB,generation,VEH0124,2020,238,0.0837987231187292,5
NISSAN,300ZX,Z32,SPORTIVE,GB,generation,VEH0124,2021,214,0.0967080148864179,5
NISSAN,300ZX,Z32,SPORTIVE,GB,generation,VEH0124,2022,206,0.05916217327334111,5
NISSAN,300ZX,Z32,SPORTIVE,GB,generation,VEH0124,2023,190,0.07513362666839149,5
NISSAN,300ZX,Z32,SPORTIVE,GB,generation,VEH0124,2024,165,0.08660763985550002,6
NISSAN,300ZX,Z32,SPORTIVE,GB,generation,VEH0124,2025,175,0.05427205860462031,6
NISSAN,300ZX,Z32,SPORTIVE,NL,generation,RDW,2026,340,,6
NISSAN,350Z,Z33,SPORTIVE,GB,generation,VEH0124,2014,6984,,1
NISSAN,350Z,Z33,SPORTIVE,GB,generation,VEH0124,2015,6765,,2
NISSAN,350Z,Z33,SPORTIVE,GB,generation,VEH0124,2016,6447,,2
NISSAN,350Z,Z33,SPORTIVE,GB,generation,VEH0124,2017,6166,0.041508390585714726,2
NISSAN,350Z,Z33,SPORTIVE,GB,generation,VEH0124,2018,5767,0.05319597627417785,2
NISSAN,350Z,Z33,SPORTIVE,GB,generation,VEH0124,2019,5307,0.06490716069115561,2
NISSAN,350Z,Z33,SPORTIVE,GB,generation,VEH0124,2020,4882,0.07780902159008549,3
NISSAN,350Z,Z33,SPORTIVE,GB,generation,VEH0124,2021,4707,0.06767071387033642,3
NISSAN,350Z,Z33,SPORTIVE,GB,generation,VEH0124,2022,4366,0.06502830307329403,3
NISSAN,350Z,Z33,SPORTIVE,GB,generation,VEH0124,2023,3966,0.06931308951522676,3
NISSAN,350Z,Z33,SPORTIVE,GB,generation,VEH0124,2024,3558,0.0932490130313403,3
NISSAN,350Z,Z33,SPORTIVE,GB,generation,VEH0124,2025,3242,0.09918796523555111,4
NISSAN,350Z,Z33,SPORTIVE,NL,generation,RDW,2026,830,,4
NISSAN,370Z,Z34,SPORTIVE,GB,generation,VEH0124,2014,1816,,0
NISSAN,370Z,Z34,SPORTIVE,GB,generation,VEH0124,2015,1950,,0
NISSAN,370Z,Z34,SPORTIVE,GB,generation,VEH0124,2016,2100,,0
NISSAN,370Z,Z34,SPORTIVE,GB,generation,VEH0124,2017,2238,-0.06962894138379304,0
NISSAN,370Z,Z34,SPORTIVE,GB,generation,VEH0124,2018,2259,-0.04899699798803603,0
NISSAN,370Z,Z34,SPORTIVE,GB,generation,VEH0124,2019,2348,-0.03723433792750823,1
NISSAN,370Z,Z34,SPORTIVE,GB,generation,VEH0124,2020,2405,-0.023983668641355708,1
NISSAN,370Z,Z34,SPORTIVE,GB,generation,VEH0124,2021,2299,-0.005832816602616015,1
NISSAN,370Z,Z34,SPORTIVE,GB,generation,VEH0124,2022,2271,0.01114401912068143,1
NISSAN,370Z,Z34,SPORTIVE,GB,generation,VEH0124,2023,2194,0.03062881151382341,1
NISSAN,370Z,Z34,SPORTIVE,GB,generation,VEH0124,2024,2077,0.033823140393468815,2
NISSAN,370Z,Z34,SPORTIVE,GB,generation,VEH0124,2025,2044,0.03507796257073815,2
NISSAN,370Z,Z34,SPORTIVE,NL,generation,RDW,2026,254,,2
NISSAN,200SX,S13,COUPE,GB,generation,VEH0124,2014,376,,4
NISSAN,200SX,S13,COUPE,GB,generation,VEH0124,2015,364,,5
NISSAN,200SX,S13,COUPE,GB,generation,VEH0124,2016,333,,5
NISSAN,200SX,S13,COUPE,GB,generation,VEH0124,2017,296,0.0797167259853916,5
NISSAN,200SX,S13,COUPE,GB,generation,VEH0124,2018,270,0.09956438415787283,5
NISSAN,200SX,S13,COUPE,GB,generation,VEH0124,2019,247,0.09965292649496656,5
NISSAN,200SX,S13,COUPE,GB,generation,VEH0124,2020,220,0.09887288201928886,6
NISSAN,200SX,S13,COUPE,GB,generation,VEH0124,2021,193,0.11188174013799596,6
NISSAN,200SX,S13,COUPE,GB,generation,VEH0124,2022,179,0.10730219250638501,6
NISSAN,200SX,S13,COUPE,GB,generation,VEH0124,2023,183,0.06142250591769046,6
NISSAN,200SX,S13,COUPE,GB,generation,VEH0124,2024,196,-0.005082465673272081,6
NISSAN,200SX,S13,COUPE,GB,generation,VEH0124,2025,170,0.01727011353875013,7
NISSAN,200SX,S13,COUPE,NL,generation,RDW,2026,197,,7
NISSAN,200SX,S14,COUPE,GB,generation,VEH0124,2014,1015,,3
NISSAN,200SX,S14,COUPE,GB,generation,VEH0124,2015,943,,3
NISSAN,200SX,S14,COUPE,GB,generation,VEH0124,2016,812,,4
NISSAN,200SX,S14,COUPE,GB,generation,VEH0124,2017,746,0.10257342139932395,4
NISSAN,200SX,S14,COUPE,GB,generation,VEH0124,2018,649,0.12449351643910195,4
NISSAN,200SX,S14,COUPE,GB,generation,VEH0124,2019,571,0.11745076750428769,4
NISSAN,200SX,S14,COUPE,GB,generation,VEH0124,2020,499,0.1340088055545044,4
NISSAN,200SX,S14,COUPE,GB,generation,VEH0124,2021,470,0.10751751243515613,5
NISSAN,200SX,S14,COUPE,GB,generation,VEH0124,2022,416,0.10551745260039495,5
NISSAN,200SX,S14,COUPE,GB,generation,VEH0124,2023,366,0.10339502415378388,5
NISSAN,200SX,S14,COUPE,GB,generation,VEH0124,2024,323,0.12499852126214388,5
NISSAN,200SX,S14,COUPE,GB,generation,VEH0124,2025,314,0.09371440941176774,5
NISSAN,200SX,S14,COUPE,NL,generation,RDW,2026,103,,6
NISSAN,SUNNY GTI-R,N14,GTI,GB,generation,VEH0124,2014,22,,4
NISSAN,SUNNY GTI-R,N14,GTI,GB,generation,VEH0124,2015,19,,4
NISSAN,SUNNY GTI-R,N14,GTI,GB,generation,VEH0124,2016,19,,4
NISSAN,SUNNY GTI-R,N14,GTI,GB,generation,VEH0124,2017,22,0.0,5
NISSAN,SUNNY GTI-R,N14,GTI,GB,generation,VEH0124,2018,22,-0.04890129584345446,5
NISSAN,SUNNY GTI-R,N14,GTI,GB,generation,VEH0124,2019,19,0.0,5
NISSAN,SUNNY GTI-R,N14,GTI,GB,generation,VEH0124,2020,17,0.0859005337523883,5
NISSAN,SUNNY GTI-R,N14,GTI,GB,generation,VEH0124,2021,21,0.015415925111340536,5
NISSAN,SUNNY GTI-R,N14,GTI,GB,generation,VEH0124,2022,11,0.18220464934905078,6
NISSAN,SUNNY GTI-R,N14,GTI,GB,generation,VEH0124,2023,12,0.11618175349905553,6
NISSAN,SUNNY GTI-R,N14,GTI,GB,generation,VEH0124,2024,11,0.21561072046930388,6
NISSAN,SUNNY GTI-R,N14,GTI,GB,generation,VEH0124,2025,16,-0.12506266254197515,6
NISSAN,SUNNY GTI-R,N14,GTI,NL,generation,RDW,2026,20,,6
OPEL,CALIBRA,A,COUPE,GB,generation,VEH0124,2014,1217,,4
OPEL,CALIBRA,A,COUPE,GB,generation,VEH0124,2015,1021,,4
OPEL,CALIBRA,A,COUPE,GB,generation,VEH0124,2016,823,,4
OPEL,CALIBRA,A,COUPE,GB,generation,VEH0124,2017,715,0.1772121382582922,4
OPEL,CALIBRA,A,COUPE,GB,generation,VEH0124,2018,614,0.16943392760458661,5
OPEL,CALIBRA,A,COUPE,GB,generation,VEH0124,2019,552,0.1332272405430053,5
OPEL,CALIBRA,A,COUPE,GB,generation,VEH0124,2020,476,0.13557945279852945,5
OPEL,CALIBRA,A,COUPE,GB,generation,VEH0124,2021,425,0.12258424831920563,5
OPEL,CALIBRA,A,COUPE,GB,generation,VEH0124,2022,395,0.1114954992018301,5
OPEL,CALIBRA,A,COUPE,GB,generation,VEH0124,2023,368,0.08583705761810427,6
OPEL,CALIBRA,A,COUPE,GB,generation,VEH0124,2024,307,0.10832289071819658,6
OPEL,CALIBRA,A,COUPE,GB,generation,VEH0124,2025,301,0.09048871015855124,6
OPEL,CALIBRA,A,COUPE,NL,generation,RDW,2026,665,,6
OPEL,ASTRA OPC,G,GTI,GB,generation,VEH0124,2014,873,,2
OPEL,ASTRA OPC,G,GTI,GB,generation,VEH0124,2015,764,,2
OPEL,ASTRA OPC,G,GTI,GB,generation,VEH0124,2016,681,,3
OPEL,ASTRA OPC,G,GTI,GB,generation,VEH0124,2017,570,0.14209224763627967,3
OPEL,ASTRA OPC,G,GTI,GB,generation,VEH0124,2018,481,0.15423433312410853,3
OPEL,ASTRA OPC,G,GTI,GB,generation,VEH0124,2019,439,0.14645454036109853,3
OPEL,ASTRA OPC,G,GTI,GB,generation,VEH0124,2020,395,0.12223767848013341,3
OPEL,ASTRA OPC,G,GTI,GB,generation,VEH0124,2021,336,0.11957102466009595,4
OPEL,ASTRA OPC,G,GTI,GB,generation,VEH0124,2022,292,0.13591204303237683,4
OPEL,ASTRA OPC,G,GTI,GB,generation,VEH0124,2023,265,0.13314311113120295,4
OPEL,ASTRA OPC,G,GTI,GB,generation,VEH0124,2024,249,0.09989774559813998,4
OPEL,ASTRA OPC,G,GTI,GB,generation,VEH0124,2025,211,0.10831597599405836,4
OPEL,ASTRA OPC,G,GTI,NL,generation,RDW,2026,2,,5
OPEL,ASTRA OPC,H,GTI,GB,generation,VEH0124,2014,7235,,1
OPEL,ASTRA OPC,H,GTI,GB,generation,VEH0124,2015,6910,,1
OPEL,ASTRA OPC,H,GTI,GB,generation,VEH0124,2016,6564,,1
OPEL,ASTRA OPC,H,GTI,GB,generation,VEH0124,2017,6150,0.054149704965336116,2
OPEL,ASTRA OPC,H,GTI,GB,generation,VEH0124,2018,5679,0.06539613560066573,2
OPEL,ASTRA OPC,H,GTI,GB,generation,VEH0124,2019,5245,0.074826192864286,2
OPEL,ASTRA OPC,H,GTI,GB,generation,VEH0124,2020,4913,0.07484745232059255,2
OPEL,ASTRA OPC,H,GTI,GB,generation,VEH0124,2021,4528,0.07549038950794561,2
OPEL,ASTRA OPC,H,GTI,GB,generation,VEH0124,2022,4121,0.08038859864843946,3
OPEL,ASTRA OPC,H,GTI,GB,generation,VEH0124,2023,3675,0.09684349259868018,3
OPEL,ASTRA OPC,H,GTI,GB,generation,VEH0124,2024,3318,0.10361723510270497,3
OPEL,ASTRA OPC,H,GTI,GB,generation,VEH0124,2025,2986,0.1073674700343041,3
OPEL,ASTRA OPC,H,GTI,NL,generation,RDW,2026,1,,3
OPEL,CORSA VXR,D,GTI,GB,generation,VEH0124,2014,8165,,0
OPEL,CORSA VXR,D,GTI,GB,generation,VEH0124,2015,7791,,1
OPEL,CORSA VXR,D,GTI,GB,generation,VEH0124,2016,7418,,1
OPEL,CORSA VXR,D,GTI,GB,generation,VEH0124,2017,7107,0.04624581005385551,1
OPEL,CORSA VXR,D,GTI,GB,generation,VEH0124,2018,6790,0.04582611185290844,1
OPEL,CORSA VXR,D,GTI,GB,generation,VEH0124,2019,6392,0.0496547436875809,1
OPEL,CORSA VXR,D,GTI,GB,generation,VEH0124,2020,6009,0.0559226257721156,2
OPEL,CORSA VXR,D,GTI,GB,generation,VEH0124,2021,5600,0.06421579391519215,2
OPEL,CORSA VXR,D,GTI,GB,generation,VEH0124,2022,5231,0.06680436577806997,2
OPEL,CORSA VXR,D,GTI,GB,generation,VEH0124,2023,4767,0.07723325299032369,2
OPEL,CORSA VXR,D,GTI,GB,generation,VEH0124,2024,4271,0.09026792397783212,2
OPEL,CORSA VXR,D,GTI,GB,generation,VEH0124,2025,3850,0.1021462910126349,3
OPEL,CORSA VXR,D,GTI,NL,generation,RDW,2026,31,,3
OPEL,VX220,VX220,ROADSTER,GB,generation,VEH0124,2014,1023,,2
OPEL,VX220,VX220,ROADSTER,GB,generation,VEH0124,2015,980,,2
OPEL,VX220,VX220,ROADSTER,GB,generation,VEH0124,2016,872,,2
OPEL,VX220,VX220,ROADSTER,GB,generation,VEH0124,2017,784,0.08864958420258885,3
OPEL,VX220,VX220,ROADSTER,GB,generation,VEH0124,2018,740,0.09359184695213985,3
OPEL,VX220,VX220,ROADSTER,GB,generation,VEH0124,2019,671,0.08739991762908489,3
OPEL,VX220,VX220,ROADSTER,GB,generation,VEH0124,2020,583,0.09868011963069916,3
OPEL,VX220,VX220,ROADSTER,GB,generation,VEH0124,2021,571,0.08635139525953127,3
OPEL,VX220,VX220,ROADSTER,GB,generation,VEH0124,2022,530,0.07855644453430656,4
OPEL,VX220,VX220,ROADSTER,GB,generation,VEH0124,2023,501,0.05056163597558949,4
OPEL,VX220,VX220,ROADSTER,GB,generation,VEH0124,2024,433,0.09214738284152209,4
OPEL,VX220,VX220,ROADSTER,GB,generation,VEH0124,2025,439,0.06270259959159769,4
OPEL,VX220,VX220,ROADSTER,NL,generation,RDW,2026,216,,4
OPEL,MONARO,V2,SPORTIVE,GB,generation,VEH0124,2014,1056,,1
OPEL,MONARO,V2,SPORTIVE,GB,generation,VEH0124,2015,1042,,1
OPEL,MONARO,V2,SPORTIVE,GB,generation,VEH0124,2016,990,,2
OPEL,MONARO,V2,SPORTIVE,GB,generation,VEH0124,2017,965,0.030012373454058553,2
OPEL,MONARO,V2,SPORTIVE,GB,generation,VEH0124,2018,922,0.040765278693075925,2
OPEL,MONARO,V2,SPORTIVE,GB,generation,VEH0124,2019,866,0.0446372307080409,2
OPEL,MONARO,V2,SPORTIVE,GB,generation,VEH0124,2020,817,0.05548126315883264,2
OPEL,MONARO,V2,SPORTIVE,GB,generation,VEH0124,2021,792,0.05064289322949777,3
OPEL,MONARO,V2,SPORTIVE,GB,generation,VEH0124,2022,705,0.06855624558696015,3
OPEL,MONARO,V2,SPORTIVE,GB,generation,VEH0124,2023,676,0.06319192545472459,3
OPEL,MONARO,V2,SPORTIVE,GB,generation,VEH0124,2024,626,0.07838734253472568,3
OPEL,MONARO,V2,SPORTIVE,GB,generation,VEH0124,2025,605,0.05095467391875131,3
OPEL,LOTUS CARLTON,A,SPORTIVE,GB,generation,VEH0124,2014,63,,4
OPEL,LOTUS CARLTON,A,SPORTIVE,GB,generation,VEH0124,2015,60,,4
OPEL,LOTUS CARLTON,A,SPORTIVE,GB,generation,VEH0124,2016,55,,5
OPEL,LOTUS CARLTON,A,SPORTIVE,GB,generation,VEH0124,2017,54,0.051339454549697176,5
OPEL,LOTUS CARLTON,A,SPORTIVE,GB,generation,VEH0124,2018,52,0.04765365302718554,5
OPEL,LOTUS CARLTON,A,SPORTIVE,GB,generation,VEH0124,2019,48,0.04540847184662361,5
OPEL,LOTUS CARLTON,A,SPORTIVE,GB,generation,VEH0124,2020,44,0.06823226131869299,5
OPEL,LOTUS CARLTON,A,SPORTIVE,GB,generation,VEH0124,2021,50,0.013003225939952961,6
OPEL,LOTUS CARLTON,A,SPORTIVE,GB,generation,VEH0124,2022,43,0.03661277981922007,6
OPEL,LOTUS CARLTON,A,SPORTIVE,GB,generation,VEH0124,2023,40,0.03179182024979874,6
OPEL,LOTUS CARLTON,A,SPORTIVE,GB,generation,VEH0124,2024,39,0.08285410553109294,6
OPEL,LOTUS CARLTON,A,SPORTIVE,GB,generation,VEH0124,2025,51,-0.05693720184722972,6
OPEL,LOTUS CARLTON,A,SPORTIVE,NL,generation,RDW,2026,14,,7
PEUGEOT,205 GTI,MK1,GTI,GB,generation,VEH0124,2014,1678,,5
PEUGEOT,205 GTI,MK1,GTI,GB,generation,VEH0124,2015,1630,,5
PEUGEOT,205 GTI,MK1,GTI,GB,generation,VEH0124,2016,1498,,5
PEUGEOT,205 GTI,MK1,GTI,GB,generation,VEH0124,2017,1306,0.0835247835531527,5
PEUGEOT,205 GTI,MK1,GTI,GB,generation,VEH0124,2018,1273,0.08238070649262469,5
PEUGEOT,205 GTI,MK1,GTI,GB,generation,VEH0124,2019,1171,0.08214716015992528,6
PEUGEOT,205 GTI,MK1,GTI,GB,generation,VEH0124,2020,1072,0.06577889782957151,6
PEUGEOT,205 GTI,MK1,GTI,GB,generation,VEH0124,2021,1127,0.040553003750081494,6
PEUGEOT,205 GTI,MK1,GTI,GB,generation,VEH0124,2022,1061,0.032824093754870984,6
PEUGEOT,205 GTI,MK1,GTI,GB,generation,VEH0124,2023,1001,0.022857832772370957,6
PEUGEOT,205 GTI,MK1,GTI,GB,generation,VEH0124,2024,967,0.05104213727571494,7
PEUGEOT,205 GTI,MK1,GTI,GB,generation,VEH0124,2025,936,0.04178101289818454,7
PEUGEOT,205 GTI,MK1,GTI,NL,generation,RDW,2026,1054,,7
PEUGEOT,309 GTI,MK1,GTI,GB,generation,VEH0124,2014,82,,4
PEUGEOT,309 GTI,MK1,GTI,GB,generation,VEH0124,2015,69,,5
PEUGEOT,309 GTI,MK1,GTI,GB,generation,VEH0124,2016,66,,5
PEUGEOT,309 GTI,MK1,GTI,GB,generation,VEH0124,2017,62,0.09321827420333824,5
PEUGEOT,309 GTI,MK1,GTI,GB,generation,VEH0124,2018,61,0.04106517008397597,5
PEUGEOT,309 GTI,MK1,GTI,GB,generation,VEH0124,2019,61,0.026278279119497556,5
PEUGEOT,309 GTI,MK1,GTI,GB,generation,VEH0124,2020,51,0.06498432918340129,6
PEUGEOT,309 GTI,MK1,GTI,GB,generation,VEH0124,2021,55,0.034374019775165764,6
PEUGEOT,309 GTI,MK1,GTI,GB,generation,VEH0124,2022,52,0.05308331447315087,6
PEUGEOT,309 GTI,MK1,GTI,GB,generation,VEH0124,2023,82,-0.15840629471297585,6
PEUGEOT,309 GTI,MK1,GTI,GB,generation,VEH0124,2024,76,-0.10794313865897211,6
PEUGEOT,309 GTI,MK1,GTI,GB,generation,VEH0124,2025,75,-0.12223433374924475,7
PEUGEOT,309 GTI,MK1,GTI,NL,generation,RDW,2026,73,,7
PEUGEOT,106 RALLYE,S1,GTI,GB,generation,VEH0124,2014,214,,4
PEUGEOT,106 RALLYE,S1,GTI,GB,generation,VEH0124,2015,175,,4
PEUGEOT,106 RALLYE,S1,GTI,GB,generation,VEH0124,2016,163,,4
PEUGEOT,106 RALLYE,S1,GTI,GB,generation,VEH0124,2017,133,0.15858614629746823,4
PEUGEOT,106 RALLYE,S1,GTI,GB,generation,VEH0124,2018,116,0.1370944013387727,4
PEUGEOT,106 RALLYE,S1,GTI,GB,generation,VEH0124,2019,95,0.1800810284818013,5
PEUGEOT,106 RALLYE,S1,GTI,GB,generation,VEH0124,2020,88,0.13769530991975204,5
PEUGEOT,106 RALLYE,S1,GTI,GB,generation,VEH0124,2021,82,0.11563308584988959,5
PEUGEOT,106 RALLYE,S1,GTI,GB,generation,VEH0124,2022,92,0.010633674572815966,5
PEUGEOT,106 RALLYE,S1,GTI,GB,generation,VEH0124,2023,78,0.04023686989935314,5
PEUGEOT,106 RALLYE,S1,GTI,GB,generation,VEH0124,2024,81,0.004127227680735456,6
PEUGEOT,106 RALLYE,S1,GTI,GB,generation,VEH0124,2025,77,0.059402749247807383,6
PEUGEOT,106 RALLYE,S1,GTI,NL,generation,RDW,2026,189,,6
PEUGEOT,106 RALLYE,S2,GTI,GB,generation,VEH0124,2014,966,,2
PEUGEOT,106 RALLYE,S2,GTI,GB,generation,VEH0124,2015,722,,3
PEUGEOT,106 RALLYE,S2,GTI,GB,generation,VEH0124,2016,576,,3
PEUGEOT,106 RALLYE,S2,GTI,GB,generation,VEH0124,2017,441,0.2613461142982801,3
PEUGEOT,106 RALLYE,S2,GTI,GB,generation,VEH0124,2018,362,0.23007870235497418,3
PEUGEOT,106 RALLYE,S2,GTI,GB,generation,VEH0124,2019,307,0.20989697101639335,3
PEUGEOT,106 RALLYE,S2,GTI,GB,generation,VEH0124,2020,263,0.17227397605839356,4
PEUGEOT,106 RALLYE,S2,GTI,GB,generation,VEH0124,2021,258,0.11283121758598295,4
PEUGEOT,106 RALLYE,S2,GTI,GB,generation,VEH0124,2022,233,0.09185841819293215,4
PEUGEOT,106 RALLYE,S2,GTI,GB,generation,VEH0124,2023,213,0.0703354308014255,4
PEUGEOT,106 RALLYE,S2,GTI,GB,generation,VEH0124,2024,204,0.07829413418878621,4
PEUGEOT,106 RALLYE,S2,GTI,GB,generation,VEH0124,2025,190,0.06801202657895387,5
PEUGEOT,106 RALLYE,S2,GTI,NL,generation,RDW,2026,43,,5
PEUGEOT,306 S16,MK1,GTI,GB,generation,VEH0124,2014,23,,4
PEUGEOT,306 S16,MK1,GTI,GB,generation,VEH0124,2015,15,,4
PEUGEOT,306 S16,MK1,GTI,GB,generation,VEH0124,2016,17,,4
PEUGEOT,306 S16,MK1,GTI,GB,generation,VEH0124,2017,13,0.19042595088255646,4
PEUGEOT,306 S16,MK1,GTI,GB,generation,VEH0124,2018,13,0.04784702264918687,4
PEUGEOT,306 S16,MK1,GTI,GB,generation,VEH0124,2019,7,0.2959703123050957,5
PEUGEOT,306 S16,MK1,GTI,GB,generation,VEH0124,2020,8,0.1620684817141442,5
PEUGEOT,306 S16,MK1,GTI,GB,generation,VEH0124,2021,8,0.1620684817141442,5
PEUGEOT,306 S16,MK1,GTI,GB,generation,VEH0124,2022,6,0.051540450748518436,5
PEUGEOT,306 S16,MK1,GTI,GB,generation,VEH0124,2023,6,0.09595970498905292,5
PEUGEOT,306 S16,MK1,GTI,GB,generation,VEH0124,2024,10,-0.07396657832654653,6
PEUGEOT,306 S16,MK1,GTI,GB,generation,VEH0124,2025,7,-0.05095320270041944,6
PEUGEOT,306 S16,MK1,GTI,NL,generation,RDW,2026,15,,6
PEUGEOT,306 GTI-6,MK2,GTI,GB,generation,VEH0124,2014,1017,,3
PEUGEOT,306 GTI-6,MK2,GTI,GB,generation,VEH0124,2015,803,,3
PEUGEOT,306 GTI-6,MK2,GTI,GB,generation,VEH0124,2016,642,,3
PEUGEOT,306 GTI-6,MK2,GTI,GB,generation,VEH0124,2017,558,0.20001758792185562,3
PEUGEOT,306 GTI-6,MK2,GTI,GB,generation,VEH0124,2018,461,0.18490832528949583,3
PEUGEOT,306 GTI-6,MK2,GTI,GB,generation,VEH0124,2019,398,0.15948792967362324,4
PEUGEOT,306 GTI-6,MK2,GTI,GB,generation,VEH0124,2020,359,0.14701889527745735,4
PEUGEOT,306 GTI-6,MK2,GTI,GB,generation,VEH0124,2021,348,0.09370206500573963,4
PEUGEOT,306 GTI-6,MK2,GTI,GB,generation,VEH0124,2022,322,0.0705878763784762,4
PEUGEOT,306 GTI-6,MK2,GTI,GB,generation,VEH0124,2023,283,0.07934613975447596,4
PEUGEOT,306 GTI-6,MK2,GTI,GB,generation,VEH0124,2024,232,0.1350665099563304,5
PEUGEOT,306 GTI-6,MK2,GTI,GB,generation,VEH0124,2025,235,0.10487948916403272,5
PEUGEOT,306 GTI-6,MK2,GTI,NL,generation,RDW,2026,22,,5
PEUGEOT,206 GTI,MK1,GTI,GB,generation,VEH0124,2014,8981,,2
PEUGEOT,206 GTI,MK1,GTI,GB,generation,VEH0124,2015,7265,,2
PEUGEOT,206 GTI,MK1,GTI,GB,generation,VEH0124,2016,5569,,2
PEUGEOT,206 GTI,MK1,GTI,GB,generation,VEH0124,2017,4070,0.263761155166419,3
PEUGEOT,206 GTI,MK1,GTI,GB,generation,VEH0124,2018,2980,0.2970094995080586,3
PEUGEOT,206 GTI,MK1,GTI,GB,generation,VEH0124,2019,2234,0.3046824784443661,3
PEUGEOT,206 GTI,MK1,GTI,GB,generation,VEH0124,2020,1725,0.28609898498744596,3
PEUGEOT,206 GTI,MK1,GTI,GB,generation,VEH0124,2021,1371,0.2587359063028021,3
PEUGEOT,206 GTI,MK1,GTI,GB,generation,VEH0124,2022,1161,0.2180844478939911,4
PEUGEOT,206 GTI,MK1,GTI,GB,generation,VEH0124,2023,951,0.19862537396580401,4
PEUGEOT,206 GTI,MK1,GTI,GB,generation,VEH0124,2024,767,0.1935395946385392,4
PEUGEOT,206 GTI,MK1,GTI,GB,generation,VEH0124,2025,648,0.19431926400999258,4
PEUGEOT,206 GTI,MK1,GTI,NL,generation,RDW,2026,2,,4
PEUGEOT,406 COUPE,MK1,COUPE,GB,generation,VEH0124,2014,2459,,2
PEUGEOT,406 COUPE,MK1,COUPE,GB,generation,VEH0124,2015,1982,,3
PEUGEOT,406 COUPE,MK1,COUPE,GB,generation,VEH0124,2016,1560,,3
PEUGEOT,406 COUPE,MK1,COUPE,GB,generation,VEH0124,2017,1215,0.23494632257912448,3
PEUGEOT,406 COUPE,MK1,COUPE,GB,generation,VEH0124,2018,949,0.2454342444498989,3
PEUGEOT,406 COUPE,MK1,COUPE,GB,generation,VEH0124,2019,780,0.23120731296759822,3
PEUGEOT,406 COUPE,MK1,COUPE,GB,generation,VEH0124,2020,644,0.21157052731196116,4
PEUGEOT,406 COUPE,MK1,COUPE,GB,generation,VEH0124,2021,568,0.17103836796703006,4
PEUGEOT,406 COUPE,MK1,COUPE,GB,generation,VEH0124,2022,460,0.17596842584498054,4
PEUGEOT,406 COUPE,MK1,COUPE,GB,generation,VEH0124,2023,384,0.17247010719355982,4
PEUGEOT,406 COUPE,MK1,COUPE,GB,generation,VEH0124,2024,342,0.1691138191968373,4
PEUGEOT,406 COUPE,MK1,COUPE,GB,generation,VEH0124,2025,304,0.13805526291310255,5
PEUGEOT,406 COUPE,MK1,COUPE,NL,generation,RDW,2026,1,,5
PEUGEOT,RCZ,MK1,COUPE,GB,generation,VEH0124,2014,11142,,0
PEUGEOT,RCZ,MK1,COUPE,GB,generation,VEH0124,2015,12105,,0
PEUGEOT,RCZ,MK1,COUPE,GB,generation,VEH0124,2016,12169,,0
PEUGEOT,RCZ,MK1,COUPE,GB,generation,VEH0124,2017,12147,-0.02880173592128725,1
PEUGEOT,RCZ,MK1,COUPE,GB,generation,VEH0124,2018,12000,0.002910775016648957,1
PEUGEOT,RCZ,MK1,COUPE,GB,generation,VEH0124,2019,11959,0.005806508127542618,1
PEUGEOT,RCZ,MK1,COUPE,GB,generation,VEH0124,2020,11713,0.012116993819543995,1
PEUGEOT,RCZ,MK1,COUPE,GB,generation,VEH0124,2021,11406,0.016915020364150306,1
PEUGEOT,RCZ,MK1,COUPE,GB,generation,VEH0124,2022,11196,0.021971963079402333,2
PEUGEOT,RCZ,MK1,COUPE,GB,generation,VEH0124,2023,10776,0.02781166837609648,2
PEUGEOT,RCZ,MK1,COUPE,GB,generation,VEH0124,2024,10285,0.03446545425981482,2
PEUGEOT,RCZ,MK1,COUPE,GB,generation,VEH0124,2025,9670,0.0488337063118886,2
PEUGEOT,RCZ,MK1,COUPE,NL,generation,RDW,2026,1286,,2
PEUGEOT,208 GTI,MK1,GTI,GB,generation,VEH0124,2014,1757,,-1
PEUGEOT,208 GTI,MK1,GTI,GB,generation,VEH0124,2015,2959,,0
PEUGEOT,208 GTI,MK1,GTI,GB,generation,VEH0124,2016,4074,,0
PEUGEOT,208 GTI,MK1,GTI,GB,generation,VEH0124,2017,4986,-0.3476220932203215,0
PEUGEOT,208 GTI,MK1,GTI,GB,generation,VEH0124,2018,5616,-0.2134442926574435,0
PEUGEOT,208 GTI,MK1,GTI,GB,generation,VEH0124,2019,5653,-0.1092618055929581,0
PEUGEOT,208 GTI,MK1,GTI,GB,generation,VEH0124,2020,5523,-0.03414029172339775,1
PEUGEOT,208 GTI,MK1,GTI,GB,generation,VEH0124,2021,5519,0.005790435397715646,1
PEUGEOT,208 GTI,MK1,GTI,GB,generation,VEH0124,2022,5443,0.012606105794837586,1
PEUGEOT,208 GTI,MK1,GTI,GB,generation,VEH0124,2023,5315,0.012804824132837471,1
PEUGEOT,208 GTI,MK1,GTI,GB,generation,VEH0124,2024,5127,0.024542664318743846,1
PEUGEOT,208 GTI,MK1,GTI,GB,generation,VEH0124,2025,4953,0.031434359490393485,2
PORSCHE,911,964,SPORTIVE,GB,generation,VEH0124,2014,2529,,4
PORSCHE,911,964,SPORTIVE,GB,generation,VEH0124,2015,2469,,4
PORSCHE,911,964,SPORTIVE,GB,generation,VEH0124,2016,2383,,5
PORSCHE,911,964,SPORTIVE,GB,generation,VEH0124,2017,2266,0.03659536113568424,5
PORSCHE,911,964,SPORTIVE,GB,generation,VEH0124,2018,2185,0.040728048717329955,5
PORSCHE,911,964,SPORTIVE,GB,generation,VEH0124,2019,2162,0.032464380290479086,5
PORSCHE,911,964,SPORTIVE,GB,generation,VEH0124,2020,2004,0.040915883281290616,5
PORSCHE,911,964,SPORTIVE,GB,generation,VEH0124,2021,2002,0.02910719009508292,6
PORSCHE,911,964,SPORTIVE,GB,generation,VEH0124,2022,1938,0.036414877966136065,6
PORSCHE,911,964,SPORTIVE,GB,generation,VEH0124,2023,1823,0.03157550809945684,6
PORSCHE,911,964,SPORTIVE,GB,generation,VEH0124,2024,1764,0.042186486362902335,6
PORSCHE,911,964,SPORTIVE,GB,generation,VEH0124,2025,1754,0.033245331879577136,6
PORSCHE,911,964,SPORTIVE,NL,generation,RDW,2026,1879,,7
PORSCHE,911,993,SPORTIVE,GB,generation,VEH0124,2014,3480,,3
PORSCHE,911,993,SPORTIVE,GB,generation,VEH0124,2015,3358,,3
PORSCHE,911,993,SPORTIVE,GB,generation,VEH0124,2016,3261,,4
PORSCHE,911,993,SPORTIVE,GB,generation,VEH0124,2017,3061,0.04276612091956412,4
PORSCHE,911,993,SPORTIVE,GB,generation,VEH0124,2018,2977,0.040143940401015675,4
PORSCHE,911,993,SPORTIVE,GB,generation,VEH0124,2019,2893,0.039940628141109796,4
PORSCHE,911,993,SPORTIVE,GB,generation,VEH0124,2020,2729,0.038241831109128634,4
PORSCHE,911,993,SPORTIVE,GB,generation,VEH0124,2021,2747,0.02676739618093009,5
PORSCHE,911,993,SPORTIVE,GB,generation,VEH0124,2022,2640,0.030472743658147176,5
PORSCHE,911,993,SPORTIVE,GB,generation,VEH0124,2023,2541,0.02380880870413778,5
PORSCHE,911,993,SPORTIVE,GB,generation,VEH0124,2024,2362,0.05030146345632464,5
PORSCHE,911,993,SPORTIVE,GB,generation,VEH0124,2025,2364,0.03676657542249616,5
PORSCHE,911,993,SPORTIVE,NL,generation,RDW,2026,1278,,6
PORSCHE,911,996,SPORTIVE,GB,generation,VEH0124,2014,11634,,2
PORSCHE,911,996,SPORTIVE,GB,generation,VEH0124,2015,11247,,2
PORSCHE,911,996,SPORTIVE,GB,generation,VEH0124,2016,10798,,3
PORSCHE,911,996,SPORTIVE,GB,generation,VEH0124,2017,10310,0.04026297004534269,3
PORSCHE,911,996,SPORTIVE,GB,generation,VEH0124,2018,9925,0.0416729525887731,3
PORSCHE,911,996,SPORTIVE,GB,generation,VEH0124,2019,9488,0.04314055794954289,3
PORSCHE,911,996,SPORTIVE,GB,generation,VEH0124,2020,9008,0.0449839174785725,3
PORSCHE,911,996,SPORTIVE,GB,generation,VEH0124,2021,9065,0.030185373672338974,4
PORSCHE,911,996,SPORTIVE,GB,generation,VEH0124,2022,8749,0.027000677788406754,4
PORSCHE,911,996,SPORTIVE,GB,generation,VEH0124,2023,8253,0.029198752385729814,4
PORSCHE,911,996,SPORTIVE,GB,generation,VEH0124,2024,7942,0.044080425295914605,4
PORSCHE,911,996,SPORTIVE,GB,generation,VEH0124,2025,7800,0.03826309786256712,4
PORSCHE,911,996,SPORTIVE,NL,generation,RDW,2026,2624,,5
PORSCHE,911,997,SPORTIVE,GB,generation,VEH0124,2014,16622,,1
PORSCHE,911,997,SPORTIVE,GB,generation,VEH0124,2015,16176,,1
PORSCHE,911,997,SPORTIVE,GB,generation,VEH0124,2016,15888,,1
PORSCHE,911,997,SPORTIVE,GB,generation,VEH0124,2017,15409,0.025259382887856924,1
PORSCHE,911,997,SPORTIVE,GB,generation,VEH0124,2018,14847,0.02858014676323356,2
PORSCHE,911,997,SPORTIVE,GB,generation,VEH0124,2019,14546,0.029436169816998665,2
PORSCHE,911,997,SPORTIVE,GB,generation,VEH0124,2020,13878,0.03486334797786858,2
PORSCHE,911,997,SPORTIVE,GB,generation,VEH0124,2021,13753,0.025488244630324886,2
PORSCHE,911,997,SPORTIVE,GB,generation,VEH0124,2022,13301,0.02980319100212168,2
PORSCHE,911,997,SPORTIVE,GB,generation,VEH0124,2023,12773,0.027676038021192433,3
PORSCHE,911,997,SPORTIVE,GB,generation,VEH0124,2024,12308,0.03699405503941575,3
PORSCHE,911,997,SPORTIVE,GB,generation,VEH0124,2025,12080,0.03208419548761122,3
PORSCHE,911,997,SPORTIVE,NL,generation,RDW,2026,4020,,3
PORSCHE,911,991,SPORTIVE,GB,generation,VEH0124,2014,3006,,-1
PORSCHE,911,991,SPORTIVE,GB,generation,VEH0124,2015,4684,,-1
PORSCHE,911,991,SPORTIVE,GB,generation,VEH0124,2016,6546,,0
PORSCHE,911,991,SPORTIVE,GB,generation,VEH0124,2017,8180,-0.33361747327606645,0
PORSCHE,911,991,SPORTIVE,GB,generation,VEH0124,2018,10144,-0.25744803569591684,0
PORSCHE,911,991,SPORTIVE,GB,generation,VEH0124,2019,12556,-0.21726352974839036,0
PORSCHE,911,991,SPORTIVE,GB,generation,VEH0124,2020,12091,-0.13038001721095163,0
PORSCHE,911,991,SPORTIVE,GB,generation,VEH0124,2021,11853,-0.05196947439437229,1
PORSCHE,911,991,SPORTIVE,GB,generation,VEH0124,2022,11562,0.027476030664239457,1
PORSCHE,911,991,SPORTIVE,GB,generation,VEH0124,2023,11327,0.021772274967884076,1
PORSCHE,911,991,SPORTIVE,GB,generation,VEH0124,2024,11268,0.01687817955557096,1
PORSCHE,911,991,SPORTIVE,GB,generation,VEH0124,2025,11185,0.01105289691188765,1
PORSCHE,911,991,SPORTIVE,NL,generation,RDW,2026,4399,,2
PORSCHE,928,928,COUPE,GB,generation,VEH0124,2014,842,,5
PORSCHE,928,928,COUPE,GB,generation,VEH0124,2015,829,,5
PORSCHE,928,928,COUPE,GB,generation,VEH0124,2016,802,,6
PORSCHE,928,928,COUPE,GB,generation,VEH0124,2017,786,0.022926610110963076,6
PORSCHE,928,928,COUPE,GB,generation,VEH0124,2018,753,0.03204341873380636,6
PORSCHE,928,928,COUPE,GB,generation,VEH0124,2019,719,0.036440692343043014,6
PORSCHE,928,928,COUPE,GB,generation,VEH0124,2020,684,0.046319212643087214,6
PORSCHE,928,928,COUPE,GB,generation,VEH0124,2021,701,0.02382330368545782,7
PORSCHE,928,928,COUPE,GB,generation,VEH0124,2022,667,0.02499542964199106,7
PORSCHE,928,928,COUPE,GB,generation,VEH0124,2023,657,0.013433828000121115,7
PORSCHE,928,928,COUPE,GB,generation,VEH0124,2024,659,0.020611660319492926,7
PORSCHE,928,928,COUPE,GB,generation,VEH0124,2025,701,-0.016581194686028426,7
PORSCHE,928,928,COUPE,NL,generation,RDW,2026,848,,8
PORSCHE,944,944,COUPE,GB,generation,VEH0124,2014,2649,,5
PORSCHE,944,944,COUPE,GB,generation,VEH0124,2015,2646,,5
PORSCHE,944,944,COUPE,GB,generation,VEH0124,2016,2471,,6
PORSCHE,944,944,COUPE,GB,generation,VEH0124,2017,2301,0.04691592639270964,6
PORSCHE,944,944,COUPE,GB,generation,VEH0124,2018,2168,0.06639778862689297,6
PORSCHE,944,944,COUPE,GB,generation,VEH0124,2019,2056,0.06132883710575417,6
PORSCHE,944,944,COUPE,GB,generation,VEH0124,2020,1870,0.06909605982445906,6
PORSCHE,944,944,COUPE,GB,generation,VEH0124,2021,1832,0.05608429947278843,7
PORSCHE,944,944,COUPE,GB,generation,VEH0124,2022,1743,0.05500281381272121,7
PORSCHE,944,944,COUPE,GB,generation,VEH0124,2023,1704,0.031007891231311063,7
PORSCHE,944,944,COUPE,GB,generation,VEH0124,2024,1684,0.028087255412148415,7
PORSCHE,944,944,COUPE,GB,generation,VEH0124,2025,1725,0.0034518486027532084,7
PORSCHE,944,944,COUPE,NL,generation,RDW,2026,1441,,8
PORSCHE,968,968,COUPE,GB,generation,VEH0124,2014,528,,4
PORSCHE,968,968,COUPE,GB,generation,VEH0124,2015,514,,4
PORSCHE,968,968,COUPE,GB,generation,VEH0124,2016,495,,4
PORSCHE,968,968,COUPE,GB,generation,VEH0124,2017,480,0.0317574930173979,4
PORSCHE,968,968,COUPE,GB,generation,VEH0124,2018,443,0.04955077705847897,5
PORSCHE,968,968,COUPE,GB,generation,VEH0124,2019,443,0.037021337232171984,5
PORSCHE,968,968,COUPE,GB,generation,VEH0124,2020,395,0.06490675782932492,5
PORSCHE,968,968,COUPE,GB,generation,VEH0124,2021,391,0.04154472440857916,5
PORSCHE,968,968,COUPE,GB,generation,VEH0124,2022,352,0.07659417591309974,5
PORSCHE,968,968,COUPE,GB,generation,VEH0124,2023,327,0.06301833169855067,6
PORSCHE,968,968,COUPE,GB,generation,VEH0124,2024,331,0.0555788428934329,6
PORSCHE,968,968,COUPE,GB,generation,VEH0124,2025,301,0.052220452947766643,6
PORSCHE,968,968,COUPE,NL,generation,RDW,2026,151,,6
PORSCHE,BOXSTER,986,ROADSTER,GB,generation,VEH0124,2014,15715,,2
PORSCHE,BOXSTER,986,ROADSTER,GB,generation,VEH0124,2015,15195,,3
PORSCHE,BOXSTER,986,ROADSTER,GB,generation,VEH0124,2016,14663,,3
PORSCHE,BOXSTER,986,ROADSTER,GB,generation,VEH0124,2017,13949,0.03973068567741766,3
PORSCHE,BOXSTER,986,ROADSTER,GB,generation,VEH0124,2018,13174,0.04757384970089016,3
PORSCHE,BOXSTER,986,ROADSTER,GB,generation,VEH0124,2019,12481,0.053743394034623644,3
PORSCHE,BOXSTER,986,ROADSTER,GB,generation,VEH0124,2020,11674,0.05932762162683908,4
PORSCHE,BOXSTER,986,ROADSTER,GB,generation,VEH0124,2021,11387,0.04856330787613227,4
PORSCHE,BOXSTER,986,ROADSTER,GB,generation,VEH0124,2022,10801,0.04816167601075175,4
PORSCHE,BOXSTER,986,ROADSTER,GB,generation,VEH0124,2023,10004,0.0514949576329812,4
PORSCHE,BOXSTER,986,ROADSTER,GB,generation,VEH0124,2024,9384,0.06447460937668816,4
PORSCHE,BOXSTER,986,ROADSTER,GB,generation,VEH0124,2025,9144,0.05549331316997707,5
PORSCHE,BOXSTER,986,ROADSTER,NL,generation,RDW,2026,1335,,5
PORSCHE,BOXSTER,987,ROADSTER,GB,generation,VEH0124,2014,12011,,1
PORSCHE,BOXSTER,987,ROADSTER,GB,generation,VEH0124,2015,11796,,1
PORSCHE,BOXSTER,987,ROADSTER,GB,generation,VEH0124,2016,11589,,1
PORSCHE,BOXSTER,987,ROADSTER,GB,generation,VEH0124,2017,11308,0.020101787200898974,1
PORSCHE,BOXSTER,987,ROADSTER,GB,generation,VEH0124,2018,10963,0.024412093284497578,2
PORSCHE,BOXSTER,987,ROADSTER,GB,generation,VEH0124,2019,10654,0.02805952698532611,2
PORSCHE,BOXSTER,987,ROADSTER,GB,generation,VEH0124,2020,10243,0.03295869422343528,2
PORSCHE,BOXSTER,987,ROADSTER,GB,generation,VEH0124,2021,10146,0.025797303575666147,2
PORSCHE,BOXSTER,987,ROADSTER,GB,generation,VEH0124,2022,9813,0.02739204302284405,2
PORSCHE,BOXSTER,987,ROADSTER,GB,generation,VEH0124,2023,9512,0.024697032886370984,3
PORSCHE,BOXSTER,987,ROADSTER,GB,generation,VEH0124,2024,9167,0.03381265018254674,3
PORSCHE,BOXSTER,987,ROADSTER,GB,generation,VEH0124,2025,8996,0.028962177869329923,3
PORSCHE,BOXSTER,987,ROADSTER,NL,generation,RDW,2026,923,,3
PORSCHE,BOXSTER,981,ROADSTER,GB,generation,VEH0124,2014,2511,,0
PORSCHE,BOXSTER,981,ROADSTER,GB,generation,VEH0124,2015,3547,,0
PORSCHE,BOXSTER,981,ROADSTER,GB,generation,VEH0124,2016,4821,,0
PORSCHE,BOXSTER,981,ROADSTER,GB,generation,VEH0124,2017,4689,-0.20804232793730607,0
PORSCHE,BOXSTER,981,ROADSTER,GB,generation,VEH0124,2018,4627,-0.08838318378393019,0
PORSCHE,BOXSTER,981,ROADSTER,GB,generation,VEH0124,2019,4571,0.017761949416423367,1
PORSCHE,BOXSTER,981,ROADSTER,GB,generation,VEH0124,2020,4486,0.014745632274395104,1
PORSCHE,BOXSTER,981,ROADSTER,GB,generation,VEH0124,2021,4350,0.02057460892975527,1
PORSCHE,BOXSTER,981,ROADSTER,GB,generation,VEH0124,2022,4412,0.011792275461466066,1
PORSCHE,BOXSTER,981,ROADSTER,GB,generation,VEH0124,2023,4305,0.013737502213919858,1
PORSCHE,BOXSTER,981,ROADSTER,GB,generation,VEH0124,2024,4256,0.007276585901861977,2
PORSCHE,BOXSTER,981,ROADSTER,GB,generation,VEH0124,2025,4232,0.013883546044287867,2
PORSCHE,BOXSTER,981,ROADSTER,NL,generation,RDW,2026,653,,2
PORSCHE,CAYMAN,987,COUPE,GB,generation,VEH0124,2014,6295,,1
PORSCHE,CAYMAN,987,COUPE,GB,generation,VEH0124,2015,6248,,1
PORSCHE,CAYMAN,987,COUPE,GB,generation,VEH0124,2016,6147,,1
PORSCHE,CAYMAN,987,COUPE,GB,generation,VEH0124,2017,5987,0.016718338924355296,1
PORSCHE,CAYMAN,987,COUPE,GB,generation,VEH0124,2018,5871,0.020744834878048023,1
PORSCHE,CAYMAN,987,COUPE,GB,generation,VEH0124,2019,5725,0.023723440638346017,2
PORSCHE,CAYMAN,987,COUPE,GB,generation,VEH0124,2020,5545,0.025553005806884643,2
PORSCHE,CAYMAN,987,COUPE,GB,generation,VEH0124,2021,5483,0.022777355817758516,2
PORSCHE,CAYMAN,987,COUPE,GB,generation,VEH0124,2022,5344,0.02294264646831681,2
PORSCHE,CAYMAN,987,COUPE,GB,generation,VEH0124,2023,5147,0.024844538537085067,2
PORSCHE,CAYMAN,987,COUPE,GB,generation,VEH0124,2024,5015,0.029736350010367906,3
PORSCHE,CAYMAN,987,COUPE,GB,generation,VEH0124,2025,4867,0.03116323678614308,3
PORSCHE,CAYMAN,987,COUPE,NL,generation,RDW,2026,526,,3
PORSCHE,CAYMAN,981,COUPE,GB,generation,VEH0124,2014,2446,,0
PORSCHE,CAYMAN,981,COUPE,GB,generation,VEH0124,2015,3548,,0
PORSCHE,CAYMAN,981,COUPE,GB,generation,VEH0124,2016,4534,,0
PORSCHE,CAYMAN,981,COUPE,GB,generation,VEH0124,2017,4308,-0.18857898217763702,0
PORSCHE,CAYMAN,981,COUPE,GB,generation,VEH0124,2018,4253,-0.06023140965035356,0
PORSCHE,CAYMAN,981,COUPE,GB,generation,VEH0124,2019,4150,0.02951894389685575,1
PORSCHE,CAYMAN,981,COUPE,GB,generation,VEH0124,2020,4068,0.019102326222625834,1
PORSCHE,CAYMAN,981,COUPE,GB,generation,VEH0124,2021,4014,0.019273805190089078,1
PORSCHE,CAYMAN,981,COUPE,GB,generation,VEH0124,2022,3998,0.012428363829851583,1
PORSCHE,CAYMAN,981,COUPE,GB,generation,VEH0124,2023,3940,0.010664217551260902,1
PORSCHE,CAYMAN,981,COUPE,GB,generation,VEH0124,2024,3842,0.014585438951360207,2
PORSCHE,CAYMAN,981,COUPE,GB,generation,VEH0124,2025,3836,0.013774514913851245,2
PORSCHE,CAYMAN,981,COUPE,NL,generation,RDW,2026,302,,2
PORSCHE,CARRERA GT,980,SUPERCAR,GB,generation,VEH0124,2014,38,,2
PORSCHE,CARRERA GT,980,SUPERCAR,GB,generation,VEH0124,2015,43,,2
PORSCHE,CARRERA GT,980,SUPERCAR,GB,generation,VEH0124,2016,33,,2
PORSCHE,CARRERA GT,980,SUPERCAR,GB,generation,VEH0124,2017,37,0.008654271319915424,2
PORSCHE,CARRERA GT,980,SUPERCAR,GB,generation,VEH0124,2018,35,0.06842311657224963,2
PORSCHE,CARRERA GT,980,SUPERCAR,GB,generation,VEH0124,2019,37,-0.03816290481065848,3
PORSCHE,CARRERA GT,980,SUPERCAR,GB,generation,VEH0124,2020,33,0.03805863457893537,3
PORSCHE,CARRERA GT,980,SUPERCAR,GB,generation,VEH0124,2021,36,-0.009500994261025263,3
PORSCHE,CARRERA GT,980,SUPERCAR,GB,generation,VEH0124,2022,37,-0.00010427023172310836,3
PORSCHE,CARRERA GT,980,SUPERCAR,GB,generation,VEH0124,2023,18,0.2021836550265368,3
PORSCHE,CARRERA GT,980,SUPERCAR,GB,generation,VEH0124,2024,19,0.21322183703957617,4
PORSCHE,CARRERA GT,980,SUPERCAR,GB,generation,VEH0124,2025,31,0.05906657313505692,4
PORSCHE,CARRERA GT,980,SUPERCAR,NL,generation,RDW,2026,17,,4
RENAULT,CLIO WILLIAMS,MK1,GTI,GB,generation,VEH0124,2014,157,,4
RENAULT,CLIO WILLIAMS,MK1,GTI,GB,generation,VEH0124,2015,147,,4
RENAULT,CLIO WILLIAMS,MK1,GTI,GB,generation,VEH0124,2016,131,,4
RENAULT,CLIO WILLIAMS,MK1,GTI,GB,generation,VEH0124,2017,122,0.0840274837341598,4
RENAULT,CLIO WILLIAMS,MK1,GTI,GB,generation,VEH0124,2018,121,0.06482009718354445,4
RENAULT,CLIO WILLIAMS,MK1,GTI,GB,generation,VEH0124,2019,117,0.037700267227707744,5
RENAULT,CLIO WILLIAMS,MK1,GTI,GB,generation,VEH0124,2020,103,0.056353187076764205,5
RENAULT,CLIO WILLIAMS,MK1,GTI,GB,generation,VEH0124,2021,101,0.060148442204610915,5
RENAULT,CLIO WILLIAMS,MK1,GTI,GB,generation,VEH0124,2022,93,0.0764610785586876,5
RENAULT,CLIO WILLIAMS,MK1,GTI,GB,generation,VEH0124,2023,83,0.07201208306225294,5
RENAULT,CLIO WILLIAMS,MK1,GTI,GB,generation,VEH0124,2024,75,0.09918638402046571,6
RENAULT,CLIO WILLIAMS,MK1,GTI,GB,generation,VEH0124,2025,75,0.07166053570809745,6
RENAULT,CLIO WILLIAMS,MK1,GTI,NL,generation,RDW,2026,67,,6
RENAULT,CLIO 16V,MK1,GTI,GB,generation,VEH0124,2014,661,,4
RENAULT,CLIO 16V,MK1,GTI,GB,generation,VEH0124,2015,534,,4
RENAULT,CLIO 16V,MK1,GTI,GB,generation,VEH0124,2016,434,,4
RENAULT,CLIO 16V,MK1,GTI,GB,generation,VEH0124,2017,377,0.18710877523817113,4
RENAULT,CLIO 16V,MK1,GTI,GB,generation,VEH0124,2018,318,0.17271085499096503,5
RENAULT,CLIO 16V,MK1,GTI,GB,generation,VEH0124,2019,292,0.13218738794674254,5
RENAULT,CLIO 16V,MK1,GTI,GB,generation,VEH0124,2020,278,0.10156612870597452,5
RENAULT,CLIO 16V,MK1,GTI,GB,generation,VEH0124,2021,252,0.07754909711422235,5
RENAULT,CLIO 16V,MK1,GTI,GB,generation,VEH0124,2022,234,0.07381667295639324,5
RENAULT,CLIO 16V,MK1,GTI,GB,generation,VEH0124,2023,211,0.09198395298938061,6
RENAULT,CLIO 16V,MK1,GTI,GB,generation,VEH0124,2024,189,0.09585935295172077,6
RENAULT,CLIO 16V,MK1,GTI,GB,generation,VEH0124,2025,158,0.1308980055620294,6
RENAULT,CLIO 16V,MK1,GTI,NL,generation,RDW,2026,106,,6
RENAULT,CLIO RS,MK2,GTI,GB,generation,VEH0124,2014,5964,,2
RENAULT,CLIO RS,MK2,GTI,GB,generation,VEH0124,2015,5416,,2
RENAULT,CLIO RS,MK2,GTI,GB,generation,VEH0124,2016,4664,,2
RENAULT,CLIO RS,MK2,GTI,GB,generation,VEH0124,2017,4006,0.13260400689377982,3
RENAULT,CLIO RS,MK2,GTI,GB,generation,VEH0124,2018,3413,0.15389114582180963,3
RENAULT,CLIO RS,MK2,GTI,GB,generation,VEH0124,2019,2917,0.15654640289396507,3
RENAULT,CLIO RS,MK2,GTI,GB,generation,VEH0124,2020,2618,0.14179274903069009,3
RENAULT,CLIO RS,MK2,GTI,GB,generation,VEH0124,2021,2389,0.11888848252299454,3
RENAULT,CLIO RS,MK2,GTI,GB,generation,VEH0124,2022,2199,0.09415027605416933,4
RENAULT,CLIO RS,MK2,GTI,GB,generation,VEH0124,2023,1996,0.09048376262632736,4
RENAULT,CLIO RS,MK2,GTI,GB,generation,VEH0124,2024,1771,0.09973617614167045,4
RENAULT,CLIO RS,MK2,GTI,GB,generation,VEH0124,2025,1668,0.09207990173847608,4
RENAULT,CLIO RS,MK3,GTI,GB,generation,VEH0124,2014,5364,,1
RENAULT,CLIO RS,MK3,GTI,GB,generation,VEH0124,2015,5115,,1
RENAULT,CLIO RS,MK3,GTI,GB,generation,VEH0124,2016,4903,,1
RENAULT,CLIO RS,MK3,GTI,GB,generation,VEH0124,2017,4701,0.04396978143055552,1
RENAULT,CLIO RS,MK3,GTI,GB,generation,VEH0124,2018,4402,0.05003516726819671,1
RENAULT,CLIO RS,MK3,GTI,GB,generation,VEH0124,2019,4017,0.06648280743231476,2
RENAULT,CLIO RS,MK3,GTI,GB,generation,VEH0124,2020,3778,0.07285416119976447,2
RENAULT,CLIO RS,MK3,GTI,GB,generation,VEH0124,2021,3545,0.07216713767695923,2
RENAULT,CLIO RS,MK3,GTI,GB,generation,VEH0124,2022,3315,0.06401385993553597,2
RENAULT,CLIO RS,MK3,GTI,GB,generation,VEH0124,2023,3042,0.07227599530339719,2
RENAULT,CLIO RS,MK3,GTI,GB,generation,VEH0124,2024,2774,0.08172122098296937,3
RENAULT,CLIO RS,MK3,GTI,GB,generation,VEH0124,2025,2575,0.0841763185492284,3
RENAULT,CLIO V6,MK2,SPORTIVE,GB,generation,VEH0124,2014,207,,2
RENAULT,CLIO V6,MK2,SPORTIVE,GB,generation,VEH0124,2015,187,,2
RENAULT,CLIO V6,MK2,SPORTIVE,GB,generation,VEH0124,2016,171,,2
RENAULT,CLIO V6,MK2,SPORTIVE,GB,generation,VEH0124,2017,144,0.12096983543264644,2
RENAULT,CLIO V6,MK2,SPORTIVE,GB,generation,VEH0124,2018,134,0.11108417680618604,3
RENAULT,CLIO V6,MK2,SPORTIVE,GB,generation,VEH0124,2019,122,0.1126245912545887,3
RENAULT,CLIO V6,MK2,SPORTIVE,GB,generation,VEH0124,2020,98,0.1281701656620122,3
RENAULT,CLIO V6,MK2,SPORTIVE,GB,generation,VEH0124,2021,107,0.07485538854708206,3
RENAULT,CLIO V6,MK2,SPORTIVE,GB,generation,VEH0124,2022,97,0.07628940365722109,3
RENAULT,CLIO V6,MK2,SPORTIVE,GB,generation,VEH0124,2023,98,0.0,4
RENAULT,CLIO V6,MK2,SPORTIVE,GB,generation,VEH0124,2024,79,0.1009998408091381,4
RENAULT,CLIO V6,MK2,SPORTIVE,GB,generation,VEH0124,2025,87,0.036096042531642565,4
RENAULT,CLIO V6,MK2,SPORTIVE,NL,generation,RDW,2026,65,,4
RENAULT,MEGANE RS,MK2,GTI,GB,generation,VEH0124,2014,2864,,1
RENAULT,MEGANE RS,MK2,GTI,GB,generation,VEH0124,2015,2658,,1
RENAULT,MEGANE RS,MK2,GTI,GB,generation,VEH0124,2016,2407,,2
RENAULT,MEGANE RS,MK2,GTI,GB,generation,VEH0124,2017,2154,0.09493886603924413,2
RENAULT,MEGANE RS,MK2,GTI,GB,generation,VEH0124,2018,1835,0.12350402062876126,2
RENAULT,MEGANE RS,MK2,GTI,GB,generation,VEH0124,2019,1534,0.15027033972726642,2
RENAULT,MEGANE RS,MK2,GTI,GB,generation,VEH0124,2020,1377,0.1491435348311331,2
RENAULT,MEGANE RS,MK2,GTI,GB,generation,VEH0124,2021,1237,0.13144342947212015,3
RENAULT,MEGANE RS,MK2,GTI,GB,generation,VEH0124,2022,1097,0.11174465758285239,3
RENAULT,MEGANE RS,MK2,GTI,GB,generation,VEH0124,2023,950,0.12381825368718562,3
RENAULT,MEGANE RS,MK2,GTI,GB,generation,VEH0124,2024,854,0.1234918958859138,3
RENAULT,MEGANE RS,MK2,GTI,GB,generation,VEH0124,2025,767,0.11926716431610257,3
RENAULT,MEGANE RS,MK3,GTI,GB,generation,VEH0124,2014,1726,,0
RENAULT,MEGANE RS,MK3,GTI,GB,generation,VEH0124,2015,1907,,0
RENAULT,MEGANE RS,MK3,GTI,GB,generation,VEH0124,2016,2050,,0
RENAULT,MEGANE RS,MK3,GTI,GB,generation,VEH0124,2017,2071,-0.06071736731831082,0
RENAULT,MEGANE RS,MK3,GTI,GB,generation,VEH0124,2018,2036,-0.021767635118831657,1
RENAULT,MEGANE RS,MK3,GTI,GB,generation,VEH0124,2019,1980,0.011588914994634143,1
RENAULT,MEGANE RS,MK3,GTI,GB,generation,VEH0124,2020,1929,0.02366905070659775,1
RENAULT,MEGANE RS,MK3,GTI,GB,generation,VEH0124,2021,1855,0.031031608148860676,1
RENAULT,MEGANE RS,MK3,GTI,GB,generation,VEH0124,2022,1817,0.028632516948271725,1
RENAULT,MEGANE RS,MK3,GTI,GB,generation,VEH0124,2023,1758,0.030962837794325737,2
RENAULT,MEGANE RS,MK3,GTI,GB,generation,VEH0124,2024,1645,0.04001498595932663,2
RENAULT,MEGANE RS,MK3,GTI,GB,generation,VEH0124,2025,1589,0.04466403139663468,2
RENAULT,MEGANE RS,MK3,GTI,NL,generation,RDW,2026,4,,2
RENAULT,SPIDER,SPIDER,ROADSTER,GB,generation,VEH0124,2014,28,,3
RENAULT,SPIDER,SPIDER,ROADSTER,GB,generation,VEH0124,2015,29,,3
RENAULT,SPIDER,SPIDER,ROADSTER,GB,generation,VEH0124,2016,21,,3
RENAULT,SPIDER,SPIDER,ROADSTER,GB,generation,VEH0124,2017,24,0.05112458797765183,4
RENAULT,SPIDER,SPIDER,ROADSTER,GB,generation,VEH0124,2018,23,0.07702596124480411,4
RENAULT,SPIDER,SPIDER,ROADSTER,GB,generation,VEH0124,2019,24,-0.04454095082749491,4
RENAULT,SPIDER,SPIDER,ROADSTER,GB,generation,VEH0124,2020,23,0.014157467364722466,4
RENAULT,SPIDER,SPIDER,ROADSTER,GB,generation,VEH0124,2021,26,-0.04093421967700329,4
RENAULT,SPIDER,SPIDER,ROADSTER,GB,generation,VEH0124,2022,22,0.028984870359240245,5
RENAULT,SPIDER,SPIDER,ROADSTER,GB,generation,VEH0124,2023,20,0.046619223244316665,5
RENAULT,SPIDER,SPIDER,ROADSTER,GB,generation,VEH0124,2024,13,0.23081471007790397,5
RENAULT,SPIDER,SPIDER,ROADSTER,GB,generation,VEH0124,2025,13,0.17509187498820403,5
RENAULT,SPIDER,SPIDER,ROADSTER,NL,generation,RDW,2026,3,,5
RENAULT,5 GT TURBO,MK2,GTI,GB,generation,VEH0124,2014,307,,5
RENAULT,5 GT TURBO,MK2,GTI,GB,generation,VEH0124,2015,297,,5
RENAULT,5 GT TURBO,MK2,GTI,GB,generation,VEH0124,2016,273,,5
RENAULT,5 GT TURBO,MK2,GTI,GB,generation,VEH0124,2017,242,0.07928086543243346,5
RENAULT,5 GT TURBO,MK2,GTI,GB,generation,VEH0124,2018,235,0.07802554061876975,6
RENAULT,5 GT TURBO,MK2,GTI,GB,generation,VEH0124,2019,224,0.06598708013813091,6
RENAULT,5 GT TURBO,MK2,GTI,GB,generation,VEH0124,2020,226,0.022824627147843248,6
RENAULT,5 GT TURBO,MK2,GTI,GB,generation,VEH0124,2021,211,0.035941823307197966,6
RENAULT,5 GT TURBO,MK2,GTI,GB,generation,VEH0124,2022,208,0.02472767813836338,6
RENAULT,5 GT TURBO,MK2,GTI,GB,generation,VEH0124,2023,208,0.02768458892538464,7
RENAULT,5 GT TURBO,MK2,GTI,GB,generation,VEH0124,2024,202,0.01451342134642436,7
RENAULT,5 GT TURBO,MK2,GTI,GB,generation,VEH0124,2025,203,0.008089579327748937,7
RENAULT,5 GT TURBO,MK2,GTI,NL,generation,RDW,2026,383,,7
RENAULT,19 16V,MK1,GTI,GB,generation,VEH0124,2014,58,,4
RENAULT,19 16V,MK1,GTI,GB,generation,VEH0124,2015,48,,4
RENAULT,19 16V,MK1,GTI,GB,generation,VEH0124,2016,43,,4
RENAULT,19 16V,MK1,GTI,GB,generation,VEH0124,2017,40,0.12383909908988178,4
RENAULT,19 16V,MK1,GTI,GB,generation,VEH0124,2018,32,0.1351473563954003,5
RENAULT,19 16V,MK1,GTI,GB,generation,VEH0124,2019,29,0.13139136105435067,5
RENAULT,19 16V,MK1,GTI,GB,generation,VEH0124,2020,28,0.11894109941758264,5
RENAULT,19 16V,MK1,GTI,GB,generation,VEH0124,2021,25,0.0823110721946309,5
RENAULT,19 16V,MK1,GTI,GB,generation,VEH0124,2022,26,0.03639271413593086,5
RENAULT,19 16V,MK1,GTI,GB,generation,VEH0124,2023,19,0.12934370794607386,6
RENAULT,19 16V,MK1,GTI,GB,generation,VEH0124,2024,21,0.05824881554715302,6
RENAULT,19 16V,MK1,GTI,GB,generation,VEH0124,2025,23,0.04098664521801551,6
RENAULT,19 16V,MK1,GTI,NL,generation,RDW,2026,93,,6
RENAULT,TWINGO RS,MK2,GTI,GB,generation,VEH0124,2014,1069,,0
RENAULT,TWINGO RS,MK2,GTI,GB,generation,VEH0124,2015,1045,,1
RENAULT,TWINGO RS,MK2,GTI,GB,generation,VEH0124,2016,1033,,1
RENAULT,TWINGO RS,MK2,GTI,GB,generation,VEH0124,2017,1009,0.019257292273855076,1
RENAULT,TWINGO RS,MK2,GTI,GB,generation,VEH0124,2018,974,0.02345915832273567,1
RENAULT,TWINGO RS,MK2,GTI,GB,generation,VEH0124,2019,955,0.026188301128183756,1
RENAULT,TWINGO RS,MK2,GTI,GB,generation,VEH0124,2020,906,0.03586848452238925,2
RENAULT,TWINGO RS,MK2,GTI,GB,generation,VEH0124,2021,886,0.03153840031688504,2
RENAULT,TWINGO RS,MK2,GTI,GB,generation,VEH0124,2022,830,0.04674590483731814,2
RENAULT,TWINGO RS,MK2,GTI,GB,generation,VEH0124,2023,796,0.04317625927172367,2
RENAULT,TWINGO RS,MK2,GTI,GB,generation,VEH0124,2024,738,0.060897154286225885,2
RENAULT,TWINGO RS,MK2,GTI,GB,generation,VEH0124,2025,707,0.05343268142949148,3
RENAULT,TWINGO RS,MK2,GTI,NL,generation,RDW,2026,1,,3
RENAULT,AVANTIME,MK1,COUPE,GB,generation,VEH0124,2014,274,,2
RENAULT,AVANTIME,MK1,COUPE,GB,generation,VEH0124,2015,246,,2
RENAULT,AVANTIME,MK1,COUPE,GB,generation,VEH0124,2016,210,,2
RENAULT,AVANTIME,MK1,COUPE,GB,generation,VEH0124,2017,205,0.09662807872350963,3
RENAULT,AVANTIME,MK1,COUPE,GB,generation,VEH0124,2018,181,0.10220402105365882,3
RENAULT,AVANTIME,MK1,COUPE,GB,generation,VEH0124,2019,167,0.0764235485016762,3
RENAULT,AVANTIME,MK1,COUPE,GB,generation,VEH0124,2020,146,0.11308946529151866,3
RENAULT,AVANTIME,MK1,COUPE,GB,generation,VEH0124,2021,154,0.05376254870424099,3
RENAULT,AVANTIME,MK1,COUPE,GB,generation,VEH0124,2022,135,0.07083243411275124,4
RENAULT,AVANTIME,MK1,COUPE,GB,generation,VEH0124,2023,125,0.051799749798451346,4
RENAULT,AVANTIME,MK1,COUPE,GB,generation,VEH0124,2024,124,0.07226582692420946,4
RENAULT,AVANTIME,MK1,COUPE,GB,generation,VEH0124,2025,111,0.0652855626328561,4
RENAULT,AVANTIME,MK1,COUPE,NL,generation,RDW,2026,207,,4
SAAB,900 TURBO,CLASSIC,COUPE,GB,generation,VEH0124,2014,1118,,5
SAAB,900 TURBO,CLASSIC,COUPE,GB,generation,VEH0124,2015,1030,,5
SAAB,900 TURBO,CLASSIC,COUPE,GB,generation,VEH0124,2016,981,,6
SAAB,900 TURBO,CLASSIC,COUPE,GB,generation,VEH0124,2017,914,0.06715693589452584,6
SAAB,900 TURBO,CLASSIC,COUPE,GB,generation,VEH0124,2018,853,0.06285013854276515,6
SAAB,900 TURBO,CLASSIC,COUPE,GB,generation,VEH0124,2019,785,0.0743471351015748,6
SAAB,900 TURBO,CLASSIC,COUPE,GB,generation,VEH0124,2020,712,0.08321895277254049,6
SAAB,900 TURBO,CLASSIC,COUPE,GB,generation,VEH0124,2021,695,0.06824038112723603,7
SAAB,900 TURBO,CLASSIC,COUPE,GB,generation,VEH0124,2022,676,0.04977538913320526,7
SAAB,900 TURBO,CLASSIC,COUPE,GB,generation,VEH0124,2023,611,0.05102857790483915,7
SAAB,900 TURBO,CLASSIC,COUPE,GB,generation,VEH0124,2024,583,0.05857225400163064,7
SAAB,900 TURBO,CLASSIC,COUPE,GB,generation,VEH0124,2025,558,0.06394575010838492,7
SAAB,900 TURBO,CLASSIC,COUPE,NL,generation,RDW,2026,508,,8
SAAB,9-3 VIGGEN,MK1,SPORTIVE,GB,generation,VEH0124,2014,161,,2
SAAB,9-3 VIGGEN,MK1,SPORTIVE,GB,generation,VEH0124,2015,160,,3
SAAB,9-3 VIGGEN,MK1,SPORTIVE,GB,generation,VEH0124,2016,137,,3
SAAB,9-3 VIGGEN,MK1,SPORTIVE,GB,generation,VEH0124,2017,132,0.06610471891754667,3
SAAB,9-3 VIGGEN,MK1,SPORTIVE,GB,generation,VEH0124,2018,115,0.11001452169706698,3
SAAB,9-3 VIGGEN,MK1,SPORTIVE,GB,generation,VEH0124,2019,106,0.08557251509980844,3
SAAB,9-3 VIGGEN,MK1,SPORTIVE,GB,generation,VEH0124,2020,101,0.0892442135932502,4
SAAB,9-3 VIGGEN,MK1,SPORTIVE,GB,generation,VEH0124,2021,90,0.08171941391119182,4
SAAB,9-3 VIGGEN,MK1,SPORTIVE,GB,generation,VEH0124,2022,91,0.050850661922703454,4
SAAB,9-3 VIGGEN,MK1,SPORTIVE,GB,generation,VEH0124,2023,89,0.04219026002886401,4
SAAB,9-3 VIGGEN,MK1,SPORTIVE,GB,generation,VEH0124,2024,79,0.04337507734799038,4
SAAB,9-3 VIGGEN,MK1,SPORTIVE,GB,generation,VEH0124,2025,81,0.038721403408831734,5
SAAB,9-3 VIGGEN,MK1,SPORTIVE,NL,generation,RDW,2026,10,,5
SEAT,IBIZA CUPRA,6K,GTI,GB,generation,VEH0124,2014,876,,3
SEAT,IBIZA CUPRA,6K,GTI,GB,generation,VEH0124,2015,642,,3
SEAT,IBIZA CUPRA,6K,GTI,GB,generation,VEH0124,2016,506,,3
SEAT,IBIZA CUPRA,6K,GTI,GB,generation,VEH0124,2017,388,0.27142255761958006,3
SEAT,IBIZA CUPRA,6K,GTI,GB,generation,VEH0124,2018,306,0.24695329279541098,3
SEAT,IBIZA CUPRA,6K,GTI,GB,generation,VEH0124,2019,231,0.2615520088485497,4
SEAT,IBIZA CUPRA,6K,GTI,GB,generation,VEH0124,2020,198,0.22425920779811426,4
SEAT,IBIZA CUPRA,6K,GTI,GB,generation,VEH0124,2021,179,0.17871503023514582,4
SEAT,IBIZA CUPRA,6K,GTI,GB,generation,VEH0124,2022,143,0.1598266965921163,4
SEAT,IBIZA CUPRA,6K,GTI,GB,generation,VEH0124,2023,128,0.14551185302697617,4
SEAT,IBIZA CUPRA,6K,GTI,GB,generation,VEH0124,2024,123,0.12511649819768508,5
SEAT,IBIZA CUPRA,6K,GTI,GB,generation,VEH0124,2025,108,0.09359890980658853,5
SEAT,IBIZA CUPRA,6K,GTI,NL,generation,RDW,2026,7,,5
SEAT,IBIZA CUPRA,6L,GTI,GB,generation,VEH0124,2014,840,,1
SEAT,IBIZA CUPRA,6L,GTI,GB,generation,VEH0124,2015,795,,1
SEAT,IBIZA CUPRA,6L,GTI,GB,generation,VEH0124,2016,717,,2
SEAT,IBIZA CUPRA,6L,GTI,GB,generation,VEH0124,2017,604,0.10992375391330307,2
SEAT,IBIZA CUPRA,6L,GTI,GB,generation,VEH0124,2018,496,0.15726899130445432,2
SEAT,IBIZA CUPRA,6L,GTI,GB,generation,VEH0124,2019,401,0.19383747895459982,2
SEAT,IBIZA CUPRA,6L,GTI,GB,generation,VEH0124,2020,366,0.16701142449741602,2
SEAT,IBIZA CUPRA,6L,GTI,GB,generation,VEH0124,2021,296,0.1721067813682604,3
SEAT,IBIZA CUPRA,6L,GTI,GB,generation,VEH0124,2022,258,0.14701806573966383,3
SEAT,IBIZA CUPRA,6L,GTI,GB,generation,VEH0124,2023,228,0.15787062470250163,3
SEAT,IBIZA CUPRA,6L,GTI,GB,generation,VEH0124,2024,182,0.16202326123772848,3
SEAT,IBIZA CUPRA,6L,GTI,GB,generation,VEH0124,2025,155,0.16975578744850686,3
SEAT,LEON CUPRA,1M,GTI,GB,generation,VEH0124,2014,9444,,2
SEAT,LEON CUPRA,1M,GTI,GB,generation,VEH0124,2015,8436,,2
SEAT,LEON CUPRA,1M,GTI,GB,generation,VEH0124,2016,7453,,2
SEAT,LEON CUPRA,1M,GTI,GB,generation,VEH0124,2017,6251,0.13752735453104661,3
SEAT,LEON CUPRA,1M,GTI,GB,generation,VEH0124,2018,5134,0.1655415331559597,3
SEAT,LEON CUPRA,1M,GTI,GB,generation,VEH0124,2019,4167,0.19393950551003405,3
SEAT,LEON CUPRA,1M,GTI,GB,generation,VEH0124,2020,3430,0.20002003864597892,3
SEAT,LEON CUPRA,1M,GTI,GB,generation,VEH0124,2021,2908,0.18942556479245018,3
SEAT,LEON CUPRA,1M,GTI,GB,generation,VEH0124,2022,2473,0.1738631933041471,4
SEAT,LEON CUPRA,1M,GTI,GB,generation,VEH0124,2023,2057,0.17055395465542642,4
SEAT,LEON CUPRA,1M,GTI,GB,generation,VEH0124,2024,1715,0.17597233338628457,4
SEAT,LEON CUPRA,1M,GTI,GB,generation,VEH0124,2025,1437,0.18091635151193738,4
SEAT,LEON CUPRA,1M,GTI,NL,generation,RDW,2026,3,,4
SEAT,LEON CUPRA,1P,GTI,GB,generation,VEH0124,2014,2297,,1
SEAT,LEON CUPRA,1P,GTI,GB,generation,VEH0124,2015,2258,,1
SEAT,LEON CUPRA,1P,GTI,GB,generation,VEH0124,2016,2194,,1
SEAT,LEON CUPRA,1P,GTI,GB,generation,VEH0124,2017,2101,0.029724325675778013,1
SEAT,LEON CUPRA,1P,GTI,GB,generation,VEH0124,2018,1987,0.042620819616030314,1
SEAT,LEON CUPRA,1P,GTI,GB,generation,VEH0124,2019,1902,0.047639406640021864,2
SEAT,LEON CUPRA,1P,GTI,GB,generation,VEH0124,2020,1825,0.046938968747366916,2
SEAT,LEON CUPRA,1P,GTI,GB,generation,VEH0124,2021,1747,0.042900370340527606,2
SEAT,LEON CUPRA,1P,GTI,GB,generation,VEH0124,2022,1630,0.05143955405549699,2
SEAT,LEON CUPRA,1P,GTI,GB,generation,VEH0124,2023,1483,0.06921835200610103,2
SEAT,LEON CUPRA,1P,GTI,GB,generation,VEH0124,2024,1359,0.0836947267214177,3
SEAT,LEON CUPRA,1P,GTI,GB,generation,VEH0124,2025,1229,0.09411128588488095,3
SEAT,LEON CUPRA,1P,GTI,NL,generation,RDW,2026,7,,3
SKODA,OCTAVIA VRS,1U,GTI,GB,generation,VEH0124,2014,4254,,2
SKODA,OCTAVIA VRS,1U,GTI,GB,generation,VEH0124,2015,3849,,2
SKODA,OCTAVIA VRS,1U,GTI,GB,generation,VEH0124,2016,3458,,2
SKODA,OCTAVIA VRS,1U,GTI,GB,generation,VEH0124,2017,2930,0.12427326307682655,2
SKODA,OCTAVIA VRS,1U,GTI,GB,generation,VEH0124,2018,2446,0.15112565696795022,3
SKODA,OCTAVIA VRS,1U,GTI,GB,generation,VEH0124,2019,2075,0.17035968270732796,3
SKODA,OCTAVIA VRS,1U,GTI,GB,generation,VEH0124,2020,1757,0.17043001848652514,3
SKODA,OCTAVIA VRS,1U,GTI,GB,generation,VEH0124,2021,1517,0.15919723775865915,3
SKODA,OCTAVIA VRS,1U,GTI,GB,generation,VEH0124,2022,1330,0.14821067605047497,3
SKODA,OCTAVIA VRS,1U,GTI,GB,generation,VEH0124,2023,1146,0.1425409609413318,4
SKODA,OCTAVIA VRS,1U,GTI,GB,generation,VEH0124,2024,952,0.15524566045124855,4
SKODA,OCTAVIA VRS,1U,GTI,GB,generation,VEH0124,2025,797,0.1706410639868097,4
SKODA,OCTAVIA VRS,1Z,GTI,GB,generation,VEH0124,2014,15422,,1
SKODA,OCTAVIA VRS,1Z,GTI,GB,generation,VEH0124,2015,15212,,1
SKODA,OCTAVIA VRS,1Z,GTI,GB,generation,VEH0124,2016,14860,,1
SKODA,OCTAVIA VRS,1Z,GTI,GB,generation,VEH0124,2017,14453,0.021624497814869997,1
SKODA,OCTAVIA VRS,1Z,GTI,GB,generation,VEH0124,2018,13977,0.02822181764058226,1
SKODA,OCTAVIA VRS,1Z,GTI,GB,generation,VEH0124,2019,13378,0.0350444775020439,2
SKODA,OCTAVIA VRS,1Z,GTI,GB,generation,VEH0124,2020,12944,0.036751667822105864,2
SKODA,OCTAVIA VRS,1Z,GTI,GB,generation,VEH0124,2021,12407,0.03971457812083474,2
SKODA,OCTAVIA VRS,1Z,GTI,GB,generation,VEH0124,2022,11837,0.040791667242301176,2
SKODA,OCTAVIA VRS,1Z,GTI,GB,generation,VEH0124,2023,11050,0.052770096613428574,2
SKODA,OCTAVIA VRS,1Z,GTI,GB,generation,VEH0124,2024,10062,0.06979409262720683,3
SKODA,OCTAVIA VRS,1Z,GTI,GB,generation,VEH0124,2025,9112,0.08718703592650501,3
SKODA,OCTAVIA VRS,1Z,GTI,NL,generation,RDW,2026,1,,3
SMART,ROADSTER,452,ROADSTER,GB,generation,VEH0124,2014,4696,,2
SMART,ROADSTER,452,ROADSTER,GB,generation,VEH0124,2015,4388,,2
SMART,ROADSTER,452,ROADSTER,GB,generation,VEH0124,2016,4041,,2
SMART,ROADSTER,452,ROADSTER,GB,generation,VEH0124,2017,3753,0.0746946179129172,2
SMART,ROADSTER,452,ROADSTER,GB,generation,VEH0124,2018,3485,0.07677935678143347,2
SMART,ROADSTER,452,ROADSTER,GB,generation,VEH0124,2019,3212,0.07658521639435407,3
SMART,ROADSTER,452,ROADSTER,GB,generation,VEH0124,2020,2904,0.08545549126772047,3
SMART,ROADSTER,452,ROADSTER,GB,generation,VEH0124,2021,2666,0.08926556554331282,3
SMART,ROADSTER,452,ROADSTER,GB,generation,VEH0124,2022,2509,0.08230103399602158,3
SMART,ROADSTER,452,ROADSTER,GB,generation,VEH0124,2023,2269,0.08230629931320527,3
SMART,ROADSTER,452,ROADSTER,GB,generation,VEH0124,2024,2015,0.09327572867171048,4
SMART,ROADSTER,452,ROADSTER,GB,generation,VEH0124,2025,1896,0.09333504833833767,4
SMART,ROADSTER,452,ROADSTER,NL,generation,RDW,2026,1114,,4
SUBARU,IMPREZA WRX,GC8,SPORTIVE,GB,generation,VEH0124,2014,5648,,3
SUBARU,IMPREZA WRX,GC8,SPORTIVE,GB,generation,VEH0124,2015,4728,,3
SUBARU,IMPREZA WRX,GC8,SPORTIVE,GB,generation,VEH0124,2016,4061,,4
SUBARU,IMPREZA WRX,GC8,SPORTIVE,GB,generation,VEH0124,2017,3470,0.1623549279406081,4
SUBARU,IMPREZA WRX,GC8,SPORTIVE,GB,generation,VEH0124,2018,2965,0.1555096897710759,4
SUBARU,IMPREZA WRX,GC8,SPORTIVE,GB,generation,VEH0124,2019,2523,0.15876886438015914,4
SUBARU,IMPREZA WRX,GC8,SPORTIVE,GB,generation,VEH0124,2020,2231,0.14722364120328957,4
SUBARU,IMPREZA WRX,GC8,SPORTIVE,GB,generation,VEH0124,2021,2013,0.1290599445917438,5
SUBARU,IMPREZA WRX,GC8,SPORTIVE,GB,generation,VEH0124,2022,1780,0.11624598043224277,5
SUBARU,IMPREZA WRX,GC8,SPORTIVE,GB,generation,VEH0124,2023,1587,0.11361258821389175,5
SUBARU,IMPREZA WRX,GC8,SPORTIVE,GB,generation,VEH0124,2024,1495,0.09918014261023723,5
SUBARU,IMPREZA WRX,GC8,SPORTIVE,GB,generation,VEH0124,2025,1462,0.06559317463736268,5
SUBARU,IMPREZA WRX,GC8,SPORTIVE,NL,generation,RDW,2026,103,,6
SUBARU,IMPREZA WRX,GD,SPORTIVE,GB,generation,VEH0124,2014,15388,,2
SUBARU,IMPREZA WRX,GD,SPORTIVE,GB,generation,VEH0124,2015,14442,,2
SUBARU,IMPREZA WRX,GD,SPORTIVE,GB,generation,VEH0124,2016,13427,,2
SUBARU,IMPREZA WRX,GD,SPORTIVE,GB,generation,VEH0124,2017,12225,0.07668777088815965,2
SUBARU,IMPREZA WRX,GD,SPORTIVE,GB,generation,VEH0124,2018,11042,0.08947302012700793,3
SUBARU,IMPREZA WRX,GD,SPORTIVE,GB,generation,VEH0124,2019,9938,0.10036930301396267,3
SUBARU,IMPREZA WRX,GD,SPORTIVE,GB,generation,VEH0124,2020,9232,0.09359939415022749,3
SUBARU,IMPREZA WRX,GD,SPORTIVE,GB,generation,VEH0124,2021,8599,0.08334335455300675,3
SUBARU,IMPREZA WRX,GD,SPORTIVE,GB,generation,VEH0124,2022,7852,0.07851913599963924,3
SUBARU,IMPREZA WRX,GD,SPORTIVE,GB,generation,VEH0124,2023,7095,0.08782191053963706,4
SUBARU,IMPREZA WRX,GD,SPORTIVE,GB,generation,VEH0124,2024,6494,0.09357251645513176,4
SUBARU,IMPREZA WRX,GD,SPORTIVE,GB,generation,VEH0124,2025,6138,0.08206533237307109,4
SUBARU,IMPREZA WRX,GD,SPORTIVE,NL,generation,RDW,2026,54,,4
SUBARU,IMPREZA WRX,GR,SPORTIVE,GB,generation,VEH0124,2014,1863,,0
SUBARU,IMPREZA WRX,GR,SPORTIVE,GB,generation,VEH0124,2015,1831,,0
SUBARU,IMPREZA WRX,GR,SPORTIVE,GB,generation,VEH0124,2016,1769,,1
SUBARU,IMPREZA WRX,GR,SPORTIVE,GB,generation,VEH0124,2017,1682,0.03406011629856966,1
SUBARU,IMPREZA WRX,GR,SPORTIVE,GB,generation,VEH0124,2018,1606,0.043703757043957174,1
SUBARU,IMPREZA WRX,GR,SPORTIVE,GB,generation,VEH0124,2019,1507,0.053467761866241026,1
SUBARU,IMPREZA WRX,GR,SPORTIVE,GB,generation,VEH0124,2020,1447,0.050161035740237885,1
SUBARU,IMPREZA WRX,GR,SPORTIVE,GB,generation,VEH0124,2021,1386,0.04910484643654162,2
SUBARU,IMPREZA WRX,GR,SPORTIVE,GB,generation,VEH0124,2022,1284,0.053379772337095656,2
SUBARU,IMPREZA WRX,GR,SPORTIVE,GB,generation,VEH0124,2023,1251,0.04854963580284024,2
SUBARU,IMPREZA WRX,GR,SPORTIVE,GB,generation,VEH0124,2024,1171,0.056166195546191545,2
SUBARU,IMPREZA WRX,GR,SPORTIVE,GB,generation,VEH0124,2025,1113,0.04761277999305873,2
SUBARU,IMPREZA WRX,GR,SPORTIVE,NL,generation,RDW,2026,26,,3
SUBARU,BRZ,ZC6,COUPE,GB,generation,VEH0124,2014,320,,-1
SUBARU,BRZ,ZC6,COUPE,GB,generation,VEH0124,2015,455,,-1
SUBARU,BRZ,ZC6,COUPE,GB,generation,VEH0124,2016,565,,0
SUBARU,BRZ,ZC6,COUPE,GB,generation,VEH0124,2017,711,-0.2661020791464116,0
SUBARU,BRZ,ZC6,COUPE,GB,generation,VEH0124,2018,770,-0.17528714033758974,0
SUBARU,BRZ,ZC6,COUPE,GB,generation,VEH0124,2019,841,-0.1326794570811705,0
SUBARU,BRZ,ZC6,COUPE,GB,generation,VEH0124,2020,879,-0.07071230704664684,0
SUBARU,BRZ,ZC6,COUPE,GB,generation,VEH0124,2021,898,-0.05125468422049916,1
SUBARU,BRZ,ZC6,COUPE,GB,generation,VEH0124,2022,888,-0.018098833465727746,1
SUBARU,BRZ,ZC6,COUPE,GB,generation,VEH0124,2023,862,0.006514334492782668,1
SUBARU,BRZ,ZC6,COUPE,GB,generation,VEH0124,2024,865,0.01249190151364505,1
SUBARU,BRZ,ZC6,COUPE,GB,generation,VEH0124,2025,856,0.012245334574475292,1
SUBARU,BRZ,ZC6,COUPE,NL,generation,RDW,2026,98,,2
SUZUKI,CAPPUCCINO,EA11R,ROADSTER,GB,generation,VEH0124,2014,300,,4
SUZUKI,CAPPUCCINO,EA11R,ROADSTER,GB,generation,VEH0124,2015,275,,4
SUZUKI,CAPPUCCINO,EA11R,ROADSTER,GB,generation,VEH0124,2016,249,,4
SUZUKI,CAPPUCCINO,EA11R,ROADSTER,GB,generation,VEH0124,2017,221,0.1018525182269594,4
SUZUKI,CAPPUCCINO,EA11R,ROADSTER,GB,generation,VEH0124,2018,192,0.11975008594453913,4
SUZUKI,CAPPUCCINO,EA11R,ROADSTER,GB,generation,VEH0124,2019,174,0.11954769168550466,5
SUZUKI,CAPPUCCINO,EA11R,ROADSTER,GB,generation,VEH0124,2020,163,0.10148081699379392,5
SUZUKI,CAPPUCCINO,EA11R,ROADSTER,GB,generation,VEH0124,2021,152,0.07786543663704103,5
SUZUKI,CAPPUCCINO,EA11R,ROADSTER,GB,generation,VEH0124,2022,148,0.05392510846509504,5
SUZUKI,CAPPUCCINO,EA11R,ROADSTER,GB,generation,VEH0124,2023,131,0.07290085711913194,5
SUZUKI,CAPPUCCINO,EA11R,ROADSTER,GB,generation,VEH0124,2024,125,0.0651908494762191,6
SUZUKI,CAPPUCCINO,EA11R,ROADSTER,GB,generation,VEH0124,2025,122,0.06439845560780268,6
SUZUKI,CAPPUCCINO,EA11R,ROADSTER,NL,generation,RDW,2026,59,,6
SUZUKI,SWIFT SPORT,ZC31,GTI,GB,generation,VEH0124,2014,4639,,1
SUZUKI,SWIFT SPORT,ZC31,GTI,GB,generation,VEH0124,2015,4546,,1
SUZUKI,SWIFT SPORT,ZC31,GTI,GB,generation,VEH0124,2016,4424,,1
SUZUKI,SWIFT SPORT,ZC31,GTI,GB,generation,VEH0124,2017,4271,0.027544355588416346,1
SUZUKI,SWIFT SPORT,ZC31,GTI,GB,generation,VEH0124,2018,4097,0.03466319248516315,2
SUZUKI,SWIFT SPORT,ZC31,GTI,GB,generation,VEH0124,2019,3830,0.04809273802765899,2
SUZUKI,SWIFT SPORT,ZC31,GTI,GB,generation,VEH0124,2020,3636,0.05364398129523479,2
SUZUKI,SWIFT SPORT,ZC31,GTI,GB,generation,VEH0124,2021,3396,0.06254771375848046,2
SUZUKI,SWIFT SPORT,ZC31,GTI,GB,generation,VEH0124,2022,3174,0.06261957993910142,2
SUZUKI,SWIFT SPORT,ZC31,GTI,GB,generation,VEH0124,2023,2861,0.07995904973590097,3
SUZUKI,SWIFT SPORT,ZC31,GTI,GB,generation,VEH0124,2024,2489,0.1035164100452352,3
SUZUKI,SWIFT SPORT,ZC31,GTI,GB,generation,VEH0124,2025,2166,0.1273304526896758,3
SUZUKI,SWIFT SPORT,ZC31,GTI,NL,generation,RDW,2026,27,,3
TOYOTA,SUPRA,A70,SPORTIVE,GB,generation,VEH0124,2014,404,,5
TOYOTA,SUPRA,A70,SPORTIVE,GB,generation,VEH0124,2015,384,,5
TOYOTA,SUPRA,A70,SPORTIVE,GB,generation,VEH0124,2016,354,,5
TOYOTA,SUPRA,A70,SPORTIVE,GB,generation,VEH0124,2017,340,0.057454993968595526,5
TOYOTA,SUPRA,A70,SPORTIVE,GB,generation,VEH0124,2018,320,0.06074134216568238,5
TOYOTA,SUPRA,A70,SPORTIVE,GB,generation,VEH0124,2019,287,0.06998613535699481,6
TOYOTA,SUPRA,A70,SPORTIVE,GB,generation,VEH0124,2020,274,0.07194619803876075,6
TOYOTA,SUPRA,A70,SPORTIVE,GB,generation,VEH0124,2021,260,0.06921828206740754,6
TOYOTA,SUPRA,A70,SPORTIVE,GB,generation,VEH0124,2022,228,0.07672249242844713,6
TOYOTA,SUPRA,A70,SPORTIVE,GB,generation,VEH0124,2023,198,0.10836119442654225,6
TOYOTA,SUPRA,A70,SPORTIVE,GB,generation,VEH0124,2024,199,0.089191238327381,7
TOYOTA,SUPRA,A70,SPORTIVE,GB,generation,VEH0124,2025,212,0.024274321116290992,7
TOYOTA,SUPRA,A70,SPORTIVE,NL,generation,RDW,2026,187,,7
TOYOTA,SUPRA,A80,SPORTIVE,GB,generation,VEH0124,2014,1557,,3
TOYOTA,SUPRA,A80,SPORTIVE,GB,generation,VEH0124,2015,1517,,3
TOYOTA,SUPRA,A80,SPORTIVE,GB,generation,VEH0124,2016,1436,,3
TOYOTA,SUPRA,A80,SPORTIVE,GB,generation,VEH0124,2017,1346,0.04852445810549184,4
TOYOTA,SUPRA,A80,SPORTIVE,GB,generation,VEH0124,2018,1234,0.06882172191003723,4
TOYOTA,SUPRA,A80,SPORTIVE,GB,generation,VEH0124,2019,1137,0.07787605520730638,4
TOYOTA,SUPRA,A80,SPORTIVE,GB,generation,VEH0124,2020,995,0.10066399289583654,4
TOYOTA,SUPRA,A80,SPORTIVE,GB,generation,VEH0124,2021,939,0.09100770092785854,4
TOYOTA,SUPRA,A80,SPORTIVE,GB,generation,VEH0124,2022,882,0.08458854475046841,5
TOYOTA,SUPRA,A80,SPORTIVE,GB,generation,VEH0124,2023,793,0.0756916466164821,5
TOYOTA,SUPRA,A80,SPORTIVE,GB,generation,VEH0124,2024,736,0.08118275129398077,5
TOYOTA,SUPRA,A80,SPORTIVE,GB,generation,VEH0124,2025,702,0.07607034921266326,5
TOYOTA,SUPRA,A80,SPORTIVE,NL,generation,RDW,2026,187,,5
TOYOTA,MR2,SW20,SPORTIVE,GB,generation,VEH0124,2014,6007,,4
TOYOTA,MR2,SW20,SPORTIVE,GB,generation,VEH0124,2015,5335,,4
TOYOTA,MR2,SW20,SPORTIVE,GB,generation,VEH0124,2016,4766,,4
TOYOTA,MR2,SW20,SPORTIVE,GB,generation,VEH0124,2017,4155,0.1228523816621739,4
TOYOTA,MR2,SW20,SPORTIVE,GB,generation,VEH0124,2018,3716,0.12052680197012965,4
TOYOTA,MR2,SW20,SPORTIVE,GB,generation,VEH0124,2019,3332,0.11939327169804224,5
TOYOTA,MR2,SW20,SPORTIVE,GB,generation,VEH0124,2020,3035,0.10468696041170435,5
TOYOTA,MR2,SW20,SPORTIVE,GB,generation,VEH0124,2021,2873,0.08573733582005029,5
TOYOTA,MR2,SW20,SPORTIVE,GB,generation,VEH0124,2022,2646,0.0768087637646733,5
TOYOTA,MR2,SW20,SPORTIVE,GB,generation,VEH0124,2023,2439,0.0729243490891983,5
TOYOTA,MR2,SW20,SPORTIVE,GB,generation,VEH0124,2024,2232,0.08412972127909894,6
TOYOTA,MR2,SW20,SPORTIVE,GB,generation,VEH0124,2025,2138,0.07102725900304258,6
TOYOTA,MR2,SW20,SPORTIVE,NL,generation,RDW,2026,646,,6
TOYOTA,MR2,ZZW30,ROADSTER,GB,generation,VEH0124,2014,10807,,2
TOYOTA,MR2,ZZW30,ROADSTER,GB,generation,VEH0124,2015,10267,,2
TOYOTA,MR2,ZZW30,ROADSTER,GB,generation,VEH0124,2016,9518,,2
TOYOTA,MR2,ZZW30,ROADSTER,GB,generation,VEH0124,2017,8541,0.07842334712255729,2
TOYOTA,MR2,ZZW30,ROADSTER,GB,generation,VEH0124,2018,7791,0.09198251840653003,3
TOYOTA,MR2,ZZW30,ROADSTER,GB,generation,VEH0124,2019,7193,0.09342274832415846,3
TOYOTA,MR2,ZZW30,ROADSTER,GB,generation,VEH0124,2020,6410,0.09563343681656089,3
TOYOTA,MR2,ZZW30,ROADSTER,GB,generation,VEH0124,2021,6137,0.07949384717295158,3
TOYOTA,MR2,ZZW30,ROADSTER,GB,generation,VEH0124,2022,5631,0.0815579555351202,3
TOYOTA,MR2,ZZW30,ROADSTER,GB,generation,VEH0124,2023,5158,0.07248640206271095,4
TOYOTA,MR2,ZZW30,ROADSTER,GB,generation,VEH0124,2024,4703,0.08868840479545366,4
TOYOTA,MR2,ZZW30,ROADSTER,GB,generation,VEH0124,2025,4370,0.0844817310578471,4
TOYOTA,MR2,ZZW30,ROADSTER,NL,generation,RDW,2026,887,,4
TOYOTA,CELICA,T200,COUPE,GB,generation,VEH0124,2014,5700,,3
TOYOTA,CELICA,T200,COUPE,GB,generation,VEH0124,2015,4812,,3
TOYOTA,CELICA,T200,COUPE,GB,generation,VEH0124,2016,3893,,4
TOYOTA,CELICA,T200,COUPE,GB,generation,VEH0124,2017,3237,0.1885424331699134,4
TOYOTA,CELICA,T200,COUPE,GB,generation,VEH0124,2018,2707,0.19169545382288952,4
TOYOTA,CELICA,T200,COUPE,GB,generation,VEH0124,2019,2356,0.16751959519354975,4
TOYOTA,CELICA,T200,COUPE,GB,generation,VEH0124,2020,2111,0.14249259637461573,4
TOYOTA,CELICA,T200,COUPE,GB,generation,VEH0124,2021,1898,0.11832775789960708,5
TOYOTA,CELICA,T200,COUPE,GB,generation,VEH0124,2022,1676,0.11349610190632325,5
TOYOTA,CELICA,T200,COUPE,GB,generation,VEH0124,2023,1497,0.11464469115737856,5
TOYOTA,CELICA,T200,COUPE,GB,generation,VEH0124,2024,1375,0.10744510984268922,5
TOYOTA,CELICA,T200,COUPE,GB,generation,VEH0124,2025,1228,0.10366792558954852,5
TOYOTA,CELICA,T200,COUPE,NL,generation,RDW,2026,444,,6
TOYOTA,CELICA,T230,COUPE,GB,generation,VEH0124,2014,24819,,2
TOYOTA,CELICA,T230,COUPE,GB,generation,VEH0124,2015,22692,,2
TOYOTA,CELICA,T230,COUPE,GB,generation,VEH0124,2016,20347,,2
TOYOTA,CELICA,T230,COUPE,GB,generation,VEH0124,2017,17790,0.1109676056055575,3
TOYOTA,CELICA,T230,COUPE,GB,generation,VEH0124,2018,15256,0.1323377606687861,3
TOYOTA,CELICA,T230,COUPE,GB,generation,VEH0124,2019,12955,0.15058696011004838,3
TOYOTA,CELICA,T230,COUPE,GB,generation,VEH0124,2020,11229,0.15335367240874664,3
TOYOTA,CELICA,T230,COUPE,GB,generation,VEH0124,2021,9736,0.14968640514295398,3
TOYOTA,CELICA,T230,COUPE,GB,generation,VEH0124,2022,8486,0.140987636033673,4
TOYOTA,CELICA,T230,COUPE,GB,generation,VEH0124,2023,7287,0.1442346495379443,4
TOYOTA,CELICA,T230,COUPE,GB,generation,VEH0124,2024,6278,0.1462239791385962,4
TOYOTA,CELICA,T230,COUPE,GB,generation,VEH0124,2025,5418,0.14953027746038342,4
TOYOTA,CELICA,T230,COUPE,NL,generation,RDW,2026,1067,,4
TOYOTA,CELICA GT-FOUR,ST185_ST205,SPORTIVE,GB,generation,VEH0124,2014,39,,4
TOYOTA,CELICA GT-FOUR,ST185_ST205,SPORTIVE,GB,generation,VEH0124,2015,37,,4
TOYOTA,CELICA GT-FOUR,ST185_ST205,SPORTIVE,GB,generation,VEH0124,2016,34,,4
TOYOTA,CELICA GT-FOUR,ST185_ST205,SPORTIVE,GB,generation,VEH0124,2017,35,0.036018838059500534,4
TOYOTA,CELICA GT-FOUR,ST185_ST205,SPORTIVE,GB,generation,VEH0124,2018,30,0.0698776619420171,4
TOYOTA,CELICA GT-FOUR,ST185_ST205,SPORTIVE,GB,generation,VEH0124,2019,31,0.030812196509455093,5
TOYOTA,CELICA GT-FOUR,ST185_ST205,SPORTIVE,GB,generation,VEH0124,2020,29,0.06266623090831287,5
TOYOTA,CELICA GT-FOUR,ST185_ST205,SPORTIVE,GB,generation,VEH0124,2021,33,-0.031852600808562226,5
TOYOTA,CELICA GT-FOUR,ST185_ST205,SPORTIVE,GB,generation,VEH0124,2022,24,0.08530877643083697,5
TOYOTA,CELICA GT-FOUR,ST185_ST205,SPORTIVE,GB,generation,VEH0124,2023,26,0.03642469533352816,5
TOYOTA,CELICA GT-FOUR,ST185_ST205,SPORTIVE,GB,generation,VEH0124,2024,20,0.16680031714818153,6
TOYOTA,CELICA GT-FOUR,ST185_ST205,SPORTIVE,GB,generation,VEH0124,2025,21,0.04430183974733235,6
TOYOTA,CELICA GT-FOUR,ST185_ST205,SPORTIVE,NL,generation,RDW,2026,1,,6
TOYOTA,GT86,ZN6,COUPE,GB,generation,VEH0124,2014,4001,,-1
TOYOTA,GT86,ZN6,COUPE,GB,generation,VEH0124,2015,4679,,-1
TOYOTA,GT86,ZN6,COUPE,GB,generation,VEH0124,2016,5325,,0
TOYOTA,GT86,ZN6,COUPE,GB,generation,VEH0124,2017,5858,-0.12705715338862159,0
TOYOTA,GT86,ZN6,COUPE,GB,generation,VEH0124,2018,6281,-0.09809762268938192,0
TOYOTA,GT86,ZN6,COUPE,GB,generation,VEH0124,2019,6575,-0.0703354308014252,0
TOYOTA,GT86,ZN6,COUPE,GB,generation,VEH0124,2020,6732,-0.0463649195037047,0
TOYOTA,GT86,ZN6,COUPE,GB,generation,VEH0124,2021,6550,-0.013966683537043728,1
TOYOTA,GT86,ZN6,COUPE,GB,generation,VEH0124,2022,6760,-0.00923426631269739,1
TOYOTA,GT86,ZN6,COUPE,GB,generation,VEH0124,2023,7873,-0.052224715160634434,1
TOYOTA,GT86,ZN6,COUPE,GB,generation,VEH0124,2024,7808,-0.05860893251213795,1
TOYOTA,GT86,ZN6,COUPE,GB,generation,VEH0124,2025,7720,-0.04430169791648997,1
TOYOTA,GT86,ZN6,COUPE,NL,generation,RDW,2026,460,,2
TVR,CHIMAERA,CHIMAERA,ROADSTER,GB,generation,VEH0124,2014,2366,,3
TVR,CHIMAERA,CHIMAERA,ROADSTER,GB,generation,VEH0124,2015,2359,,3
TVR,CHIMAERA,CHIMAERA,ROADSTER,GB,generation,VEH0124,2016,2218,,3
TVR,CHIMAERA,CHIMAERA,ROADSTER,GB,generation,VEH0124,2017,2179,0.027407531563932972,4
TVR,CHIMAERA,CHIMAERA,ROADSTER,GB,generation,VEH0124,2018,2102,0.03841967509107761,4
TVR,CHIMAERA,CHIMAERA,ROADSTER,GB,generation,VEH0124,2019,2017,0.03168656492371324,4
TVR,CHIMAERA,CHIMAERA,ROADSTER,GB,generation,VEH0124,2020,1889,0.04757900996797013,4
TVR,CHIMAERA,CHIMAERA,ROADSTER,GB,generation,VEH0124,2021,1902,0.033290843880761374,4
TVR,CHIMAERA,CHIMAERA,ROADSTER,GB,generation,VEH0124,2022,1799,0.03809312942344692,5
TVR,CHIMAERA,CHIMAERA,ROADSTER,GB,generation,VEH0124,2023,1671,0.040903109621423565,5
TVR,CHIMAERA,CHIMAERA,ROADSTER,GB,generation,VEH0124,2024,1640,0.04942001226534241,5
TVR,CHIMAERA,CHIMAERA,ROADSTER,GB,generation,VEH0124,2025,1590,0.041176775560371824,5
TVR,CHIMAERA,CHIMAERA,ROADSTER,NL,generation,RDW,2026,92,,5
TVR,GRIFFITH,GRIFFITH,ROADSTER,GB,generation,VEH0124,2014,643,,3
TVR,GRIFFITH,GRIFFITH,ROADSTER,GB,generation,VEH0124,2015,606,,3
TVR,GRIFFITH,GRIFFITH,ROADSTER,GB,generation,VEH0124,2016,626,,4
TVR,GRIFFITH,GRIFFITH,ROADSTER,GB,generation,VEH0124,2017,592,0.027594489482889412,4
TVR,GRIFFITH,GRIFFITH,ROADSTER,GB,generation,VEH0124,2018,568,0.02163056673175608,4
TVR,GRIFFITH,GRIFFITH,ROADSTER,GB,generation,VEH0124,2019,559,0.037759477602201795,4
TVR,GRIFFITH,GRIFFITH,ROADSTER,GB,generation,VEH0124,2020,508,0.05095614399890581,4
TVR,GRIFFITH,GRIFFITH,ROADSTER,GB,generation,VEH0124,2021,511,0.035187564731924206,5
TVR,GRIFFITH,GRIFFITH,ROADSTER,GB,generation,VEH0124,2022,506,0.03313982157818492,5
TVR,GRIFFITH,GRIFFITH,ROADSTER,GB,generation,VEH0124,2023,469,0.02664446351875532,5
TVR,GRIFFITH,GRIFFITH,ROADSTER,GB,generation,VEH0124,2024,460,0.035054046543116286,5
TVR,GRIFFITH,GRIFFITH,ROADSTER,GB,generation,VEH0124,2025,450,0.03910548153341451,5
TVR,GRIFFITH,GRIFFITH,ROADSTER,NL,generation,RDW,2026,58,,6
TVR,CERBERA,CERBERA,COUPE,GB,generation,VEH0124,2014,445,,2
TVR,CERBERA,CERBERA,COUPE,GB,generation,VEH0124,2015,451,,2
TVR,CERBERA,CERBERA,COUPE,GB,generation,VEH0124,2016,435,,3
TVR,CERBERA,CERBERA,COUPE,GB,generation,VEH0124,2017,403,0.03303562102361099,3
TVR,CERBERA,CERBERA,COUPE,GB,generation,VEH0124,2018,367,0.06871596663203841,3
TVR,CERBERA,CERBERA,COUPE,GB,generation,VEH0124,2019,367,0.05670020351891322,3
TVR,CERBERA,CERBERA,COUPE,GB,generation,VEH0124,2020,332,0.06455343411697669,3
TVR,CERBERA,CERBERA,COUPE,GB,generation,VEH0124,2021,331,0.034346718629470946,4
TVR,CERBERA,CERBERA,COUPE,GB,generation,VEH0124,2022,308,0.05836935869830592,4
TVR,CERBERA,CERBERA,COUPE,GB,generation,VEH0124,2023,276,0.06162021113566979,4
TVR,CERBERA,CERBERA,COUPE,GB,generation,VEH0124,2024,268,0.07039852818632923,4
TVR,CERBERA,CERBERA,COUPE,GB,generation,VEH0124,2025,273,0.04021006294880366,4
TVR,CERBERA,CERBERA,COUPE,NL,generation,RDW,2026,20,,5
TVR,TUSCAN,TUSCAN,SPORTIVE,GB,generation,VEH0124,2014,847,,2
TVR,TUSCAN,TUSCAN,SPORTIVE,GB,generation,VEH0124,2015,840,,2
TVR,TUSCAN,TUSCAN,SPORTIVE,GB,generation,VEH0124,2016,816,,2
TVR,TUSCAN,TUSCAN,SPORTIVE,GB,generation,VEH0124,2017,770,0.031765401860590875,3
TVR,TUSCAN,TUSCAN,SPORTIVE,GB,generation,VEH0124,2018,744,0.04045490857043455,3
TVR,TUSCAN,TUSCAN,SPORTIVE,GB,generation,VEH0124,2019,718,0.04267747311029791,3
TVR,TUSCAN,TUSCAN,SPORTIVE,GB,generation,VEH0124,2020,664,0.049332012102663005,3
TVR,TUSCAN,TUSCAN,SPORTIVE,GB,generation,VEH0124,2021,692,0.02409697761094366,3
TVR,TUSCAN,TUSCAN,SPORTIVE,GB,generation,VEH0124,2022,662,0.027015286383033632,4
TVR,TUSCAN,TUSCAN,SPORTIVE,GB,generation,VEH0124,2023,606,0.030488255876210364,4
TVR,TUSCAN,TUSCAN,SPORTIVE,GB,generation,VEH0124,2024,572,0.06347317900904426,4
TVR,TUSCAN,TUSCAN,SPORTIVE,GB,generation,VEH0124,2025,556,0.05815297000729499,4
TVR,TUSCAN,TUSCAN,SPORTIVE,NL,generation,RDW,2026,45,,4
TVR,SAGARIS,SAGARIS,SPORTIVE,GB,generation,VEH0124,2014,116,,1
TVR,SAGARIS,SAGARIS,SPORTIVE,GB,generation,VEH0124,2015,111,,2
TVR,SAGARIS,SAGARIS,SPORTIVE,GB,generation,VEH0124,2016,115,,2
TVR,SAGARIS,SAGARIS,SPORTIVE,GB,generation,VEH0124,2017,110,0.01774766491145015,2
TVR,SAGARIS,SAGARIS,SPORTIVE,GB,generation,VEH0124,2018,97,0.045002785856701207,2
TVR,SAGARIS,SAGARIS,SPORTIVE,GB,generation,VEH0124,2019,91,0.07807764851999795,2
TVR,SAGARIS,SAGARIS,SPORTIVE,GB,generation,VEH0124,2020,80,0.10610653554428186,3
TVR,SAGARIS,SAGARIS,SPORTIVE,GB,generation,VEH0124,2021,90,0.024866788986461066,3
TVR,SAGARIS,SAGARIS,SPORTIVE,GB,generation,VEH0124,2022,84,0.026581762655436308,3
TVR,SAGARIS,SAGARIS,SPORTIVE,GB,generation,VEH0124,2023,85,-0.02022204851000279,3
TVR,SAGARIS,SAGARIS,SPORTIVE,GB,generation,VEH0124,2024,79,0.04341698682876882,3
TVR,SAGARIS,SAGARIS,SPORTIVE,GB,generation,VEH0124,2025,76,0.03331728752592689,4
TVR,SAGARIS,SAGARIS,SPORTIVE,NL,generation,RDW,2026,3,,4
VOLKSWAGEN,GOLF GTI,MK2,GTI,GB,generation,VEH0124,2014,4320,,5
VOLKSWAGEN,GOLF GTI,MK2,GTI,GB,generation,VEH0124,2015,4017,,5
VOLKSWAGEN,GOLF GTI,MK2,GTI,GB,generation,VEH0124,2016,3724,,5
VOLKSWAGEN,GOLF GTI,MK2,GTI,GB,generation,VEH0124,2017,3360,0.08375982934465846,6
VOLKSWAGEN,GOLF GTI,MK2,GTI,GB,generation,VEH0124,2018,3124,0.08379541874387476,6
VOLKSWAGEN,GOLF GTI,MK2,GTI,GB,generation,VEH0124,2019,2817,0.09310568420789377,6
VOLKSWAGEN,GOLF GTI,MK2,GTI,GB,generation,VEH0124,2020,2682,0.07513276210510215,6
VOLKSWAGEN,GOLF GTI,MK2,GTI,GB,generation,VEH0124,2021,2584,0.06325711931776656,6
VOLKSWAGEN,GOLF GTI,MK2,GTI,GB,generation,VEH0124,2022,2436,0.048426799513579755,7
VOLKSWAGEN,GOLF GTI,MK2,GTI,GB,generation,VEH0124,2023,2273,0.055191856763481074,7
VOLKSWAGEN,GOLF GTI,MK2,GTI,GB,generation,VEH0124,2024,2105,0.0683178688633107,7
VOLKSWAGEN,GOLF GTI,MK2,GTI,GB,generation,VEH0124,2025,2138,0.043455324198536045,7
VOLKSWAGEN,GOLF GTI,MK2,GTI,NL,generation,RDW,2026,1503,,7
VOLKSWAGEN,GOLF GTI,MK3,GTI,GB,generation,VEH0124,2014,4730,,4
VOLKSWAGEN,GOLF GTI,MK3,GTI,GB,generation,VEH0124,2015,3629,,4
VOLKSWAGEN,GOLF GTI,MK3,GTI,GB,generation,VEH0124,2016,2693,,4
VOLKSWAGEN,GOLF GTI,MK3,GTI,GB,generation,VEH0124,2017,2135,0.26506260043217106,4
VOLKSWAGEN,GOLF GTI,MK3,GTI,GB,generation,VEH0124,2018,1755,0.24205675895515535,4
VOLKSWAGEN,GOLF GTI,MK3,GTI,GB,generation,VEH0124,2019,1490,0.19742836364089697,5
VOLKSWAGEN,GOLF GTI,MK3,GTI,GB,generation,VEH0124,2020,1265,0.1744351429545775,5
VOLKSWAGEN,GOLF GTI,MK3,GTI,GB,generation,VEH0124,2021,1122,0.14907162434430296,5
VOLKSWAGEN,GOLF GTI,MK3,GTI,GB,generation,VEH0124,2022,969,0.14337130176327464,5
VOLKSWAGEN,GOLF GTI,MK3,GTI,GB,generation,VEH0124,2023,863,0.1275582121973151,5
VOLKSWAGEN,GOLF GTI,MK3,GTI,GB,generation,VEH0124,2024,745,0.13645411278337805,6
VOLKSWAGEN,GOLF GTI,MK3,GTI,GB,generation,VEH0124,2025,705,0.10596088843394484,6
VOLKSWAGEN,GOLF GTI,MK3,GTI,NL,generation,RDW,2026,507,,6
VOLKSWAGEN,GOLF GTI,MK4,GTI,GB,generation,VEH0124,2014,42244,,2
VOLKSWAGEN,GOLF GTI,MK4,GTI,GB,generation,VEH0124,2015,36372,,3
VOLKSWAGEN,GOLF GTI,MK4,GTI,GB,generation,VEH0124,2016,30374,,3
VOLKSWAGEN,GOLF GTI,MK4,GTI,GB,generation,VEH0124,2017,24433,0.18246998425422953,3
VOLKSWAGEN,GOLF GTI,MK4,GTI,GB,generation,VEH0124,2018,19486,0.20801257872162868,3
VOLKSWAGEN,GOLF GTI,MK4,GTI,GB,generation,VEH0124,2019,15515,0.22407993482573063,3
VOLKSWAGEN,GOLF GTI,MK4,GTI,GB,generation,VEH0124,2020,12557,0.22184466120199073,4
VOLKSWAGEN,GOLF GTI,MK4,GTI,GB,generation,VEH0124,2021,10215,0.21523434741337497,4
VOLKSWAGEN,GOLF GTI,MK4,GTI,GB,generation,VEH0124,2022,8641,0.19503717330362172,4
VOLKSWAGEN,GOLF GTI,MK4,GTI,GB,generation,VEH0124,2023,7256,0.18294173886059836,4
VOLKSWAGEN,GOLF GTI,MK4,GTI,GB,generation,VEH0124,2024,6093,0.17219765186884525,4
VOLKSWAGEN,GOLF GTI,MK4,GTI,GB,generation,VEH0124,2025,5199,0.16930746045879078,5
VOLKSWAGEN,GOLF GTI,MK4,GTI,NL,generation,RDW,2026,21,,5
VOLKSWAGEN,GOLF GTI,MK5,GTI,GB,generation,VEH0124,2014,18695,,1
VOLKSWAGEN,GOLF GTI,MK5,GTI,GB,generation,VEH0124,2015,18191,,1
VOLKSWAGEN,GOLF GTI,MK5,GTI,GB,generation,VEH0124,2016,17792,,2
VOLKSWAGEN,GOLF GTI,MK5,GTI,GB,generation,VEH0124,2017,17238,0.027044932395270716,2
VOLKSWAGEN,GOLF GTI,MK5,GTI,GB,generation,VEH0124,2018,16460,0.033333874217112494,2
VOLKSWAGEN,GOLF GTI,MK5,GTI,GB,generation,VEH0124,2019,15719,0.041321198259485686,2
VOLKSWAGEN,GOLF GTI,MK5,GTI,GB,generation,VEH0124,2020,14875,0.04912812980765444,2
VOLKSWAGEN,GOLF GTI,MK5,GTI,GB,generation,VEH0124,2021,14112,0.05128740714943859,3
VOLKSWAGEN,GOLF GTI,MK5,GTI,GB,generation,VEH0124,2022,13497,0.050785409295455775,3
VOLKSWAGEN,GOLF GTI,MK5,GTI,GB,generation,VEH0124,2023,12577,0.05597571407710355,3
VOLKSWAGEN,GOLF GTI,MK5,GTI,GB,generation,VEH0124,2024,11550,0.0667481260271821,3
VOLKSWAGEN,GOLF GTI,MK5,GTI,GB,generation,VEH0124,2025,10561,0.08174485922035196,3
VOLKSWAGEN,GOLF GTI,MK5,GTI,NL,generation,RDW,2026,52,,4
VOLKSWAGEN,GOLF GTI,MK6,GTI,GB,generation,VEH0124,2014,6356,,0
VOLKSWAGEN,GOLF GTI,MK6,GTI,GB,generation,VEH0124,2015,6260,,1
VOLKSWAGEN,GOLF GTI,MK6,GTI,GB,generation,VEH0124,2016,6185,,1
VOLKSWAGEN,GOLF GTI,MK6,GTI,GB,generation,VEH0124,2017,6072,0.015236520962677538,1
VOLKSWAGEN,GOLF GTI,MK6,GTI,GB,generation,VEH0124,2018,5940,0.01749134535796838,1
VOLKSWAGEN,GOLF GTI,MK6,GTI,GB,generation,VEH0124,2019,5903,0.01556609093721463,1
VOLKSWAGEN,GOLF GTI,MK6,GTI,GB,generation,VEH0124,2020,5830,0.013554958050412763,2
VOLKSWAGEN,GOLF GTI,MK6,GTI,GB,generation,VEH0124,2021,5793,0.008347327464584163,2
VOLKSWAGEN,GOLF GTI,MK6,GTI,GB,generation,VEH0124,2022,5764,0.00793710563678246,2
VOLKSWAGEN,GOLF GTI,MK6,GTI,GB,generation,VEH0124,2023,5691,0.008049182945937572,2
VOLKSWAGEN,GOLF GTI,MK6,GTI,GB,generation,VEH0124,2024,5607,0.010872056888616893,2
VOLKSWAGEN,GOLF GTI,MK6,GTI,GB,generation,VEH0124,2025,5575,0.011107179760832525,3
VOLKSWAGEN,GOLF GTI,MK6,GTI,NL,generation,RDW,2026,89,,3
VOLKSWAGEN,GOLF GTI,MK7,GTI,GB,generation,VEH0124,2014,5083,,-1
VOLKSWAGEN,GOLF GTI,MK7,GTI,GB,generation,VEH0124,2015,7786,,-1
VOLKSWAGEN,GOLF GTI,MK7,GTI,GB,generation,VEH0124,2016,11683,,0
VOLKSWAGEN,GOLF GTI,MK7,GTI,GB,generation,VEH0124,2017,17074,-0.40379185924506283,0
VOLKSWAGEN,GOLF GTI,MK7,GTI,GB,generation,VEH0124,2018,22239,-0.3497098604780324,0
VOLKSWAGEN,GOLF GTI,MK7,GTI,GB,generation,VEH0124,2019,27841,-0.28965657933221256,0
VOLKSWAGEN,GOLF GTI,MK7,GTI,GB,generation,VEH0124,2020,28136,-0.16660211906391434,0
VOLKSWAGEN,GOLF GTI,MK7,GTI,GB,generation,VEH0124,2021,27539,-0.07129108918416037,1
VOLKSWAGEN,GOLF GTI,MK7,GTI,GB,generation,VEH0124,2022,27826,0.00018936866265456252,1
VOLKSWAGEN,GOLF GTI,MK7,GTI,GB,generation,VEH0124,2023,27565,0.006839028770086807,1
VOLKSWAGEN,GOLF GTI,MK7,GTI,GB,generation,VEH0124,2024,27491,0.000579449512910826,1
VOLKSWAGEN,GOLF GTI,MK7,GTI,GB,generation,VEH0124,2025,27396,0.005192378438430736,1
VOLKSWAGEN,GOLF GTI,MK7,GTI,NL,generation,RDW,2026,174,,2
VOLKSWAGEN,GOLF R,MK4,SPORTIVE,GB,generation,VEH0124,2014,1705,,2
VOLKSWAGEN,GOLF R,MK4,SPORTIVE,GB,generation,VEH0124,2015,1615,,2
VOLKSWAGEN,GOLF R,MK4,SPORTIVE,GB,generation,VEH0124,2016,1538,,2
VOLKSWAGEN,GOLF R,MK4,SPORTIVE,GB,generation,VEH0124,2017,1416,0.06190758670716915,2
VOLKSWAGEN,GOLF R,MK4,SPORTIVE,GB,generation,VEH0124,2018,1308,0.07028218153014625,3
VOLKSWAGEN,GOLF R,MK4,SPORTIVE,GB,generation,VEH0124,2019,1208,0.08056073133903659,3
VOLKSWAGEN,GOLF R,MK4,SPORTIVE,GB,generation,VEH0124,2020,1087,0.08810230747803764,3
VOLKSWAGEN,GOLF R,MK4,SPORTIVE,GB,generation,VEH0124,2021,1029,0.07992918296273722,3
VOLKSWAGEN,GOLF R,MK4,SPORTIVE,GB,generation,VEH0124,2022,904,0.09660066794547108,3
VOLKSWAGEN,GOLF R,MK4,SPORTIVE,GB,generation,VEH0124,2023,842,0.08519060074795622,4
VOLKSWAGEN,GOLF R,MK4,SPORTIVE,GB,generation,VEH0124,2024,768,0.0975006232463735,4
VOLKSWAGEN,GOLF R,MK4,SPORTIVE,GB,generation,VEH0124,2025,724,0.07397951236341488,4
VOLKSWAGEN,GOLF R,MK4,SPORTIVE,NL,generation,RDW,2026,11,,4
VOLKSWAGEN,GOLF R,MK5,SPORTIVE,GB,generation,VEH0124,2014,4750,,1
VOLKSWAGEN,GOLF R,MK5,SPORTIVE,GB,generation,VEH0124,2015,4647,,1
VOLKSWAGEN,GOLF R,MK5,SPORTIVE,GB,generation,VEH0124,2016,4483,,2
VOLKSWAGEN,GOLF R,MK5,SPORTIVE,GB,generation,VEH0124,2017,4385,0.026637173653051932,2
VOLKSWAGEN,GOLF R,MK5,SPORTIVE,GB,generation,VEH0124,2018,4143,0.038260694447832345,2
VOLKSWAGEN,GOLF R,MK5,SPORTIVE,GB,generation,VEH0124,2019,4024,0.03603000531989462,2
VOLKSWAGEN,GOLF R,MK5,SPORTIVE,GB,generation,VEH0124,2020,3849,0.043447994450169815,2
VOLKSWAGEN,GOLF R,MK5,SPORTIVE,GB,generation,VEH0124,2021,3720,0.035882897519413676,3
VOLKSWAGEN,GOLF R,MK5,SPORTIVE,GB,generation,VEH0124,2022,3527,0.04393250275168983,3
VOLKSWAGEN,GOLF R,MK5,SPORTIVE,GB,generation,VEH0124,2023,3375,0.04383602078003795,3
VOLKSWAGEN,GOLF R,MK5,SPORTIVE,GB,generation,VEH0124,2024,3156,0.054782483067901545,3
VOLKSWAGEN,GOLF R,MK5,SPORTIVE,GB,generation,VEH0124,2025,3047,0.04873563954538301,3
VOLKSWAGEN,GOLF R,MK5,SPORTIVE,NL,generation,RDW,2026,11,,4
VOLKSWAGEN,GOLF R,MK6,SPORTIVE,GB,generation,VEH0124,2014,1395,,0
VOLKSWAGEN,GOLF R,MK6,SPORTIVE,GB,generation,VEH0124,2015,1335,,1
VOLKSWAGEN,GOLF R,MK6,SPORTIVE,GB,generation,VEH0124,2016,1322,,1
VOLKSWAGEN,GOLF R,MK6,SPORTIVE,GB,generation,VEH0124,2017,1293,0.02531818902495224,1
VOLKSWAGEN,GOLF R,MK6,SPORTIVE,GB,generation,VEH0124,2018,1280,0.014024425010471015,1
VOLKSWAGEN,GOLF R,MK6,SPORTIVE,GB,generation,VEH0124,2019,1251,0.018413439961012686,1
VOLKSWAGEN,GOLF R,MK6,SPORTIVE,GB,generation,VEH0124,2020,1205,0.023477126920243185,2
VOLKSWAGEN,GOLF R,MK6,SPORTIVE,GB,generation,VEH0124,2021,1157,0.03366546608263663,2
VOLKSWAGEN,GOLF R,MK6,SPORTIVE,GB,generation,VEH0124,2022,1140,0.030958726539851007,2
VOLKSWAGEN,GOLF R,MK6,SPORTIVE,GB,generation,VEH0124,2023,1130,0.021435316413935562,2
VOLKSWAGEN,GOLF R,MK6,SPORTIVE,GB,generation,VEH0124,2024,1147,0.0029091273357343007,2
VOLKSWAGEN,GOLF R,MK6,SPORTIVE,GB,generation,VEH0124,2025,1160,-0.005787609514948593,3
VOLKSWAGEN,GOLF R,MK6,SPORTIVE,NL,generation,RDW,2026,16,,3
VOLKSWAGEN,CORRADO,53I,COUPE,GB,generation,VEH0124,2014,1941,,4
VOLKSWAGEN,CORRADO,53I,COUPE,GB,generation,VEH0124,2015,1754,,4
VOLKSWAGEN,CORRADO,53I,COUPE,GB,generation,VEH0124,2016,1643,,5
VOLKSWAGEN,CORRADO,53I,COUPE,GB,generation,VEH0124,2017,1448,0.09768065538306818,5
VOLKSWAGEN,CORRADO,53I,COUPE,GB,generation,VEH0124,2018,1332,0.09174236137848786,5
VOLKSWAGEN,CORRADO,53I,COUPE,GB,generation,VEH0124,2019,1241,0.0935995096503464,5
VOLKSWAGEN,CORRADO,53I,COUPE,GB,generation,VEH0124,2020,1156,0.07505926410340281,5
VOLKSWAGEN,CORRADO,53I,COUPE,GB,generation,VEH0124,2021,1045,0.08087896846997639,6
VOLKSWAGEN,CORRADO,53I,COUPE,GB,generation,VEH0124,2022,941,0.09224173216379204,6
VOLKSWAGEN,CORRADO,53I,COUPE,GB,generation,VEH0124,2023,857,0.09982937302672774,6
VOLKSWAGEN,CORRADO,53I,COUPE,GB,generation,VEH0124,2024,792,0.09239499524376893,6
VOLKSWAGEN,CORRADO,53I,COUPE,GB,generation,VEH0124,2025,782,0.061666504890254346,6
VOLKSWAGEN,CORRADO,53I,COUPE,NL,generation,RDW,2026,954,,7
VOLKSWAGEN,POLO GTI,6N,GTI,GB,generation,VEH0124,2014,1903,,3
VOLKSWAGEN,POLO GTI,6N,GTI,GB,generation,VEH0124,2015,1580,,3
VOLKSWAGEN,POLO GTI,6N,GTI,GB,generation,VEH0124,2016,1288,,3
VOLKSWAGEN,POLO GTI,6N,GTI,GB,generation,VEH0124,2017,1038,0.20199743082407629,3
VOLKSWAGEN,POLO GTI,6N,GTI,GB,generation,VEH0124,2018,803,0.22557677283874533,3
VOLKSWAGEN,POLO GTI,6N,GTI,GB,generation,VEH0124,2019,651,0.22760120602050735,4
VOLKSWAGEN,POLO GTI,6N,GTI,GB,generation,VEH0124,2020,557,0.20749527150533364,4
VOLKSWAGEN,POLO GTI,6N,GTI,GB,generation,VEH0124,2021,457,0.18787700995512913,4
VOLKSWAGEN,POLO GTI,6N,GTI,GB,generation,VEH0124,2022,394,0.1673587692708032,4
VOLKSWAGEN,POLO GTI,6N,GTI,GB,generation,VEH0124,2023,339,0.16563508188377282,4
VOLKSWAGEN,POLO GTI,6N,GTI,GB,generation,VEH0124,2024,299,0.14139570237182628,5
VOLKSWAGEN,POLO GTI,6N,GTI,GB,generation,VEH0124,2025,254,0.14632468433473936,5
VOLKSWAGEN,POLO GTI,9N,GTI,GB,generation,VEH0124,2014,1264,,1
VOLKSWAGEN,POLO GTI,9N,GTI,GB,generation,VEH0124,2015,1239,,1
VOLKSWAGEN,POLO GTI,9N,GTI,GB,generation,VEH0124,2016,1197,,1
VOLKSWAGEN,POLO GTI,9N,GTI,GB,generation,VEH0124,2017,1160,0.028608603549139133,2
VOLKSWAGEN,POLO GTI,9N,GTI,GB,generation,VEH0124,2018,1104,0.038449794205605146,2
VOLKSWAGEN,POLO GTI,9N,GTI,GB,generation,VEH0124,2019,1070,0.037412199955948154,2
VOLKSWAGEN,POLO GTI,9N,GTI,GB,generation,VEH0124,2020,999,0.04977837549083127,2
VOLKSWAGEN,POLO GTI,9N,GTI,GB,generation,VEH0124,2021,918,0.061478827602067986,2
VOLKSWAGEN,POLO GTI,9N,GTI,GB,generation,VEH0124,2022,869,0.06934186488243975,3
VOLKSWAGEN,POLO GTI,9N,GTI,GB,generation,VEH0124,2023,800,0.07409840125175703,3
VOLKSWAGEN,POLO GTI,9N,GTI,GB,generation,VEH0124,2024,717,0.08233044266378049,3
VOLKSWAGEN,POLO GTI,9N,GTI,GB,generation,VEH0124,2025,636,0.10401962540175476,3
VOLKSWAGEN,POLO GTI,6R,GTI,GB,generation,VEH0124,2014,1362,,0
VOLKSWAGEN,POLO GTI,6R,GTI,GB,generation,VEH0124,2015,1370,,0
VOLKSWAGEN,POLO GTI,6R,GTI,GB,generation,VEH0124,2016,1307,,0
VOLKSWAGEN,POLO GTI,6R,GTI,GB,generation,VEH0124,2017,1308,0.013451317227404535,1
VOLKSWAGEN,POLO GTI,6R,GTI,GB,generation,VEH0124,2018,1288,0.020544558108039446,1
VOLKSWAGEN,POLO GTI,6R,GTI,GB,generation,VEH0124,2019,1268,0.0101047758845025,1
VOLKSWAGEN,POLO GTI,6R,GTI,GB,generation,VEH0124,2020,1250,0.015115892279978152,1
VOLKSWAGEN,POLO GTI,6R,GTI,GB,generation,VEH0124,2021,1241,0.01238649735726693,1
VOLKSWAGEN,POLO GTI,6R,GTI,GB,generation,VEH0124,2022,1240,0.007435226710005845,2
VOLKSWAGEN,POLO GTI,6R,GTI,GB,generation,VEH0124,2023,1273,-0.006081752152833144,2
VOLKSWAGEN,POLO GTI,6R,GTI,GB,generation,VEH0124,2024,1281,-0.01057603890955875,2
VOLKSWAGEN,POLO GTI,6R,GTI,GB,generation,VEH0124,2025,1294,-0.01421296150395092,2
VOLKSWAGEN,POLO GTI,6R,GTI,NL,generation,RDW,2026,58,,2
VOLKSWAGEN,SCIROCCO,MK3,COUPE,GB,generation,VEH0124,2014,36577,,0
VOLKSWAGEN,SCIROCCO,MK3,COUPE,GB,generation,VEH0124,2015,41718,,0
VOLKSWAGEN,SCIROCCO,MK3,COUPE,GB,generation,VEH0124,2016,46652,,0
VOLKSWAGEN,SCIROCCO,MK3,COUPE,GB,generation,VEH0124,2017,51252,-0.11242014597862954,1
VOLKSWAGEN,SCIROCCO,MK3,COUPE,GB,generation,VEH0124,2018,50741,-0.0652100183649316,1
VOLKSWAGEN,SCIROCCO,MK3,COUPE,GB,generation,VEH0124,2019,49868,-0.022236458577712948,1
VOLKSWAGEN,SCIROCCO,MK3,COUPE,GB,generation,VEH0124,2020,49038,0.014714496838662078,1
VOLKSWAGEN,SCIROCCO,MK3,COUPE,GB,generation,VEH0124,2021,48679,0.013823020929123941,1
VOLKSWAGEN,SCIROCCO,MK3,COUPE,GB,generation,VEH0124,2022,48020,0.012580632889835254,2
VOLKSWAGEN,SCIROCCO,MK3,COUPE,GB,generation,VEH0124,2023,46558,0.01731073541528967,2
VOLKSWAGEN,SCIROCCO,MK3,COUPE,GB,generation,VEH0124,2024,45031,0.025952920524974592,2
VOLKSWAGEN,SCIROCCO,MK3,COUPE,GB,generation,VEH0124,2025,43458,0.03326661055460329,2
VOLKSWAGEN,SCIROCCO,MK3,COUPE,NL,generation,RDW,2026,5266,,2
VOLKSWAGEN,LUPO GTI,6X,GTI,GB,generation,VEH0124,2014,738,,2
VOLKSWAGEN,LUPO GTI,6X,GTI,GB,generation,VEH0124,2015,698,,2
VOLKSWAGEN,LUPO GTI,6X,GTI,GB,generation,VEH0124,2016,660,,2
VOLKSWAGEN,LUPO GTI,6X,GTI,GB,generation,VEH0124,2017,592,0.07347837350485104,3
VOLKSWAGEN,LUPO GTI,6X,GTI,GB,generation,VEH0124,2018,574,0.06519020613891056,3
VOLKSWAGEN,LUPO GTI,6X,GTI,GB,generation,VEH0124,2019,521,0.07888392419252037,3
VOLKSWAGEN,LUPO GTI,6X,GTI,GB,generation,VEH0124,2020,488,0.06438154872601762,3
VOLKSWAGEN,LUPO GTI,6X,GTI,GB,generation,VEH0124,2021,464,0.07090388470917851,3
VOLKSWAGEN,LUPO GTI,6X,GTI,GB,generation,VEH0124,2022,445,0.052534950356773046,4
VOLKSWAGEN,LUPO GTI,6X,GTI,GB,generation,VEH0124,2023,421,0.04926124153915291,4
VOLKSWAGEN,LUPO GTI,6X,GTI,GB,generation,VEH0124,2024,388,0.05959285130468949,4
VOLKSWAGEN,LUPO GTI,6X,GTI,GB,generation,VEH0124,2025,357,0.07342207949004757,4
VOLKSWAGEN,PHAETON,3D,PREMIUM,GB,generation,VEH0124,2014,1906,,1
VOLKSWAGEN,PHAETON,3D,PREMIUM,GB,generation,VEH0124,2015,1833,,1
VOLKSWAGEN,PHAETON,3D,PREMIUM,GB,generation,VEH0124,2016,1719,,1
VOLKSWAGEN,PHAETON,3D,PREMIUM,GB,generation,VEH0124,2017,1597,0.05894184197410224,1
VOLKSWAGEN,PHAETON,3D,PREMIUM,GB,generation,VEH0124,2018,1486,0.06994473523171559,1
VOLKSWAGEN,PHAETON,3D,PREMIUM,GB,generation,VEH0124,2019,1324,0.08708803147084317,2
VOLKSWAGEN,PHAETON,3D,PREMIUM,GB,generation,VEH0124,2020,1202,0.09469011376361879,2
VOLKSWAGEN,PHAETON,3D,PREMIUM,GB,generation,VEH0124,2021,1103,0.09933134815020415,2
VOLKSWAGEN,PHAETON,3D,PREMIUM,GB,generation,VEH0124,2022,987,0.09789319413385107,2
VOLKSWAGEN,PHAETON,3D,PREMIUM,GB,generation,VEH0124,2023,862,0.11090485838227471,2
VOLKSWAGEN,PHAETON,3D,PREMIUM,GB,generation,VEH0124,2024,741,0.13254910154851368,3
VOLKSWAGEN,PHAETON,3D,PREMIUM,GB,generation,VEH0124,2025,645,0.1417658529644745,3
VOLKSWAGEN,PHAETON,3D,PREMIUM,NL,generation,RDW,2026,314,,3
VOLVO,850 R,854,SPORTIVE,GB,generation,VEH0124,2014,320,,3
VOLVO,850 R,854,SPORTIVE,GB,generation,VEH0124,2015,298,,3
VOLVO,850 R,854,SPORTIVE,GB,generation,VEH0124,2016,294,,4
VOLVO,850 R,854,SPORTIVE,GB,generation,VEH0124,2017,258,0.0718239902227719,4
VOLVO,850 R,854,SPORTIVE,GB,generation,VEH0124,2018,257,0.04936061179086817,4
VOLVO,850 R,854,SPORTIVE,GB,generation,VEH0124,2019,235,0.0747158913052962,4
VOLVO,850 R,854,SPORTIVE,GB,generation,VEH0124,2020,225,0.04561134290808447,4
VOLVO,850 R,854,SPORTIVE,GB,generation,VEH0124,2021,215,0.05948046048515674,5
VOLVO,850 R,854,SPORTIVE,GB,generation,VEH0124,2022,214,0.031184907352802844,5
VOLVO,850 R,854,SPORTIVE,GB,generation,VEH0124,2023,198,0.04264030953788628,5
VOLVO,850 R,854,SPORTIVE,GB,generation,VEH0124,2024,192,0.0377120059712259,5
VOLVO,850 R,854,SPORTIVE,GB,generation,VEH0124,2025,185,0.04854526554783926,5
VOLVO,850 R,854,SPORTIVE,NL,generation,RDW,2026,593,,6
VOLVO,C70,I,COUPE,GB,generation,VEH0124,2014,7545,,2
VOLVO,C70,I,COUPE,GB,generation,VEH0124,2015,6814,,2
VOLVO,C70,I,COUPE,GB,generation,VEH0124,2016,6010,,3
VOLVO,C70,I,COUPE,GB,generation,VEH0124,2017,5134,0.12830680939002045,3
VOLVO,C70,I,COUPE,GB,generation,VEH0124,2018,4267,0.15601520984386782,3
VOLVO,C70,I,COUPE,GB,generation,VEH0124,2019,3606,0.17039183477673792,3
VOLVO,C70,I,COUPE,GB,generation,VEH0124,2020,3056,0.17289368811925634,3
VOLVO,C70,I,COUPE,GB,generation,VEH0124,2021,2610,0.16381499800339885,4
VOLVO,C70,I,COUPE,GB,generation,VEH0124,2022,2237,0.15911266589977616,4
VOLVO,C70,I,COUPE,GB,generation,VEH0124,2023,1876,0.1627664144457244,4
VOLVO,C70,I,COUPE,GB,generation,VEH0124,2024,1540,0.17579651665200657,4
VOLVO,C70,I,COUPE,GB,generation,VEH0124,2025,1322,0.1752702017989344,4
VOLVO,C70,I,COUPE,NL,generation,RDW,2026,1883,,5
VOLVO,S60 R,P2,SPORTIVE,GB,generation,VEH0124,2014,1035,,1
VOLVO,S60 R,P2,SPORTIVE,GB,generation,VEH0124,2015,989,,2
VOLVO,S60 R,P2,SPORTIVE,GB,generation,VEH0124,2016,896,,2
VOLVO,S60 R,P2,SPORTIVE,GB,generation,VEH0124,2017,853,0.064419872585694,2
VOLVO,S60 R,P2,SPORTIVE,GB,generation,VEH0124,2018,816,0.06404722367168522,2
VOLVO,S60 R,P2,SPORTIVE,GB,generation,VEH0124,2019,772,0.04968596250460614,2
VOLVO,S60 R,P2,SPORTIVE,GB,generation,VEH0124,2020,747,0.04423174789442675,3
VOLVO,S60 R,P2,SPORTIVE,GB,generation,VEH0124,2021,727,0.038492324497118834,3
VOLVO,S60 R,P2,SPORTIVE,GB,generation,VEH0124,2022,707,0.029308040429816645,3
VOLVO,S60 R,P2,SPORTIVE,GB,generation,VEH0124,2023,705,0.019302339171306224,3
VOLVO,S60 R,P2,SPORTIVE,GB,generation,VEH0124,2024,657,0.03370633687556721,3
VOLVO,S60 R,P2,SPORTIVE,GB,generation,VEH0124,2025,655,0.025418321108748573,4
VOLVO,S60 R,P2,SPORTIVE,NL,generation,RDW,2026,75,,4
VOLVO,480,480,COUPE,GB,generation,VEH0124,2014,478,,4
VOLVO,480,480,COUPE,GB,generation,VEH0124,2015,408,,5
VOLVO,480,480,COUPE,GB,generation,VEH0124,2016,355,,5
VOLVO,480,480,COUPE,GB,generation,VEH0124,2017,293,0.16313096836189403,5
VOLVO,480,480,COUPE,GB,generation,VEH0124,2018,253,0.15927484972661796,5
VOLVO,480,480,COUPE,GB,generation,VEH0124,2019,219,0.16112563770814495,5
VOLVO,480,480,COUPE,GB,generation,VEH0124,2020,196,0.13400998763470137,6
VOLVO,480,480,COUPE,GB,generation,VEH0124,2021,171,0.13056362287268533,6
VOLVO,480,480,COUPE,GB,generation,VEH0124,2022,160,0.10460318137149051,6
VOLVO,480,480,COUPE,GB,generation,VEH0124,2023,157,0.07400693961687387,6
VOLVO,480,480,COUPE,GB,generation,VEH0124,2024,132,0.08618824047758485,6
VOLVO,480,480,COUPE,GB,generation,VEH0124,2025,118,0.10140784334529827,7
VOLVO,480,480,COUPE,NL,generation,RDW,2026,758,,7
