make,model_gen,generation,segment,country,level,series,year,stock,attrition,age_bucket
ALFA ROMEO,155,167,PREMIUM,GB,generation,VEH0124,2014,149,,3
ALFA ROMEO,155,167,PREMIUM,GB,generation,VEH0124,2015,154,,4
ALFA ROMEO,155,167,PREMIUM,GB,generation,VEH0124,2016,123,,4
ALFA ROMEO,155,167,PREMIUM,GB,generation,VEH0124,2017,107,0.1103724904945178,4
ALFA ROMEO,155,167,PREMIUM,GB,generation,VEH0124,2018,94,0.1645526067145419,4
ALFA ROMEO,155,167,PREMIUM,GB,generation,VEH0124,2019,77,0.15612631117291098,4
ALFA ROMEO,155,167,PREMIUM,GB,generation,VEH0124,2020,67,0.1560454050236467,5
ALFA ROMEO,155,167,PREMIUM,GB,generation,VEH0124,2021,55,0.17865386567917754,5
ALFA ROMEO,155,167,PREMIUM,GB,generation,VEH0124,2022,46,0.17172134178819634,5
ALFA ROMEO,155,167,PREMIUM,GB,generation,VEH0124,2023,49,0.10429077376011309,5
ALFA ROMEO,155,167,PREMIUM,GB,generation,VEH0124,2024,47,0.05239519450747091,5
ALFA ROMEO,155,167,PREMIUM,GB,generation,VEH0124,2025,40,0.04658731412505294,6
ALFA ROMEO,155,167,PREMIUM,NL,generation,RDW,2026,383,,6
ALFA ROMEO,156,932,PREMIUM,GB,generation,VEH0124,2014,11484,,2
ALFA ROMEO,156,932,PREMIUM,GB,generation,VEH0124,2015,8819,,2
ALFA ROMEO,156,932,PREMIUM,GB,generation,VEH0124,2016,6574,,2
ALFA ROMEO,156,932,PREMIUM,GB,generation,VEH0124,2017,4764,0.2932890369219212,3
ALFA ROMEO,156,932,PREMIUM,GB,generation,VEH0124,2018,3407,0.31702544874240485,3
ALFA ROMEO,156,932,PREMIUM,GB,generation,VEH0124,2019,2503,0.3218774875974632,3
ALFA ROMEO,156,932,PREMIUM,GB,generation,VEH0124,2020,1917,0.30344206247651534,3
ALFA ROMEO,156,932,PREMIUM,GB,generation,VEH0124,2021,1515,0.2701388999058321,3
ALFA ROMEO,156,932,PREMIUM,GB,generation,VEH0124,2022,1242,0.23358900964611676,4
ALFA ROMEO,156,932,PREMIUM,GB,generation,VEH0124,2023,1020,0.210319612255776,4
ALFA ROMEO,156,932,PREMIUM,GB,generation,VEH0124,2024,845,0.1946113635287651,4
ALFA ROMEO,156,932,PREMIUM,GB,generation,VEH0124,2025,699,0.19160917341987135,4
ALFA ROMEO,156,932,PREMIUM,NL,generation,RDW,2026,1624,,4
ALFA ROMEO,147 GTA,937,GTI,GB,generation,VEH0124,2014,254,,2
ALFA ROMEO,147 GTA,937,GTI,GB,generation,VEH0124,2015,253,,2
ALFA ROMEO,147 GTA,937,GTI,GB,generation,VEH0124,2016,238,,2
ALFA ROMEO,147 GTA,937,GTI,GB,generation,VEH0124,2017,226,0.03893308924875013,2
ALFA ROMEO,147 GTA,937,GTI,GB,generation,VEH0124,2018,214,0.055804491235223054,3
ALFA ROMEO,147 GTA,937,GTI,GB,generation,VEH0124,2019,193,0.06986016158886314,3
ALFA ROMEO,147 GTA,937,GTI,GB,generation,VEH0124,2020,168,0.09885700662300916,3
ALFA ROMEO,147 GTA,937,GTI,GB,generation,VEH0124,2021,176,0.06516400666123327,3
ALFA ROMEO,147 GTA,937,GTI,GB,generation,VEH0124,2022,161,0.06042860797347416,3
ALFA ROMEO,147 GTA,937,GTI,GB,generation,VEH0124,2023,147,0.04451046420817425,4
ALFA ROMEO,147 GTA,937,GTI,GB,generation,VEH0124,2024,135,0.08840307219990724,4
ALFA ROMEO,147 GTA,937,GTI,GB,generation,VEH0124,2025,149,0.02581935301300131,4
ALFA ROMEO,147 GTA,937,GTI,NL,generation,RDW,2026,4,,4
ALFA ROMEO,GTV,916,COUPE,GB,generation,VEH0124,2014,1932,,2
ALFA ROMEO,GTV,916,COUPE,GB,generation,VEH0124,2015,1700,,3
ALFA ROMEO,GTV,916,COUPE,GB,generation,VEH0124,2016,1501,,3
ALFA ROMEO,GTV,916,COUPE,GB,generation,VEH0124,2017,1291,0.13437954130860685,3
ALFA ROMEO,GTV,916,COUPE,GB,generation,VEH0124,2018,1140,0.1331999962185885,3
ALFA ROMEO,GTV,916,COUPE,GB,generation,VEH0124,2019,1024,0.12747167534466955,3
ALFA ROMEO,GTV,916,COUPE,GB,generation,VEH0124,2020,918,0.11365833340871727,4
ALFA ROMEO,GTV,916,COUPE,GB,generation,VEH0124,2021,865,0.09201801148555422,4
ALFA ROMEO,GTV,916,COUPE,GB,generation,VEH0124,2022,757,0.1007028507206682,4
ALFA ROMEO,GTV,916,COUPE,GB,generation,VEH0124,2023,697,0.09180399328665552,4
ALFA ROMEO,GTV,916,COUPE,GB,generation,VEH0124,2024,650,0.09525238134739873,4
ALFA ROMEO,GTV,916,COUPE,GB,generation,VEH0124,2025,618,0.0676249319932527,5
ALFA ROMEO,GTV,916,COUPE,NL,generation,RDW,2026,275,,5
ALFA ROMEO,SPIDER,916,ROADSTER,GB,generation,VEH0124,2014,1647,,2
ALFA ROMEO,SPIDER,916,ROADSTER,GB,generation,VEH0124,2015,1575,,3
ALFA ROMEO,SPIDER,916,ROADSTER,GB,generation,VEH0124,2016,1414,,3
ALFA ROMEO,SPIDER,916,ROADSTER,GB,generation,VEH0124,2017,1310,0.0763094379941478,3
ALFA ROMEO,SPIDER,916,ROADSTER,GB,generation,VEH0124,2018,1195,0.09203636229804098,3
ALFA ROMEO,SPIDER,916,ROADSTER,GB,generation,VEH0124,2019,1079,0.09012929373279437,3
ALFA ROMEO,SPIDER,916,ROADSTER,GB,generation,VEH0124,2020,950,0.10710681053353681,4
ALFA ROMEO,SPIDER,916,ROADSTER,GB,generation,VEH0124,2021,909,0.09118545672937728,4
ALFA ROMEO,SPIDER,916,ROADSTER,GB,generation,VEH0124,2022,815,0.09353395067242391,4
ALFA ROMEO,SPIDER,916,ROADSTER,GB,generation,VEH0124,2023,749,0.07924100035912247,4
ALFA ROMEO,SPIDER,916,ROADSTER,GB,generation,VEH0124,2024,667,0.10318501608728514,4
ALFA ROMEO,SPIDER,916,ROADSTER,GB,generation,VEH0124,2025,633,0.08423923036556236,5
ALFA ROMEO,SPIDER,916,ROADSTER,NL,generation,RDW,2026,717,,5
ALFA ROMEO,GT,937,COUPE,GB,generation,VEH0124,2014,6451,,1
ALFA ROMEO,GT,937,COUPE,GB,generation,VEH0124,2015,6062,,1
ALFA ROMEO,GT,937,COUPE,GB,generation,VEH0124,2016,5648,,2
ALFA ROMEO,GT,937,COUPE,GB,generation,VEH0124,2017,5060,0.08095622475024378,2
ALFA ROMEO,GT,937,COUPE,GB,generation,VEH0124,2018,4389,0.10764612264317168,2
ALFA ROMEO,GT,937,COUPE,GB,generation,VEH0124,2019,3684,0.14243412726596047,2
ALFA ROMEO,GT,937,COUPE,GB,generation,VEH0124,2020,3136,0.15947279360373715,2
ALFA ROMEO,GT,937,COUPE,GB,generation,VEH0124,2021,2574,0.17788010051072037,3
ALFA ROMEO,GT,937,COUPE,GB,generation,VEH0124,2022,2184,0.17428035350346693,3
ALFA ROMEO,GT,937,COUPE,GB,generation,VEH0124,2023,1828,0.17990854315206808,3
ALFA ROMEO,GT,937,COUPE,GB,generation,VEH0124,2024,1398,0.20347282178743895,3
ALFA ROMEO,GT,937,COUPE,GB,generation,VEH0124,2025,1185,0.20380509443185493,3
ALFA ROMEO,GT,937,COUPE,NL,generation,RDW,2026,1982,,4
ALFA ROMEO,BRERA,939,COUPE,GB,generation,VEH0124,2014,2847,,1
ALFA ROMEO,BRERA,939,COUPE,GB,generation,VEH0124,2015,2766,,1
ALFA ROMEO,BRERA,939,COUPE,GB,generation,VEH0124,2016,2647,,1
ALFA ROMEO,BRERA,939,COUPE,GB,generation,VEH0124,2017,2507,0.04239299637324804,2
ALFA ROMEO,BRERA,939,COUPE,GB,generation,VEH0124,2018,2386,0.04926130318894728,2
ALFA ROMEO,BRERA,939,COUPE,GB,generation,VEH0124,2019,2268,0.05150951245981972,2
ALFA ROMEO,BRERA,939,COUPE,GB,generation,VEH0124,2020,2107,0.05794056145136809,2
ALFA ROMEO,BRERA,939,COUPE,GB,generation,VEH0124,2021,1968,0.06420017501522086,2
ALFA ROMEO,BRERA,939,COUPE,GB,generation,VEH0124,2022,1805,0.07611259802688715,3
ALFA ROMEO,BRERA,939,COUPE,GB,generation,VEH0124,2023,1629,0.08576626840071455,3
ALFA ROMEO,BRERA,939,COUPE,GB,generation,VEH0124,2024,1437,0.10482006384439124,3
ALFA ROMEO,BRERA,939,COUPE,GB,generation,VEH0124,2025,1314,0.10582822390747519,3
ALFA ROMEO,BRERA,939,COUPE,NL,generation,RDW,2026,535,,3
ALFA ROMEO,8C,8C,SUPERCAR,GB,generation,VEH0124,2014,35,,1
ALFA ROMEO,8C,8C,SUPERCAR,GB,generation,VEH0124,2015,39,,1
ALFA ROMEO,8C,8C,SUPERCAR,GB,generation,VEH0124,2016,27,,1
ALFA ROMEO,8C,8C,SUPERCAR,GB,generation,VEH0124,2017,26,0.09908384115597713,1
ALFA ROMEO,8C,8C,SUPERCAR,GB,generation,VEH0124,2018,25,0.14822860708714858,2
ALFA ROMEO,8C,8C,SUPERCAR,GB,generation,VEH0124,2019,17,0.154207840649371,2
ALFA ROMEO,8C,8C,SUPERCAR,GB,generation,VEH0124,2020,18,0.12257492670843921,2
ALFA ROMEO,8C,8C,SUPERCAR,GB,generation,VEH0124,2021,18,0.10950135565734535,2
ALFA ROMEO,8C,8C,SUPERCAR,GB,generation,VEH0124,2022,16,0.020208207272145007,2
ALFA ROMEO,8C,8C,SUPERCAR,GB,generation,VEH0124,2023,14,0.08377147609363537,3
ALFA ROMEO,8C,8C,SUPERCAR,GB,generation,VEH0124,2024,13,0.10847413347820926,3
ALFA ROMEO,8C,8C,SUPERCAR,GB,generation,VEH0124,2025,13,0.06921312159274813,3
ALFA ROMEO,8C,8C,SUPERCAR,NL,generation,RDW,2026,27,,3
ALFA ROMEO,4C,960,SPORTIVE,GB,generation,VEH0124,2014,122,,-1
ALFA ROMEO,4C,960,SPORTIVE,GB,generation,VEH0124,2015,185,,-1
ALFA ROMEO,4C,960,SPORTIVE,GB,generation,VEH0124,2016,301,,0
ALFA ROMEO,4C,960,SPORTIVE,GB,generation,VEH0124,2017,404,-0.39913127774263124,0
ALFA ROMEO,4C,960,SPORTIVE,GB,generation,VEH0124,2018,441,-0.2895630167895072,0
ALFA ROMEO,4C,960,SPORTIVE,GB,generation,VEH0124,2019,408,-0.10138563655176203,0
ALFA ROMEO,4C,960,SPORTIVE,GB,generation,VEH0124,2020,390,0.011756046279152757,0
ALFA ROMEO,4C,960,SPORTIVE,GB,generation,VEH0124,2021,381,0.04874850010671494,1
ALFA ROMEO,4C,960,SPORTIVE,GB,generation,VEH0124,2022,357,0.04451046420817425,1
ALFA ROMEO,4C,960,SPORTIVE,GB,generation,VEH0124,2023,361,0.025756260263603892,1
ALFA ROMEO,4C,960,SPORTIVE,GB,generation,VEH0124,2024,333,0.04488562838208576,1
ALFA ROMEO,4C,960,SPORTIVE,GB,generation,VEH0124,2025,336,0.020208207272144858,1
ALFA ROMEO,4C,960,SPORTIVE,NL,generation,RDW,2026,144,,2
ALPINE,A610,A610,SPORTIVE,NL,generation,RDW,2026,1,,6
ASTON MARTIN,DB7,DB7,COUPE,GB,generation,VEH0124,2014,2048,,3
ASTON MARTIN,DB7,DB7,COUPE,GB,generation,VEH0124,2015,1985,,3
ASTON MARTIN,DB7,DB7,COUPE,GB,generation,VEH0124,2016,1914,,3
ASTON MARTIN,DB7,DB7,COUPE,GB,generation,VEH0124,2017,1813,0.04062692513484922,3
ASTON MARTIN,DB7,DB7,COUPE,GB,generation,VEH0124,2018,1729,0.04602523581266649,3
ASTON MARTIN,DB7,DB7,COUPE,GB,generation,VEH0124,2019,1623,0.054973001499436215,4
ASTON MARTIN,DB7,DB7,COUPE,GB,generation,VEH0124,2020,1505,0.06206334452395831,4
ASTON MARTIN,DB7,DB7,COUPE,GB,generation,VEH0124,2021,1521,0.0427250644746661,4
ASTON MARTIN,DB7,DB7,COUPE,GB,generation,VEH0124,2022,1458,0.03573688498199582,4
ASTON MARTIN,DB7,DB7,COUPE,GB,generation,VEH0124,2023,1355,0.03499714795639145,4
ASTON MARTIN,DB7,DB7,COUPE,GB,generation,VEH0124,2024,1260,0.06275209743792291,5
ASTON MARTIN,DB7,DB7,COUPE,GB,generation,VEH0124,2025,1214,0.061048313649719965,5
ASTON MARTIN,DB7,DB7,COUPE,NL,generation,RDW,2026,143,,5
ASTON MARTIN,DB9,DB9,COUPE,GB,generation,VEH0124,2014,4217,,0
ASTON MARTIN,DB9,DB9,COUPE,GB,generation,VEH0124,2015,4308,,1
ASTON MARTIN,DB9,DB9,COUPE,GB,generation,VEH0124,2016,4388,,1
ASTON MARTIN,DB9,DB9,COUPE,GB,generation,VEH0124,2017,4309,-0.007193961289759798,1
ASTON MARTIN,DB9,DB9,COUPE,GB,generation,VEH0124,2018,4136,0.013581540696004998,1
ASTON MARTIN,DB9,DB9,COUPE,GB,generation,VEH0124,2019,4018,0.029363092006747138,1
ASTON MARTIN,DB9,DB9,COUPE,GB,generation,VEH0124,2020,3776,0.044013536783482486,2
ASTON MARTIN,DB9,DB9,COUPE,GB,generation,VEH0124,2021,3716,0.035693772084844845,2
ASTON MARTIN,DB9,DB9,COUPE,GB,generation,VEH0124,2022,3615,0.03523080359400469,2
ASTON MARTIN,DB9,DB9,COUPE,GB,generation,VEH0124,2023,3426,0.03242394946044177,2
ASTON MARTIN,DB9,DB9,COUPE,GB,generation,VEH0124,2024,3234,0.04630935326555926,2
ASTON MARTIN,DB9,DB9,COUPE,GB,generation,VEH0124,2025,3124,0.04865920787776309,3
ASTON MARTIN,DB9,DB9,COUPE,NL,generation,RDW,2026,341,,3
ASTON MARTIN,V8 VANTAGE,VH,SPORTIVE,GB,generation,VEH0124,2014,4606,,0
ASTON MARTIN,V8 VANTAGE,VH,SPORTIVE,GB,generation,VEH0124,2015,4808,,0
ASTON MARTIN,V8 VANTAGE,VH,SPORTIVE,GB,generation,VEH0124,2016,4943,,1
ASTON MARTIN,V8 VANTAGE,VH,SPORTIVE,GB,generation,VEH0124,2017,4967,-0.025152078242240233,1
ASTON MARTIN,V8 VANTAGE,VH,SPORTIVE,GB,generation,VEH0124,2018,4728,0.005592972376369687,1
ASTON MARTIN,V8 VANTAGE,VH,SPORTIVE,GB,generation,VEH0124,2019,4611,0.023175893700084178,1
ASTON MARTIN,V8 VANTAGE,VH,SPORTIVE,GB,generation,VEH0124,2020,4308,0.04744742561035705,1
ASTON MARTIN,V8 VANTAGE,VH,SPORTIVE,GB,generation,VEH0124,2021,4283,0.032949527156854806,2
ASTON MARTIN,V8 VANTAGE,VH,SPORTIVE,GB,generation,VEH0124,2022,4100,0.03915259317143575,2
ASTON MARTIN,V8 VANTAGE,VH,SPORTIVE,GB,generation,VEH0124,2023,3862,0.03642952509594011,2
ASTON MARTIN,V8 VANTAGE,VH,SPORTIVE,GB,generation,VEH0124,2024,3718,0.04715593644466054,2
ASTON MARTIN,V8 VANTAGE,VH,SPORTIVE,GB,generation,VEH0124,2025,3648,0.038935967166059036,2
ASTON MARTIN,V8 VANTAGE,VH,SPORTIVE,NL,generation,RDW,2026,404,,3
ASTON MARTIN,VANQUISH,I,SUPERCAR,GB,generation,VEH0124,2014,184,,2
ASTON MARTIN,VANQUISH,I,SUPERCAR,GB,generation,VEH0124,2015,179,,2
ASTON MARTIN,VANQUISH,I,SUPERCAR,GB,generation,VEH0124,2016,164,,2
ASTON MARTIN,VANQUISH,I,SUPERCAR,GB,generation,VEH0124,2017,151,0.06588530693135386,2
ASTON MARTIN,VANQUISH,I,SUPERCAR,GB,generation,VEH0124,2018,145,0.07021735447339357,2
ASTON MARTIN,VANQUISH,I,SUPERCAR,GB,generation,VEH0124,2019,151,0.027528863669758152,3
ASTON MARTIN,VANQUISH,I,SUPERCAR,GB,generation,VEH0124,2020,120,0.07659603134429283,3
ASTON MARTIN,VANQUISH,I,SUPERCAR,GB,generation,VEH0124,2021,128,0.04156782616698577,3
ASTON MARTIN,VANQUISH,I,SUPERCAR,GB,generation,VEH0124,2022,114,0.09369379614014288,3
ASTON MARTIN,VANQUISH,I,SUPERCAR,GB,generation,VEH0124,2023,110,0.029003792329876415,3
ASTON MARTIN,VANQUISH,I,SUPERCAR,GB,generation,VEH0124,2024,109,0.05356079389682448,4
ASTON MARTIN,VANQUISH,I,SUPERCAR,GB,generation,VEH0124,2025,100,0.043676087468801285,4
ASTON MARTIN,VANQUISH,I,SUPERCAR,NL,generation,RDW,2026,10,,4
AUDI,RS2,B4,SPORTIVE,GB,generation,VEH0124,2014,68,,3
AUDI,RS2,B4,SPORTIVE,GB,generation,VEH0124,2015,57,,4
AUDI,RS2,B4,SPORTIVE,GB,generation,VEH0124,2016,53,,4
AUDI,RS2,B4,SPORTIVE,GB,generation,VEH0124,2017,46,0.1302887695623373,4
AUDI,RS2,B4,SPORTIVE,GB,generation,VEH0124,2018,39,0.1264965405683013,4
AUDI,RS2,B4,SPORTIVE,GB,generation,VEH0124,2019,39,0.10224342247415856,4
AUDI,RS2,B4,SPORTIVE,GB,generation,VEH0124,2020,39,0.05502658345314959,5
AUDI,RS2,B4,SPORTIVE,GB,generation,VEH0124,2021,44,-0.040209329262871574,5
AUDI,RS2,B4,SPORTIVE,GB,generation,VEH0124,2022,34,0.045733707171161576,5
AUDI,RS2,B4,SPORTIVE,GB,generation,VEH0124,2023,34,0.045733707171161576,5
AUDI,RS2,B4,SPORTIVE,GB,generation,VEH0124,2024,30,0.12766408408536853,5
AUDI,RS2,B4,SPORTIVE,GB,generation,VEH0124,2025,32,0.020208207272145007,6
AUDI,RS2,B4,SPORTIVE,NL,generation,RDW,2026,2,,6
AUDI,S2,B3_B4,COUPE,NL,generation,RDW,2026,1,,6
AUDI,RS4,B5,SPORTIVE,GB,generation,VEH0124,2014,337,,2
AUDI,RS4,B5,SPORTIVE,GB,generation,VEH0124,2015,328,,3
AUDI,RS4,B5,SPORTIVE,GB,generation,VEH0124,2016,298,,3
AUDI,RS4,B5,SPORTIVE,GB,generation,VEH0124,2017,257,0.09033561515238049,3
AUDI,RS4,B5,SPORTIVE,GB,generation,VEH0124,2018,236,0.10972726778617788,3
AUDI,RS4,B5,SPORTIVE,GB,generation,VEH0124,2019,213,0.1119337735986597,3
AUDI,RS4,B5,SPORTIVE,GB,generation,VEH0124,2020,195,0.09202550877715776,4
AUDI,RS4,B5,SPORTIVE,GB,generation,VEH0124,2021,186,0.0793617104374696,4
AUDI,RS4,B5,SPORTIVE,GB,generation,VEH0124,2022,173,0.0693335237372154,4
AUDI,RS4,B5,SPORTIVE,GB,generation,VEH0124,2023,154,0.07868231871670577,4
AUDI,RS4,B5,SPORTIVE,GB,generation,VEH0124,2024,148,0.07617813331636232,4
AUDI,RS4,B5,SPORTIVE,GB,generation,VEH0124,2025,128,0.10042044352605413,5
AUDI,RS4,B5,SPORTIVE,NL,generation,RDW,2026,6,,5
AUDI,RS4,B7,SPORTIVE,GB,generation,VEH0124,2014,2718,,1
AUDI,RS4,B7,SPORTIVE,GB,generation,VEH0124,2015,2602,,1
AUDI,RS4,B7,SPORTIVE,GB,generation,VEH0124,2016,2515,,1
AUDI,RS4,B7,SPORTIVE,GB,generation,VEH0124,2017,2406,0.040643566058821655,2
AUDI,RS4,B7,SPORTIVE,GB,generation,VEH0124,2018,2298,0.041413733554583075,2
AUDI,RS4,B7,SPORTIVE,GB,generation,VEH0124,2019,2176,0.048261491519335564,2
AUDI,RS4,B7,SPORTIVE,GB,generation,VEH0124,2020,2038,0.055332227583984483,2
AUDI,RS4,B7,SPORTIVE,GB,generation,VEH0124,2021,1950,0.05473660228363612,2
AUDI,RS4,B7,SPORTIVE,GB,generation,VEH0124,2022,1824,0.058818812447185564,3
AUDI,RS4,B7,SPORTIVE,GB,generation,VEH0124,2023,1710,0.05849185476198837,3
AUDI,RS4,B7,SPORTIVE,GB,generation,VEH0124,2024,1593,0.06740344721591462,3
AUDI,RS4,B7,SPORTIVE,GB,generation,VEH0124,2025,1489,0.0676423793167557,3
AUDI,RS4,B7,SPORTIVE,NL,generation,RDW,2026,10,,3
AUDI,RS6,C5,SPORTIVE,GB,generation,VEH0124,2014,744,,2
AUDI,RS6,C5,SPORTIVE,GB,generation,VEH0124,2015,730,,2
AUDI,RS6,C5,SPORTIVE,GB,generation,VEH0124,2016,687,,2
AUDI,RS6,C5,SPORTIVE,GB,generation,VEH0124,2017,622,0.05970031403130408,2
AUDI,RS6,C5,SPORTIVE,GB,generation,VEH0124,2018,565,0.08540626766533184,3
AUDI,RS6,C5,SPORTIVE,GB,generation,VEH0124,2019,511,0.09865490067288156,3
AUDI,RS6,C5,SPORTIVE,GB,generation,VEH0124,2020,450,0.10789750332493793,3
AUDI,RS6,C5,SPORTIVE,GB,generation,VEH0124,2021,402,0.1134578808424734,3
AUDI,RS6,C5,SPORTIVE,GB,generation,VEH0124,2022,356,0.12047961978389132,3
AUDI,RS6,C5,SPORTIVE,GB,generation,VEH0124,2023,325,0.1084741334782094,4
AUDI,RS6,C5,SPORTIVE,GB,generation,VEH0124,2024,288,0.11116386949435834,4
AUDI,RS6,C5,SPORTIVE,GB,generation,VEH0124,2025,269,0.09340645041673046,4
AUDI,RS6,C5,SPORTIVE,NL,generation,RDW,2026,19,,4
AUDI,RS6,C6,SPORTIVE,GB,generation,VEH0124,2014,567,,1
AUDI,RS6,C6,SPORTIVE,GB,generation,VEH0124,2015,549,,1
AUDI,RS6,C6,SPORTIVE,GB,generation,VEH0124,2016,539,,1
AUDI,RS6,C6,SPORTIVE,GB,generation,VEH0124,2017,518,0.03012802048942298,1
AUDI,RS6,C6,SPORTIVE,GB,generation,VEH0124,2018,510,0.02456257193038643,1
AUDI,RS6,C6,SPORTIVE,GB,generation,VEH0124,2019,499,0.025703158385826264,2
AUDI,RS6,C6,SPORTIVE,GB,generation,VEH0124,2020,462,0.038136783725914704,2
AUDI,RS6,C6,SPORTIVE,GB,generation,VEH0124,2021,444,0.046195387762048824,2
AUDI,RS6,C6,SPORTIVE,GB,generation,VEH0124,2022,422,0.05586692723850225,2
AUDI,RS6,C6,SPORTIVE,GB,generation,VEH0124,2023,381,0.06425517198501247,2
AUDI,RS6,C6,SPORTIVE,GB,generation,VEH0124,2024,362,0.06806011686881774,3
AUDI,RS6,C6,SPORTIVE,GB,generation,VEH0124,2025,343,0.06909162229002419,3
AUDI,RS6,C6,SPORTIVE,NL,generation,RDW,2026,9,,3
AUDI,S4,B5,SPORTIVE,GB,generation,VEH0124,2014,794,,3
AUDI,S4,B5,SPORTIVE,GB,generation,VEH0124,2015,719,,3
AUDI,S4,B5,SPORTIVE,GB,generation,VEH0124,2016,641,,3
AUDI,S4,B5,SPORTIVE,GB,generation,VEH0124,2017,581,0.10411090146507511,3
AUDI,S4,B5,SPORTIVE,GB,generation,VEH0124,2018,520,0.10801084871519133,3
AUDI,S4,B5,SPORTIVE,GB,generation,VEH0124,2019,468,0.10485372033434093,4
AUDI,S4,B5,SPORTIVE,GB,generation,VEH0124,2020,451,0.0844278057830774,4
AUDI,S4,B5,SPORTIVE,GB,generation,VEH0124,2021,412,0.07760182074198212,4
AUDI,S4,B5,SPORTIVE,GB,generation,VEH0124,2022,378,0.07119136676601971,4
AUDI,S4,B5,SPORTIVE,GB,generation,VEH0124,2023,336,0.09811872651315816,4
AUDI,S4,B5,SPORTIVE,GB,generation,VEH0124,2024,301,0.10463769486688375,5
AUDI,S4,B5,SPORTIVE,GB,generation,VEH0124,2025,272,0.10969737644119675,5
AUDI,S4,B5,SPORTIVE,NL,generation,RDW,2026,17,,5
AUDI,S3,8L,GTI,GB,generation,VEH0124,2014,3288,,2
AUDI,S3,8L,GTI,GB,generation,VEH0124,2015,3001,,2
AUDI,S3,8L,GTI,GB,generation,VEH0124,2016,2717,,3
AUDI,S3,8L,GTI,GB,generation,VEH0124,2017,2422,0.10189527735434467,3
AUDI,S3,8L,GTI,GB,generation,VEH0124,2018,2085,0.12139223706915499,3
AUDI,S3,8L,GTI,GB,generation,VEH0124,2019,1834,0.1310096522033127,3
AUDI,S3,8L,GTI,GB,generation,VEH0124,2020,1591,0.14007696525841684,3
AUDI,S3,8L,GTI,GB,generation,VEH0124,2021,1394,0.13419718097081082,4
AUDI,S3,8L,GTI,GB,generation,VEH0124,2022,1231,0.13289084221065206,4
AUDI,S3,8L,GTI,GB,generation,VEH0124,2023,1100,0.12301752318377505,4
AUDI,S3,8L,GTI,GB,generation,VEH0124,2024,969,0.12122265980990103,4
AUDI,S3,8L,GTI,GB,generation,VEH0124,2025,873,0.1145488567816173,4
AUDI,S3,8L,GTI,NL,generation,RDW,2026,188,,5
AUDI,S8,D2,PREMIUM,GB,generation,VEH0124,2014,355,,3
AUDI,S8,D2,PREMIUM,GB,generation,VEH0124,2015,316,,3
AUDI,S8,D2,PREMIUM,GB,generation,VEH0124,2016,284,,3
AUDI,S8,D2,PREMIUM,GB,generation,VEH0124,2017,264,0.09872289544303332,3
AUDI,S8,D2,PREMIUM,GB,generation,VEH0124,2018,223,0.11619014737559781,3
AUDI,S8,D2,PREMIUM,GB,generation,VEH0124,2019,200,0.11688562387105665,4
AUDI,S8,D2,PREMIUM,GB,generation,VEH0124,2020,164,0.1586942251073724,4
AUDI,S8,D2,PREMIUM,GB,generation,VEH0124,2021,159,0.11275585641329577,4
AUDI,S8,D2,PREMIUM,GB,generation,VEH0124,2022,142,0.11416343631559182,4
AUDI,S8,D2,PREMIUM,GB,generation,VEH0124,2023,144,0.04335104274939935,4
AUDI,S8,D2,PREMIUM,GB,generation,VEH0124,2024,118,0.09940652591818881,5
AUDI,S8,D2,PREMIUM,GB,generation,VEH0124,2025,115,0.07029830974600355,5
AUDI,S8,D2,PREMIUM,NL,generation,RDW,2026,26,,5
AUDI,TT,8N,COUPE,GB,generation,VEH0124,2014,44922,,2
AUDI,TT,8N,COUPE,GB,generation,VEH0124,2015,43305,,2
AUDI,TT,8N,COUPE,GB,generation,VEH0124,2016,41300,,2
AUDI,TT,8N,COUPE,GB,generation,VEH0124,2017,38662,0.05002348232570123,3
AUDI,TT,8N,COUPE,GB,generation,VEH0124,2018,35845,0.06302133815939055,3
AUDI,TT,8N,COUPE,GB,generation,VEH0124,2019,32550,0.07936171043746931,3
AUDI,TT,8N,COUPE,GB,generation,VEH0124,2020,29639,0.08858871461079747,3
AUDI,TT,8N,COUPE,GB,generation,VEH0124,2021,27274,0.09109007328973107,3
AUDI,TT,8N,COUPE,GB,generation,VEH0124,2022,24619,0.09308628870247364,4
AUDI,TT,8N,COUPE,GB,generation,VEH0124,2023,21638,0.10488001113390825,4
AUDI,TT,8N,COUPE,GB,generation,VEH0124,2024,18590,0.12777002190076323,4
AUDI,TT,8N,COUPE,GB,generation,VEH0124,2025,16396,0.13549369996835559,4
AUDI,TT,8N,COUPE,NL,generation,RDW,2026,4953,,4
AUDI,TT,8J,COUPE,GB,generation,VEH0124,2014,51696,,0
AUDI,TT,8J,COUPE,GB,generation,VEH0124,2015,50666,,1
AUDI,TT,8J,COUPE,GB,generation,VEH0124,2016,50442,,1
AUDI,TT,8J,COUPE,GB,generation,VEH0124,2017,49978,0.011265833494133423,1
AUDI,TT,8J,COUPE,GB,generation,VEH0124,2018,49539,0.007498278682634307,1
AUDI,TT,8J,COUPE,GB,generation,VEH0124,2019,49193,0.008357608142655812,1
AUDI,TT,8J,COUPE,GB,generation,VEH0124,2020,48378,0.010845914556267525,2
AUDI,TT,8J,COUPE,GB,generation,VEH0124,2021,47788,0.011995225397994247,2
AUDI,TT,8J,COUPE,GB,generation,VEH0124,2022,47253,0.01341173098851319,2
AUDI,TT,8J,COUPE,GB,generation,VEH0124,2023,45912,0.01743954804162584,2
AUDI,TT,8J,COUPE,GB,generation,VEH0124,2024,44339,0.024969970340228187,2
AUDI,TT,8J,COUPE,GB,generation,VEH0124,2025,43116,0.030540662022775205,3
AUDI,TT,8J,COUPE,NL,generation,RDW,2026,2929,,3
AUDI,R8,42,SUPERCAR,GB,generation,VEH0124,2014,2552,,0
AUDI,R8,42,SUPERCAR,GB,generation,VEH0124,2015,2740,,1
AUDI,R8,42,SUPERCAR,GB,generation,VEH0124,2016,2620,,1
AUDI,R8,42,SUPERCAR,GB,generation,VEH0124,2017,2510,0.005531537446283726,1
AUDI,R8,42,SUPERCAR,GB,generation,VEH0124,2018,2469,0.03471490334564523,1
AUDI,R8,42,SUPERCAR,GB,generation,VEH0124,2019,2377,0.03244504313164942,1
AUDI,R8,42,SUPERCAR,GB,generation,VEH0124,2020,2244,0.03734092182774754,2
AUDI,R8,42,SUPERCAR,GB,generation,VEH0124,2021,2152,0.04580518935450151,2
AUDI,R8,42,SUPERCAR,GB,generation,VEH0124,2022,2077,0.044971547828027404,2
AUDI,R8,42,SUPERCAR,GB,generation,VEH0124,2023,1937,0.049039867745197085,2
AUDI,R8,42,SUPERCAR,GB,generation,VEH0124,2024,1843,0.05166765453728406,2
AUDI,R8,42,SUPERCAR,GB,generation,VEH0124,2025,1782,0.05106273861511923,3
AUDI,R8,42,SUPERCAR,NL,generation,RDW,2026,99,,3
BMW,M3,E36,SPORTIVE,GB,generation,VEH0124,2014,1359,,3
BMW,M3,E36,SPORTIVE,GB,generation,VEH0124,2015,1221,,4
BMW,M3,E36,SPORTIVE,GB,generation,VEH0124,2016,1094,,4
BMW,M3,E36,SPORTIVE,GB,generation,VEH0124,2017,951,0.11899678386858437,4
BMW,M3,E36,SPORTIVE,GB,generation,VEH0124,2018,854,0.11916476010737813,4
BMW,M3,E36,SPORTIVE,GB,generation,VEH0124,2019,793,0.10725758711569296,4
BMW,M3,E36,SPORTIVE,GB,generation,VEH0124,2020,688,0.1079084082040156,5
BMW,M3,E36,SPORTIVE,GB,generation,VEH0124,2021,645,0.09356029233093259,5
BMW,M3,E36,SPORTIVE,GB,generation,VEH0124,2022,637,0.07301785535422815,5
BMW,M3,E36,SPORTIVE,GB,generation,VEH0124,2023,530,0.08697061046239203,5
BMW,M3,E36,SPORTIVE,GB,generation,VEH0124,2024,488,0.09297830364754163,5
BMW,M3,E36,SPORTIVE,GB,generation,VEH0124,2025,490,0.0874547548224971,6
BMW,M3,E36,SPORTIVE,NL,generation,RDW,2026,370,,6
BMW,M3,E46,SPORTIVE,GB,generation,VEH0124,2014,9761,,2
BMW,M3,E46,SPORTIVE,GB,generation,VEH0124,2015,9275,,2
BMW,M3,E46,SPORTIVE,GB,generation,VEH0124,2016,8616,,2
BMW,M3,E46,SPORTIVE,GB,generation,VEH0124,2017,7684,0.07975153642883963,2
BMW,M3,E46,SPORTIVE,GB,generation,VEH0124,2018,6871,0.10000431748151979,3
BMW,M3,E46,SPORTIVE,GB,generation,VEH0124,2019,6271,0.10589503609773487,3
BMW,M3,E46,SPORTIVE,GB,generation,VEH0124,2020,5670,0.1013170423888828,3
BMW,M3,E46,SPORTIVE,GB,generation,VEH0124,2021,5326,0.08490305621906617,3
BMW,M3,E46,SPORTIVE,GB,generation,VEH0124,2022,4894,0.0826419555134675,3
BMW,M3,E46,SPORTIVE,GB,generation,VEH0124,2023,4518,0.07570656656461654,4
BMW,M3,E46,SPORTIVE,GB,generation,VEH0124,2024,4191,0.0798870394829354,4
BMW,M3,E46,SPORTIVE,GB,generation,VEH0124,2025,3974,0.06941227363028506,4
BMW,M3,E46,SPORTIVE,NL,generation,RDW,2026,725,,4
BMW,M3,E9X,SPORTIVE,GB,generation,VEH0124,2014,6355,,0
BMW,M3,E9X,SPORTIVE,GB,generation,VEH0124,2015,6099,,1
BMW,M3,E9X,SPORTIVE,GB,generation,VEH0124,2016,5994,,1
BMW,M3,E9X,SPORTIVE,GB,generation,VEH0124,2017,5685,0.03713692581297264,1
BMW,M3,E9X,SPORTIVE,GB,generation,VEH0124,2018,5320,0.04555050665358884,1
BMW,M3,E9X,SPORTIVE,GB,generation,VEH0124,2019,5067,0.056003347466899576,1
BMW,M3,E9X,SPORTIVE,GB,generation,VEH0124,2020,4795,0.05675247295569896,2
BMW,M3,E9X,SPORTIVE,GB,generation,VEH0124,2021,4540,0.052848763766765096,2
BMW,M3,E9X,SPORTIVE,GB,generation,VEH0124,2022,4249,0.05868842178703323,2
BMW,M3,E9X,SPORTIVE,GB,generation,VEH0124,2023,3922,0.06699066018708244,2
BMW,M3,E9X,SPORTIVE,GB,generation,VEH0124,2024,3607,0.07668353671061823,2
BMW,M3,E9X,SPORTIVE,GB,generation,VEH0124,2025,3505,0.06416438021537374,3
BMW,M3,E9X,SPORTIVE,NL,generation,RDW,2026,535,,3
BMW,M5,E34,SPORTIVE,GB,generation,VEH0124,2014,104,,4
BMW,M5,E34,SPORTIVE,GB,generation,VEH0124,2015,98,,4
BMW,M5,E34,SPORTIVE,GB,generation,VEH0124,2016,97,,5
BMW,M5,E34,SPORTIVE,GB,generation,VEH0124,2017,85,0.06724654755035193,5
BMW,M5,E34,SPORTIVE,GB,generation,VEH0124,2018,70,0.11215741220707098,5
BMW,M5,E34,SPORTIVE,GB,generation,VEH0124,2019,72,0.09934828649577583,5
BMW,M5,E34,SPORTIVE,GB,generation,VEH0124,2020,72,0.05532837915808712,5
BMW,M5,E34,SPORTIVE,GB,generation,VEH0124,2021,68,0.009662512291084132,6
BMW,M5,E34,SPORTIVE,GB,generation,VEH0124,2022,66,0.02900379232987671,6
BMW,M5,E34,SPORTIVE,GB,generation,VEH0124,2023,53,0.10212473515464444,6
BMW,M5,E34,SPORTIVE,GB,generation,VEH0124,2024,52,0.08942132886489314,6
BMW,M5,E34,SPORTIVE,GB,generation,VEH0124,2025,49,0.0992781479719329,6
BMW,M5,E34,SPORTIVE,NL,generation,RDW,2026,103,,7
BMW,M5,E39,SPORTIVE,GB,generation,VEH0124,2014,1113,,2
BMW,M5,E39,SPORTIVE,GB,generation,VEH0124,2015,1075,,3
BMW,M5,E39,SPORTIVE,GB,generation,VEH0124,2016,978,,3
BMW,M5,E39,SPORTIVE,GB,generation,VEH0124,2017,909,0.06748975236602206,3
BMW,M5,E39,SPORTIVE,GB,generation,VEH0124,2018,848,0.07906510158995328,3
BMW,M5,E39,SPORTIVE,GB,generation,VEH0124,2019,759,0.08450263087972913,3
BMW,M5,E39,SPORTIVE,GB,generation,VEH0124,2020,707,0.08377147609363522,4
BMW,M5,E39,SPORTIVE,GB,generation,VEH0124,2021,659,0.08405236709646531,4
BMW,M5,E39,SPORTIVE,GB,generation,VEH0124,2022,604,0.07614252648693842,4
BMW,M5,E39,SPORTIVE,GB,generation,VEH0124,2023,525,0.09921080110164986,4
BMW,M5,E39,SPORTIVE,GB,generation,VEH0124,2024,490,0.09877271446594509,4
BMW,M5,E39,SPORTIVE,GB,generation,VEH0124,2025,462,0.08933643561769215,5
BMW,M5,E39,SPORTIVE,NL,generation,RDW,2026,228,,5
BMW,M5,E60,SPORTIVE,GB,generation,VEH0124,2014,1390,,1
BMW,M5,E60,SPORTIVE,GB,generation,VEH0124,2015,1308,,1
BMW,M5,E60,SPORTIVE,GB,generation,VEH0124,2016,1215,,1
BMW,M5,E60,SPORTIVE,GB,generation,VEH0124,2017,1111,0.07468107882836901,2
BMW,M5,E60,SPORTIVE,GB,generation,VEH0124,2018,1006,0.0875057271191532,2
BMW,M5,E60,SPORTIVE,GB,generation,VEH0124,2019,897,0.10114783123861759,2
BMW,M5,E60,SPORTIVE,GB,generation,VEH0124,2020,832,0.09639444960614056,2
BMW,M5,E60,SPORTIVE,GB,generation,VEH0124,2021,742,0.10146270249743476,2
BMW,M5,E60,SPORTIVE,GB,generation,VEH0124,2022,668,0.09825589617405021,3
BMW,M5,E60,SPORTIVE,GB,generation,VEH0124,2023,597,0.11063844247620214,3
BMW,M5,E60,SPORTIVE,GB,generation,VEH0124,2024,540,0.10592670120301999,3
BMW,M5,E60,SPORTIVE,GB,generation,VEH0124,2025,537,0.0727633596759268,3
BMW,M5,E60,SPORTIVE,NL,generation,RDW,2026,288,,3
BMW,Z3,E36_7,ROADSTER,GB,generation,VEH0124,2014,15680,,3
BMW,Z3,E36_7,ROADSTER,GB,generation,VEH0124,2015,14802,,3
BMW,Z3,E36_7,ROADSTER,GB,generation,VEH0124,2016,13990,,3
BMW,Z3,E36_7,ROADSTER,GB,generation,VEH0124,2017,12833,0.06678867888664601,3
BMW,Z3,E36_7,ROADSTER,GB,generation,VEH0124,2018,11970,0.07078626240179749,3
BMW,Z3,E36_7,ROADSTER,GB,generation,VEH0124,2019,10832,0.08527935750249031,4
BMW,Z3,E36_7,ROADSTER,GB,generation,VEH0124,2020,9834,0.08872473642419187,4
BMW,Z3,E36_7,ROADSTER,GB,generation,VEH0124,2021,9389,0.08095490943115695,4
BMW,Z3,E36_7,ROADSTER,GB,generation,VEH0124,2022,8712,0.0726011101797533,4
BMW,Z3,E36_7,ROADSTER,GB,generation,VEH0124,2023,7789,0.07771109568397883,4
BMW,Z3,E36_7,ROADSTER,GB,generation,VEH0124,2024,7119,0.09225717505155846,5
BMW,Z3,E36_7,ROADSTER,GB,generation,VEH0124,2025,6700,0.08753128641124637,5
BMW,Z3,E36_7,ROADSTER,NL,generation,RDW,2026,2429,,5
BMW,Z3 M,E36_7,ROADSTER,GB,generation,VEH0124,2014,708,,3
BMW,Z3 M,E36_7,ROADSTER,GB,generation,VEH0124,2015,696,,3
BMW,Z3 M,E36_7,ROADSTER,GB,generation,VEH0124,2016,627,,3
BMW,Z3 M,E36_7,ROADSTER,GB,generation,VEH0124,2017,573,0.07051945899299324,3
BMW,Z3 M,E36_7,ROADSTER,GB,generation,VEH0124,2018,522,0.0958940241505936,3
BMW,Z3 M,E36_7,ROADSTER,GB,generation,VEH0124,2019,489,0.0828613503860162,4
BMW,Z3 M,E36_7,ROADSTER,GB,generation,VEH0124,2020,467,0.06818548634861414,4
BMW,Z3 M,E36_7,ROADSTER,GB,generation,VEH0124,2021,455,0.04579005631056295,4
BMW,Z3 M,E36_7,ROADSTER,GB,generation,VEH0124,2022,435,0.03900548612872937,4
BMW,Z3 M,E36_7,ROADSTER,GB,generation,VEH0124,2023,397,0.05413099232723558,4
BMW,Z3 M,E36_7,ROADSTER,GB,generation,VEH0124,2024,384,0.05655162212107445,5
BMW,Z3 M,E36_7,ROADSTER,GB,generation,VEH0124,2025,388,0.03811356382180353,5
BMW,Z3 M,E36_7,ROADSTER,NL,generation,RDW,2026,295,,5
BMW,Z4,E85,ROADSTER,GB,generation,VEH0124,2014,18871,,1
BMW,Z4,E85,ROADSTER,GB,generation,VEH0124,2015,18382,,2
BMW,Z4,E85,ROADSTER,GB,generation,VEH0124,2016,17861,,2
BMW,Z4,E85,ROADSTER,GB,generation,VEH0124,2017,17346,0.028088139961565044,2
BMW,Z4,E85,ROADSTER,GB,generation,VEH0124,2018,16527,0.03545883925907608,2
BMW,Z4,E85,ROADSTER,GB,generation,VEH0124,2019,15578,0.045586634141529934,2
BMW,Z4,E85,ROADSTER,GB,generation,VEH0124,2020,14842,0.051966977571440275,3
BMW,Z4,E85,ROADSTER,GB,generation,VEH0124,2021,14318,0.04782597339489847,3
BMW,Z4,E85,ROADSTER,GB,generation,VEH0124,2022,13672,0.043503238894822736,3
BMW,Z4,E85,ROADSTER,GB,generation,VEH0124,2023,12839,0.04832452864633178,3
BMW,Z4,E85,ROADSTER,GB,generation,VEH0124,2024,11748,0.06594482454587336,3
BMW,Z4,E85,ROADSTER,GB,generation,VEH0124,2025,10979,0.07312186285356444,4
BMW,Z4,E85,ROADSTER,NL,generation,RDW,2026,889,,4
BMW,Z4 M,E85_86,ROADSTER,GB,generation,VEH0124,2014,951,,1
BMW,Z4 M,E85_86,ROADSTER,GB,generation,VEH0124,2015,899,,1
BMW,Z4 M,E85_86,ROADSTER,GB,generation,VEH0124,2016,829,,1
BMW,Z4 M,E85_86,ROADSTER,GB,generation,VEH0124,2017,751,0.07870280359375197,2
BMW,Z4 M,E85_86,ROADSTER,GB,generation,VEH0124,2018,678,0.09404524884374155,2
BMW,Z4 M,E85_86,ROADSTER,GB,generation,VEH0124,2019,638,0.0872939572635018,2
BMW,Z4 M,E85_86,ROADSTER,GB,generation,VEH0124,2020,594,0.07817544413382975,2
BMW,Z4 M,E85_86,ROADSTER,GB,generation,VEH0124,2021,558,0.06492944185302818,2
BMW,Z4 M,E85_86,ROADSTER,GB,generation,VEH0124,2022,531,0.06119208736761698,3
BMW,Z4 M,E85_86,ROADSTER,GB,generation,VEH0124,2023,484,0.06826480421533769,3
BMW,Z4 M,E85_86,ROADSTER,GB,generation,VEH0124,2024,456,0.0672887176223081,3
BMW,Z4 M,E85_86,ROADSTER,GB,generation,VEH0124,2025,450,0.05517147949252443,3
BMW,Z4 M,E85_86,ROADSTER,NL,generation,RDW,2026,8,,3
BMW,Z4,E89,ROADSTER,GB,generation,VEH0124,2014,12496,,0
BMW,Z4,E89,ROADSTER,GB,generation,VEH0124,2015,13933,,0
BMW,Z4,E89,ROADSTER,GB,generation,VEH0124,2016,14916,,0
BMW,Z4,E89,ROADSTER,GB,generation,VEH0124,2017,14865,-0.05786695445091065,1
BMW,Z4,E89,ROADSTER,GB,generation,VEH0124,2018,14687,-0.01756754054675665,1
BMW,Z4,E89,ROADSTER,GB,generation,VEH0124,2019,14536,0.00860204374090164,1
BMW,Z4,E89,ROADSTER,GB,generation,VEH0124,2020,14309,0.012706915508487645,1
BMW,Z4,E89,ROADSTER,GB,generation,VEH0124,2021,14101,0.013572343972210632,1
BMW,Z4,E89,ROADSTER,GB,generation,VEH0124,2022,14027,0.011881429118778541,2
BMW,Z4,E89,ROADSTER,GB,generation,VEH0124,2023,13875,0.010266683430700141,2
BMW,Z4,E89,ROADSTER,GB,generation,VEH0124,2024,13551,0.013261790504838444,2
BMW,Z4,E89,ROADSTER,GB,generation,VEH0124,2025,13397,0.01531774748089513,2
BMW,Z4,E89,ROADSTER,NL,generation,RDW,2026,1639,,2
BMW,Z8,E52,ROADSTER,GB,generation,VEH0124,2014,59,,2
BMW,Z8,E52,ROADSTER,GB,generation,VEH0124,2015,55,,2
BMW,Z8,E52,ROADSTER,GB,generation,VEH0124,2016,55,,3
BMW,Z8,E52,ROADSTER,GB,generation,VEH0124,2017,54,0.029517799113815062,3
BMW,Z8,E52,ROADSTER,GB,generation,VEH0124,2018,47,0.05239519450747091,3
BMW,Z8,E52,ROADSTER,GB,generation,VEH0124,2019,45,0.06689023182071718,3
BMW,Z8,E52,ROADSTER,GB,generation,VEH0124,2020,49,0.03238791615121602,3
BMW,Z8,E52,ROADSTER,GB,generation,VEH0124,2021,44,0.02198598926393247,4
BMW,Z8,E52,ROADSTER,GB,generation,VEH0124,2022,45,0.0,4
BMW,Z8,E52,ROADSTER,GB,generation,VEH0124,2023,46,0.021059633873843797,4
BMW,Z8,E52,ROADSTER,GB,generation,VEH0124,2024,39,0.040209329262871574,4
BMW,Z8,E52,ROADSTER,GB,generation,VEH0124,2025,40,0.039261011885461126,4
BMW,Z8,E52,ROADSTER,NL,generation,RDW,2026,38,,5
BMW,1M,E82,SPORTIVE,GB,generation,VEH0124,2014,357,,0
BMW,1M,E82,SPORTIVE,GB,generation,VEH0124,2015,337,,0
BMW,1M,E82,SPORTIVE,GB,generation,VEH0124,2016,308,,1
BMW,1M,E82,SPORTIVE,GB,generation,VEH0124,2017,273,0.089421328864893,1
BMW,1M,E82,SPORTIVE,GB,generation,VEH0124,2018,251,0.09820999707352603,1
BMW,1M,E82,SPORTIVE,GB,generation,VEH0124,2019,243,0.07901277987767526,1
BMW,1M,E82,SPORTIVE,GB,generation,VEH0124,2020,237,0.04713721801660942,1
BMW,1M,E82,SPORTIVE,GB,generation,VEH0124,2021,239,0.016329795733424152,2
BMW,1M,E82,SPORTIVE,GB,generation,VEH0124,2022,233,0.014007663258282696,2
BMW,1M,E82,SPORTIVE,GB,generation,VEH0124,2023,228,0.012904837393563481,2
BMW,1M,E82,SPORTIVE,GB,generation,VEH0124,2024,221,0.026100283471252855,2
BMW,1M,E82,SPORTIVE,GB,generation,VEH0124,2025,220,0.01913696907111273,2
BMW,1M,E82,SPORTIVE,NL,generation,RDW,2026,1,,3
BMW,8 SERIES,E31,COUPE,GB,generation,VEH0124,2014,865,,4
BMW,8 SERIES,E31,COUPE,GB,generation,VEH0124,2015,799,,4
BMW,8 SERIES,E31,COUPE,GB,generation,VEH0124,2016,750,,4
BMW,8 SERIES,E31,COUPE,GB,generation,VEH0124,2017,712,0.06488386517330103,4
BMW,8 SERIES,E31,COUPE,GB,generation,VEH0124,2018,681,0.05326621320558752,4
BMW,8 SERIES,E31,COUPE,GB,generation,VEH0124,2019,619,0.06398931128191994,5
BMW,8 SERIES,E31,COUPE,GB,generation,VEH0124,2020,554,0.0836377415548973,5
BMW,8 SERIES,E31,COUPE,GB,generation,VEH0124,2021,542,0.07609876823662187,5
BMW,8 SERIES,E31,COUPE,GB,generation,VEH0124,2022,486,0.08063221626136752,5
BMW,8 SERIES,E31,COUPE,GB,generation,VEH0124,2023,433,0.08214231958159808,5
BMW,8 SERIES,E31,COUPE,GB,generation,VEH0124,2024,402,0.0996046376068751,6
BMW,8 SERIES,E31,COUPE,GB,generation,VEH0124,2025,381,0.08113641625793082,6
BMW,8 SERIES,E31,COUPE,NL,generation,RDW,2026,362,,6
BMW,6 SERIES,E63,COUPE,GB,generation,VEH0124,2014,10907,,1
BMW,6 SERIES,E63,COUPE,GB,generation,VEH0124,2015,10607,,1
BMW,6 SERIES,E63,COUPE,GB,generation,VEH0124,2016,10234,,2
BMW,6 SERIES,E63,COUPE,GB,generation,VEH0124,2017,9809,0.0353681511214757,2
BMW,6 SERIES,E63,COUPE,GB,generation,VEH0124,2018,9282,0.04447903990144949,2
BMW,6 SERIES,E63,COUPE,GB,generation,VEH0124,2019,8631,0.056785045715126735,2
BMW,6 SERIES,E63,COUPE,GB,generation,VEH0124,2020,8116,0.06315430320620348,2
BMW,6 SERIES,E63,COUPE,GB,generation,VEH0124,2021,7830,0.056704843605424195,3
BMW,6 SERIES,E63,COUPE,GB,generation,VEH0124,2022,7405,0.05106830850591967,3
BMW,6 SERIES,E63,COUPE,GB,generation,VEH0124,2023,6799,0.059020626473081705,3
BMW,6 SERIES,E63,COUPE,GB,generation,VEH0124,2024,6129,0.08164363516637252,3
BMW,6 SERIES,E63,COUPE,GB,generation,VEH0124,2025,5600,0.0931296166595524,3
BMW,6 SERIES,E63,COUPE,NL,generation,RDW,2026,1424,,4
BMW,135I,E82,SPORTIVE,GB,generation,VEH0124,2014,1219,,0
BMW,135I,E82,SPORTIVE,GB,generation,VEH0124,2015,1196,,1
BMW,135I,E82,SPORTIVE,GB,generation,VEH0124,2016,1183,,1
BMW,135I,E82,SPORTIVE,GB,generation,VEH0124,2017,1151,0.019133240253129458,1
BMW,135I,E82,SPORTIVE,GB,generation,VEH0124,2018,1102,0.02728531493257247,1
BMW,135I,E82,SPORTIVE,GB,generation,VEH0124,2019,1085,0.028824532667942233,1
BMW,135I,E82,SPORTIVE,GB,generation,VEH0124,2020,1010,0.04356026629552604,2
BMW,135I,E82,SPORTIVE,GB,generation,VEH0124,2021,998,0.03304290446713173,2
BMW,135I,E82,SPORTIVE,GB,generation,VEH0124,2022,974,0.035974654110675054,2
BMW,135I,E82,SPORTIVE,GB,generation,VEH0124,2023,918,0.031836073071604666,2
BMW,135I,E82,SPORTIVE,GB,generation,VEH0124,2024,872,0.04498795080082818,2
BMW,135I,E82,SPORTIVE,GB,generation,VEH0124,2025,870,0.03763936399796849,3
BMW,135I,E82,SPORTIVE,NL,generation,RDW,2026,95,,3
CATERHAM,SEVEN,SEVEN,SPORTIVE,NL,generation,RDW,2026,106,,4
CITROEN,SAXO VTS,S0,GTI,GB,generation,VEH0124,2014,8638,,3
CITROEN,SAXO VTS,S0,GTI,GB,generation,VEH0124,2015,5909,,3
CITROEN,SAXO VTS,S0,GTI,GB,generation,VEH0124,2016,3975,,3
CITROEN,SAXO VTS,S0,GTI,GB,generation,VEH0124,2017,2660,0.392614983914967,3
CITROEN,SAXO VTS,S0,GTI,GB,generation,VEH0124,2018,1902,0.3778568827467798,3
CITROEN,SAXO VTS,S0,GTI,GB,generation,VEH0124,2019,1390,0.35024033365456503,4
CITROEN,SAXO VTS,S0,GTI,GB,generation,VEH0124,2020,1071,0.30324444377599874,4
CITROEN,SAXO VTS,S0,GTI,GB,generation,VEH0124,2021,914,0.24427689055039536,4
CITROEN,SAXO VTS,S0,GTI,GB,generation,VEH0124,2022,791,0.18792035278569438,4
CITROEN,SAXO VTS,S0,GTI,GB,generation,VEH0124,2023,677,0.15289226584515792,4
CITROEN,SAXO VTS,S0,GTI,GB,generation,VEH0124,2024,567,0.15915708924213265,5
CITROEN,SAXO VTS,S0,GTI,GB,generation,VEH0124,2025,510,0.14629574734976103,5
CITROEN,XSARA VTS,N0,GTI,GB,generation,VEH0124,2014,1334,,2
CITROEN,XSARA VTS,N0,GTI,GB,generation,VEH0124,2015,951,,2
CITROEN,XSARA VTS,N0,GTI,GB,generation,VEH0124,2016,664,,3
CITROEN,XSARA VTS,N0,GTI,GB,generation,VEH0124,2017,448,0.36371466468686126,3
CITROEN,XSARA VTS,N0,GTI,GB,generation,VEH0124,2018,315,0.36831380790658574,3
CITROEN,XSARA VTS,N0,GTI,GB,generation,VEH0124,2019,226,0.35924905006804914,3
CITROEN,XSARA VTS,N0,GTI,GB,generation,VEH0124,2020,176,0.31143641245894454,3
CITROEN,XSARA VTS,N0,GTI,GB,generation,VEH0124,2021,130,0.2950127294566836,4
CITROEN,XSARA VTS,N0,GTI,GB,generation,VEH0124,2022,106,0.2523653017200731,4
CITROEN,XSARA VTS,N0,GTI,GB,generation,VEH0124,2023,95,0.2055357011458702,4
CITROEN,XSARA VTS,N0,GTI,GB,generation,VEH0124,2024,83,0.1495646142196613,4
CITROEN,XSARA VTS,N0,GTI,GB,generation,VEH0124,2025,61,0.1841884099795852,4
CITROEN,C2 VTS,A6,GTI,GB,generation,VEH0124,2014,9395,,1
CITROEN,C2 VTS,A6,GTI,GB,generation,VEH0124,2015,8672,,1
CITROEN,C2 VTS,A6,GTI,GB,generation,VEH0124,2016,7999,,2
CITROEN,C2 VTS,A6,GTI,GB,generation,VEH0124,2017,7104,0.09317320905852,2
CITROEN,C2 VTS,A6,GTI,GB,generation,VEH0124,2018,6277,0.10773576178729864,2
CITROEN,C2 VTS,A6,GTI,GB,generation,VEH0124,2019,5438,0.12863506255213508,2
CITROEN,C2 VTS,A6,GTI,GB,generation,VEH0124,2020,4733,0.13536625158858584,2
CITROEN,C2 VTS,A6,GTI,GB,generation,VEH0124,2021,3988,0.15120076907860103,3
CITROEN,C2 VTS,A6,GTI,GB,generation,VEH0124,2022,3425,0.15410329149869698,3
CITROEN,C2 VTS,A6,GTI,GB,generation,VEH0124,2023,2897,0.16362784404563246,3
CITROEN,C2 VTS,A6,GTI,GB,generation,VEH0124,2024,2328,0.1794267740768003,3
CITROEN,C2 VTS,A6,GTI,GB,generation,VEH0124,2025,1786,0.21704099641996036,3
CITROEN,DS3 RACING,A55,GTI,GB,generation,VEH0124,2014,132,,0
CITROEN,DS3 RACING,A55,GTI,GB,generation,VEH0124,2015,150,,0
CITROEN,DS3 RACING,A55,GTI,GB,generation,VEH0124,2016,136,,0
CITROEN,DS3 RACING,A55,GTI,GB,generation,VEH0124,2017,140,-0.01961350000764443,1
CITROEN,DS3 RACING,A55,GTI,GB,generation,VEH0124,2018,134,0.037598498048448135,1
CITROEN,DS3 RACING,A55,GTI,GB,generation,VEH0124,2019,136,0.0,1
CITROEN,DS3 RACING,A55,GTI,GB,generation,VEH0124,2020,123,0.04315268907896227,1
CITROEN,DS3 RACING,A55,GTI,GB,generation,VEH0124,2021,124,0.02585274478195802,1
CITROEN,DS3 RACING,A55,GTI,GB,generation,VEH0124,2022,122,0.036211280334265204,2
CITROEN,DS3 RACING,A55,GTI,GB,generation,VEH0124,2023,109,0.040278824381091205,2
CITROEN,DS3 RACING,A55,GTI,GB,generation,VEH0124,2024,102,0.06510291744025547,2
CITROEN,DS3 RACING,A55,GTI,GB,generation,VEH0124,2025,102,0.05968274381632869,2
CITROEN,DS3 RACING,A55,GTI,NL,generation,RDW,2026,69,,2
FERRARI,348,348,SUPERCAR,NL,generation,RDW,2026,122,,6
FERRARI,F355,F355,SUPERCAR,NL,generation,RDW,2026,138,,6
FERRARI,360,360,SUPERCAR,GB,generation,VEH0124,2014,749,,2
FERRARI,360,360,SUPERCAR,GB,generation,VEH0124,2015,722,,2
FERRARI,360,360,SUPERCAR,GB,generation,VEH0124,2016,690,,2
FERRARI,360,360,SUPERCAR,GB,generation,VEH0124,2017,661,0.04166171455517779,3
FERRARI,360,360,SUPERCAR,GB,generation,VEH0124,2018,635,0.04280004666671141,3
FERRARI,360,360,SUPERCAR,GB,generation,VEH0124,2019,586,0.054457269338097504,3
FERRARI,360,360,SUPERCAR,GB,generation,VEH0124,2020,536,0.06987322626029464,3
FERRARI,360,360,SUPERCAR,GB,generation,VEH0124,2021,555,0.04488562838208576,3
FERRARI,360,360,SUPERCAR,GB,generation,VEH0124,2022,551,0.020528326808032443,4
FERRARI,360,360,SUPERCAR,GB,generation,VEH0124,2023,501,0.022509353328645787,4
FERRARI,360,360,SUPERCAR,GB,generation,VEH0124,2024,468,0.056833272609595774,4
FERRARI,360,360,SUPERCAR,GB,generation,VEH0124,2025,446,0.07047195237761687,4
FERRARI,360,360,SUPERCAR,NL,generation,RDW,2026,261,,4
FERRARI,F430,F430,SUPERCAR,GB,generation,VEH0124,2014,1105,,1
FERRARI,F430,F430,SUPERCAR,GB,generation,VEH0124,2015,1104,,1
FERRARI,F430,F430,SUPERCAR,GB,generation,VEH0124,2016,1047,,2
FERRARI,F430,F430,SUPERCAR,GB,generation,VEH0124,2017,979,0.040356323807114215,2
FERRARI,F430,F430,SUPERCAR,GB,generation,VEH0124,2018,920,0.06077385226465134,2
FERRARI,F430,F430,SUPERCAR,GB,generation,VEH0124,2019,864,0.06403714735549393,2
FERRARI,F430,F430,SUPERCAR,GB,generation,VEH0124,2020,747,0.09015548579923098,2
FERRARI,F430,F430,SUPERCAR,GB,generation,VEH0124,2021,756,0.06544409795451767,3
FERRARI,F430,F430,SUPERCAR,GB,generation,VEH0124,2022,753,0.045835847001387243,3
FERRARI,F430,F430,SUPERCAR,GB,generation,VEH0124,2023,700,0.021661616696471004,3
FERRARI,F430,F430,SUPERCAR,GB,generation,VEH0124,2024,660,0.0452671803863541,3
FERRARI,F430,F430,SUPERCAR,GB,generation,VEH0124,2025,672,0.03793562909224798,3
FERRARI,F430,F430,SUPERCAR,NL,generation,RDW,2026,288,,4
FERRARI,458,458,SUPERCAR,GB,generation,VEH0124,2014,1231,,0
FERRARI,458,458,SUPERCAR,GB,generation,VEH0124,2015,1474,,0
FERRARI,458,458,SUPERCAR,GB,generation,VEH0124,2016,1397,,0
FERRARI,458,458,SUPERCAR,GB,generation,VEH0124,2017,1310,-0.020733430003581077,1
FERRARI,458,458,SUPERCAR,GB,generation,VEH0124,2018,1216,0.06413767007438971,1
FERRARI,458,458,SUPERCAR,GB,generation,VEH0124,2019,1168,0.05967806528959644,1
FERRARI,458,458,SUPERCAR,GB,generation,VEH0124,2020,1076,0.06559222515782241,1
FERRARI,458,458,SUPERCAR,GB,generation,VEH0124,2021,1054,0.0476581111416016,1
FERRARI,458,458,SUPERCAR,GB,generation,VEH0124,2022,1004,0.05043362104549942,2
FERRARI,458,458,SUPERCAR,GB,generation,VEH0124,2023,934,0.04717643416429566,2
FERRARI,458,458,SUPERCAR,GB,generation,VEH0124,2024,895,0.05450800360881747,2
FERRARI,458,458,SUPERCAR,GB,generation,VEH0124,2025,877,0.04508010262649709,2
FERRARI,458,458,SUPERCAR,NL,generation,RDW,2026,267,,2
FERRARI,456,456,COUPE,NL,generation,RDW,2026,93,,5
FERRARI,550,550,SUPERCAR,NL,generation,RDW,2026,40,,5
FERRARI,575M,575M,SUPERCAR,GB,generation,VEH0124,2014,155,,2
FERRARI,575M,575M,SUPERCAR,GB,generation,VEH0124,2015,151,,2
FERRARI,575M,575M,SUPERCAR,GB,generation,VEH0124,2016,144,,2
FERRARI,575M,575M,SUPERCAR,GB,generation,VEH0124,2017,131,0.0560759312393652,2
FERRARI,575M,575M,SUPERCAR,GB,generation,VEH0124,2018,130,0.04991512878644736,2
FERRARI,575M,575M,SUPERCAR,GB,generation,VEH0124,2019,120,0.06077385226465163,3
FERRARI,575M,575M,SUPERCAR,GB,generation,VEH0124,2020,111,0.05522237396293909,3
FERRARI,575M,575M,SUPERCAR,GB,generation,VEH0124,2021,111,0.05266808304774943,3
FERRARI,575M,575M,SUPERCAR,GB,generation,VEH0124,2022,107,0.03822096944004668,3
FERRARI,575M,575M,SUPERCAR,GB,generation,VEH0124,2023,96,0.048394003281499266,3
FERRARI,575M,575M,SUPERCAR,GB,generation,VEH0124,2024,93,0.058976902719692546,4
FERRARI,575M,575M,SUPERCAR,GB,generation,VEH0124,2025,99,0.025902994775771997,4
FERRARI,575M,575M,SUPERCAR,NL,generation,RDW,2026,41,,4
FERRARI,612,612,COUPE,GB,generation,VEH0124,2014,214,,1
FERRARI,612,612,COUPE,GB,generation,VEH0124,2015,214,,1
FERRARI,612,612,COUPE,GB,generation,VEH0124,2016,180,,1
FERRARI,612,612,COUPE,GB,generation,VEH0124,2017,202,0.0192361058735487,2
FERRARI,612,612,COUPE,GB,generation,VEH0124,2018,180,0.05767305471054692,2
FERRARI,612,612,COUPE,GB,generation,VEH0124,2019,175,0.009390292322231986,2
FERRARI,612,612,COUPE,GB,generation,VEH0124,2020,166,0.06542663634822048,2
FERRARI,612,612,COUPE,GB,generation,VEH0124,2021,173,0.013221752130810374,2
FERRARI,612,612,COUPE,GB,generation,VEH0124,2022,170,0.009662512291084132,3
FERRARI,612,612,COUPE,GB,generation,VEH0124,2023,151,0.03156931718053979,3
FERRARI,612,612,COUPE,GB,generation,VEH0124,2024,139,0.07293922045569594,3
FERRARI,612,612,COUPE,GB,generation,VEH0124,2025,140,0.0647186714803194,3
FERRARI,612,612,COUPE,NL,generation,RDW,2026,74,,3
FERRARI,599,599,SUPERCAR,GB,generation,VEH0124,2014,337,,1
FERRARI,599,599,SUPERCAR,GB,generation,VEH0124,2015,313,,1
FERRARI,599,599,SUPERCAR,GB,generation,VEH0124,2016,295,,1
FERRARI,599,599,SUPERCAR,GB,generation,VEH0124,2017,292,0.04777637602802661,1
FERRARI,599,599,SUPERCAR,GB,generation,VEH0124,2018,260,0.061840519841541784,1
FERRARI,599,599,SUPERCAR,GB,generation,VEH0124,2019,242,0.06601254339437783,2
FERRARI,599,599,SUPERCAR,GB,generation,VEH0124,2020,233,0.07523844956752719,2
FERRARI,599,599,SUPERCAR,GB,generation,VEH0124,2021,226,0.04671554391441379,2
FERRARI,599,599,SUPERCAR,GB,generation,VEH0124,2022,225,0.02427910798408887,2
FERRARI,599,599,SUPERCAR,GB,generation,VEH0124,2023,215,0.02680014181267924,2
FERRARI,599,599,SUPERCAR,GB,generation,VEH0124,2024,201,0.039076697071070164,3
FERRARI,599,599,SUPERCAR,GB,generation,VEH0124,2025,199,0.04093185915997596,3
FERRARI,599,599,SUPERCAR,NL,generation,RDW,2026,155,,3
FERRARI,CALIFORNIA,F149,ROADSTER,GB,generation,VEH0124,2014,901,,0
FERRARI,CALIFORNIA,F149,ROADSTER,GB,generation,VEH0124,2015,1130,,0
FERRARI,CALIFORNIA,F149,ROADSTER,GB,generation,VEH0124,2016,1350,,1
FERRARI,CALIFORNIA,F149,ROADSTER,GB,generation,VEH0124,2017,1413,-0.14998837502539666,1
FERRARI,CALIFORNIA,F149,ROADSTER,GB,generation,VEH0124,2018,1353,-0.06003557215480063,1
FERRARI,CALIFORNIA,F149,ROADSTER,GB,generation,VEH0124,2019,1335,0.00372443353270846,1
FERRARI,CALIFORNIA,F149,ROADSTER,GB,generation,VEH0124,2020,1302,0.027271186638671157,1
FERRARI,CALIFORNIA,F149,ROADSTER,GB,generation,VEH0124,2021,1305,0.012040436137997842,2
FERRARI,CALIFORNIA,F149,ROADSTER,GB,generation,VEH0124,2022,1260,0.019273190296275427,2
FERRARI,CALIFORNIA,F149,ROADSTER,GB,generation,VEH0124,2023,1185,0.03138625639976104,2
FERRARI,CALIFORNIA,F149,ROADSTER,GB,generation,VEH0124,2024,1140,0.045058259456084215,2
FERRARI,CALIFORNIA,F149,ROADSTER,GB,generation,VEH0124,2025,1138,0.033946461753082545,2
FERRARI,CALIFORNIA,F149,ROADSTER,NL,generation,RDW,2026,265,,3
FIAT,COUPE,175,COUPE,GB,generation,VEH0124,2014,1540,,3
FIAT,COUPE,175,COUPE,GB,generation,VEH0124,2015,1365,,3
FIAT,COUPE,175,COUPE,GB,generation,VEH0124,2016,1176,,4
FIAT,COUPE,175,COUPE,GB,generation,VEH0124,2017,1026,0.13537155655898658,4
FIAT,COUPE,175,COUPE,GB,generation,VEH0124,2018,889,0.14293749070171854,4
FIAT,COUPE,175,COUPE,GB,generation,VEH0124,2019,775,0.13900369970174165,4
FIAT,COUPE,175,COUPE,GB,generation,VEH0124,2020,718,0.11898448556083026,4
FIAT,COUPE,175,COUPE,GB,generation,VEH0124,2021,686,0.08640653592933993,5
FIAT,COUPE,175,COUPE,GB,generation,VEH0124,2022,619,0.07491925222291702,5
FIAT,COUPE,175,COUPE,GB,generation,VEH0124,2023,542,0.09373452253619252,5
FIAT,COUPE,175,COUPE,GB,generation,VEH0124,2024,512,0.09751766756212572,5
FIAT,COUPE,175,COUPE,GB,generation,VEH0124,2025,504,0.06850966820440914,5
FIAT,COUPE,175,COUPE,NL,generation,RDW,2026,374,,6
FIAT,BARCHETTA,183,ROADSTER,GB,generation,VEH0124,2014,498,,2
FIAT,BARCHETTA,183,ROADSTER,GB,generation,VEH0124,2015,478,,3
FIAT,BARCHETTA,183,ROADSTER,GB,generation,VEH0124,2016,445,,3
FIAT,BARCHETTA,183,ROADSTER,GB,generation,VEH0124,2017,421,0.055989081114090546,3
FIAT,BARCHETTA,183,ROADSTER,GB,generation,VEH0124,2018,381,0.07560378578825173,3
FIAT,BARCHETTA,183,ROADSTER,GB,generation,VEH0124,2019,337,0.09266378393795953,3
FIAT,BARCHETTA,183,ROADSTER,GB,generation,VEH0124,2020,315,0.09668673161891601,4
FIAT,BARCHETTA,183,ROADSTER,GB,generation,VEH0124,2021,292,0.08868185761947316,4
FIAT,BARCHETTA,183,ROADSTER,GB,generation,VEH0124,2022,288,0.05237415007213849,4
FIAT,BARCHETTA,183,ROADSTER,GB,generation,VEH0124,2023,268,0.05386188610492552,4
FIAT,BARCHETTA,183,ROADSTER,GB,generation,VEH0124,2024,240,0.06537162630876352,4
FIAT,BARCHETTA,183,ROADSTER,GB,generation,VEH0124,2025,219,0.09129625010648172,5
FIAT,BARCHETTA,183,ROADSTER,NL,generation,RDW,2026,1324,,5
FIAT,PUNTO GT,176,GTI,GB,generation,VEH0124,2014,923,,3
FIAT,PUNTO GT,176,GTI,GB,generation,VEH0124,2015,719,,3
FIAT,PUNTO GT,176,GTI,GB,generation,VEH0124,2016,534,,4
FIAT,PUNTO GT,176,GTI,GB,generation,VEH0124,2017,406,0.2737586916337064,4
FIAT,PUNTO GT,176,GTI,GB,generation,VEH0124,2018,276,0.31915349733463244,4
FIAT,PUNTO GT,176,GTI,GB,generation,VEH0124,2019,228,0.2836834033352513,4
FIAT,PUNTO GT,176,GTI,GB,generation,VEH0124,2020,167,0.29611978239499237,4
FIAT,PUNTO GT,176,GTI,GB,generation,VEH0124,2021,132,0.24586631437692633,5
FIAT,PUNTO GT,176,GTI,GB,generation,VEH0124,2022,112,0.2369489192197823,5
FIAT,PUNTO GT,176,GTI,GB,generation,VEH0124,2023,89,0.20978581422820528,5
FIAT,PUNTO GT,176,GTI,GB,generation,VEH0124,2024,79,0.17111802337311635,5
FIAT,PUNTO GT,176,GTI,GB,generation,VEH0124,2025,67,0.17126875063470948,5
FIAT,PUNTO GT,176,GTI,NL,generation,RDW,2026,22,,6
ABARTH,500,312,GTI,GB,generation,VEH0124,2014,6118,,0
ABARTH,500,312,GTI,GB,generation,VEH0124,2015,8216,,0
ABARTH,500,312,GTI,GB,generation,VEH0124,2016,11220,,1
ABARTH,500,312,GTI,GB,generation,VEH0124,2017,14338,-0.28389270323398935,1
ABARTH,500,312,GTI,GB,generation,VEH0124,2018,17694,-0.255714042144979,1
ABARTH,500,312,GTI,GB,generation,VEH0124,2019,19776,-0.18892372706024338,1
ABARTH,500,312,GTI,GB,generation,VEH0124,2020,21295,-0.1318529826481658,1
ABARTH,500,312,GTI,GB,generation,VEH0124,2021,22458,-0.07947376636305077,2
ABARTH,500,312,GTI,GB,generation,VEH0124,2022,23422,-0.05640222344822199,2
ABARTH,500,312,GTI,GB,generation,VEH0124,2023,23413,-0.03160637342672601,2
ABARTH,500,312,GTI,GB,generation,VEH0124,2024,23619,-0.016801524906697434,2
ABARTH,500,312,GTI,GB,generation,VEH0124,2025,23363,0.0008407257493754372,2
ABARTH,500,312,GTI,NL,generation,RDW,2026,198,,3
FORD,ESCORT RS COSWORTH,MK5,SPORTIVE,GB,generation,VEH0124,2014,402,,4
FORD,ESCORT RS COSWORTH,MK5,SPORTIVE,GB,generation,VEH0124,2015,385,,4
FORD,ESCORT RS COSWORTH,MK5,SPORTIVE,GB,generation,VEH0124,2016,380,,4
FORD,ESCORT RS COSWORTH,MK5,SPORTIVE,GB,generation,VEH0124,2017,345,0.05096922386255365,4
FORD,ESCORT RS COSWORTH,MK5,SPORTIVE,GB,generation,VEH0124,2018,312,0.07008004882610071,4
FORD,ESCORT RS COSWORTH,MK5,SPORTIVE,GB,generation,VEH0124,2019,315,0.06253287129826617,5
FORD,ESCORT RS COSWORTH,MK5,SPORTIVE,GB,generation,VEH0124,2020,279,0.07077754506999827,5
FORD,ESCORT RS COSWORTH,MK5,SPORTIVE,GB,generation,VEH0124,2021,298,0.015303233768025967,5
FORD,ESCORT RS COSWORTH,MK5,SPORTIVE,GB,generation,VEH0124,2022,260,0.06396366927003516,5
FORD,ESCORT RS COSWORTH,MK5,SPORTIVE,GB,generation,VEH0124,2023,245,0.04331785709221266,5
FORD,ESCORT RS COSWORTH,MK5,SPORTIVE,GB,generation,VEH0124,2024,244,0.06664175373740082,6
FORD,ESCORT RS COSWORTH,MK5,SPORTIVE,GB,generation,VEH0124,2025,246,0.018450031694388375,6
FORD,ESCORT RS COSWORTH,MK5,SPORTIVE,NL,generation,RDW,2026,60,,6
FORD,SIERRA COSWORTH,MK2,SPORTIVE,GB,generation,VEH0124,2014,964,,5
FORD,SIERRA COSWORTH,MK2,SPORTIVE,GB,generation,VEH0124,2015,979,,5
FORD,SIERRA COSWORTH,MK2,SPORTIVE,GB,generation,VEH0124,2016,946,,5
FORD,SIERRA COSWORTH,MK2,SPORTIVE,GB,generation,VEH0124,2017,878,0.031148233658476226,5
FORD,SIERRA COSWORTH,MK2,SPORTIVE,GB,generation,VEH0124,2018,778,0.076601706117373,5
FORD,SIERRA COSWORTH,MK2,SPORTIVE,GB,generation,VEH0124,2019,778,0.06517201495782891,6
FORD,SIERRA COSWORTH,MK2,SPORTIVE,GB,generation,VEH0124,2020,724,0.06428506708313364,6
FORD,SIERRA COSWORTH,MK2,SPORTIVE,GB,generation,VEH0124,2021,708,0.03142747682822389,6
FORD,SIERRA COSWORTH,MK2,SPORTIVE,GB,generation,VEH0124,2022,751,0.011773624138085617,6
FORD,SIERRA COSWORTH,MK2,SPORTIVE,GB,generation,VEH0124,2023,689,0.016516707124019092,6
FORD,SIERRA COSWORTH,MK2,SPORTIVE,GB,generation,VEH0124,2024,645,0.031064592299315723,7
FORD,SIERRA COSWORTH,MK2,SPORTIVE,GB,generation,VEH0124,2025,650,0.04814442962481724,7
FORD,SIERRA COSWORTH,MK2,SPORTIVE,NL,generation,RDW,2026,173,,7
FORD,PUMA,MK1,COUPE,GB,generation,VEH0124,2014,21174,,3
FORD,PUMA,MK1,COUPE,GB,generation,VEH0124,2015,15666,,3
FORD,PUMA,MK1,COUPE,GB,generation,VEH0124,2016,11143,,3
FORD,PUMA,MK1,COUPE,GB,generation,VEH0124,2017,7795,0.3330971704704832,3
FORD,PUMA,MK1,COUPE,GB,generation,VEH0124,2018,5562,0.3451783343777575,3
FORD,PUMA,MK1,COUPE,GB,generation,VEH0124,2019,4163,0.32819184328402606,4
FORD,PUMA,MK1,COUPE,GB,generation,VEH0124,2020,3298,0.2867220927907776,4
FORD,PUMA,MK1,COUPE,GB,generation,VEH0124,2021,2635,0.24902485793948248,4
FORD,PUMA,MK1,COUPE,GB,generation,VEH0124,2022,2185,0.21487337988842814,4
FORD,PUMA,MK1,COUPE,GB,generation,VEH0124,2023,1806,0.20073392304753757,4
FORD,PUMA,MK1,COUPE,GB,generation,VEH0124,2024,1498,0.1882507656327661,5
FORD,PUMA,MK1,COUPE,GB,generation,VEH0124,2025,1289,0.17591636819683446,5
FORD,PUMA,MK1,COUPE,NL,generation,RDW,2026,203,,5
FORD,FOCUS RS,MK1,GTI,GB,generation,VEH0124,2014,1074,,2
FORD,FOCUS RS,MK1,GTI,GB,generation,VEH0124,2015,1012,,2
FORD,FOCUS RS,MK1,GTI,GB,generation,VEH0124,2016,853,,2
FORD,FOCUS RS,MK1,GTI,GB,generation,VEH0124,2017,740,0.12416502962353171,3
FORD,FOCUS RS,MK1,GTI,GB,generation,VEH0124,2018,641,0.15221813097558043,3
FORD,FOCUS RS,MK1,GTI,GB,generation,VEH0124,2019,542,0.15116451535067763,3
FORD,FOCUS RS,MK1,GTI,GB,generation,VEH0124,2020,501,0.13001469503778354,3
FORD,FOCUS RS,MK1,GTI,GB,generation,VEH0124,2021,441,0.12466152715794128,3
FORD,FOCUS RS,MK1,GTI,GB,generation,VEH0124,2022,421,0.08421105591908844,4
FORD,FOCUS RS,MK1,GTI,GB,generation,VEH0124,2023,354,0.11576972931703011,4
FORD,FOCUS RS,MK1,GTI,GB,generation,VEH0124,2024,342,0.08474471279474709,4
FORD,FOCUS RS,MK1,GTI,GB,generation,VEH0124,2025,329,0.08219169430566975,4
FORD,FOCUS RS,MK1,GTI,NL,generation,RDW,2026,44,,4
FORD,FOCUS RS,MK2,GTI,GB,generation,VEH0124,2014,3448,,0
FORD,FOCUS RS,MK2,GTI,GB,generation,VEH0124,2015,3278,,1
FORD,FOCUS RS,MK2,GTI,GB,generation,VEH0124,2016,3103,,1
FORD,FOCUS RS,MK2,GTI,GB,generation,VEH0124,2017,2859,0.06244081315375757,1
FORD,FOCUS RS,MK2,GTI,GB,generation,VEH0124,2018,2600,0.0772406784314003,1
FORD,FOCUS RS,MK2,GTI,GB,generation,VEH0124,2019,2459,0.07753820741072885,1
FORD,FOCUS RS,MK2,GTI,GB,generation,VEH0124,2020,2317,0.07006622262997848,2
FORD,FOCUS RS,MK2,GTI,GB,generation,VEH0124,2021,2076,0.07502282657459809,2
FORD,FOCUS RS,MK2,GTI,GB,generation,VEH0124,2022,1913,0.08369402425864673,2
FORD,FOCUS RS,MK2,GTI,GB,generation,VEH0124,2023,1766,0.09051871442282373,2
FORD,FOCUS RS,MK2,GTI,GB,generation,VEH0124,2024,1633,0.08000805043843802,2
FORD,FOCUS RS,MK2,GTI,GB,generation,VEH0124,2025,1582,0.06332760703755132,3
FORD,FOCUS RS,MK2,GTI,NL,generation,RDW,2026,1,,3
FORD,FOCUS ST,MK2,GTI,GB,generation,VEH0124,2014,19894,,1
FORD,FOCUS ST,MK2,GTI,GB,generation,VEH0124,2015,19395,,1
FORD,FOCUS ST,MK2,GTI,GB,generation,VEH0124,2016,18676,,1
FORD,FOCUS ST,MK2,GTI,GB,generation,VEH0124,2017,18088,0.03172314791818446,1
FORD,FOCUS ST,MK2,GTI,GB,generation,VEH0124,2018,17237,0.039319021573225754,2
FORD,FOCUS ST,MK2,GTI,GB,generation,VEH0124,2019,16444,0.042426202691019675,2
FORD,FOCUS ST,MK2,GTI,GB,generation,VEH0124,2020,15765,0.04581881399288138,2
FORD,FOCUS ST,MK2,GTI,GB,generation,VEH0124,2021,14715,0.0527302848289389,2
FORD,FOCUS ST,MK2,GTI,GB,generation,VEH0124,2022,13748,0.05968910334934859,2
FORD,FOCUS ST,MK2,GTI,GB,generation,VEH0124,2023,12698,0.07211593074958837,3
FORD,FOCUS ST,MK2,GTI,GB,generation,VEH0124,2024,11615,0.07885667182102137,3
FORD,FOCUS ST,MK2,GTI,GB,generation,VEH0124,2025,10619,0.08608283652195918,3
FORD,FOCUS ST,MK2,GTI,NL,generation,RDW,2026,22,,3
FORD,FIESTA ST,MK6,GTI,GB,generation,VEH0124,2014,13685,,1
FORD,FIESTA ST,MK6,GTI,GB,generation,VEH0124,2015,13064,,1
FORD,FIESTA ST,MK6,GTI,GB,generation,VEH0124,2016,12351,,2
FORD,FIESTA ST,MK6,GTI,GB,generation,VEH0124,2017,11477,0.058651769931370744,2
FORD,FIESTA ST,MK6,GTI,GB,generation,VEH0124,2018,10614,0.06922882375415362,2
FORD,FIESTA ST,MK6,GTI,GB,generation,VEH0124,2019,9602,0.08392187378237577,2
FORD,FIESTA ST,MK6,GTI,GB,generation,VEH0124,2020,8687,0.09283912580691596,2
FORD,FIESTA ST,MK6,GTI,GB,generation,VEH0124,2021,7758,0.10448310512930921,3
FORD,FIESTA ST,MK6,GTI,GB,generation,VEH0124,2022,7044,0.10326507315826323,3
FORD,FIESTA ST,MK6,GTI,GB,generation,VEH0124,2023,6238,0.11038934569739034,3
FORD,FIESTA ST,MK6,GTI,GB,generation,VEH0124,2024,5450,0.11770298678087403,3
FORD,FIESTA ST,MK6,GTI,GB,generation,VEH0124,2025,4772,0.12980356213276303,3
FORD,FIESTA ST,MK6,GTI,NL,generation,RDW,2026,5,,4
FORD,FIESTA ST,MK7,GTI,GB,generation,VEH0124,2014,11061,,-1
FORD,FIESTA ST,MK7,GTI,GB,generation,VEH0124,2015,17317,,0
FORD,FIESTA ST,MK7,GTI,GB,generation,VEH0124,2016,30100,,0
FORD,FIESTA ST,MK7,GTI,GB,generation,VEH0124,2017,45421,-0.470849715082549,0
FORD,FIESTA ST,MK7,GTI,GB,generation,VEH0124,2018,44266,-0.31284273668328016,0
FORD,FIESTA ST,MK7,GTI,GB,generation,VEH0124,2019,43345,-0.12155539485525797,0
FORD,FIESTA ST,MK7,GTI,GB,generation,VEH0124,2020,42666,0.020857401012776222,1
FORD,FIESTA ST,MK7,GTI,GB,generation,VEH0124,2021,41898,0.01832626497596716,1
FORD,FIESTA ST,MK7,GTI,GB,generation,VEH0124,2022,40884,0.019484189284591242,1
FORD,FIESTA ST,MK7,GTI,GB,generation,VEH0124,2023,39343,0.027028093938241682,1
FORD,FIESTA ST,MK7,GTI,GB,generation,VEH0124,2024,37900,0.03342899366785742,1
FORD,FIESTA ST,MK7,GTI,GB,generation,VEH0124,2025,36771,0.03534309914656397,2
FORD,FIESTA ST,MK7,GTI,NL,generation,RDW,2026,13,,2
HONDA,S2000,AP1_AP2,ROADSTER,GB,generation,VEH0124,2014,6312,,2
HONDA,S2000,AP1_AP2,ROADSTER,GB,generation,VEH0124,2015,6017,,2
HONDA,S2000,AP1_AP2,ROADSTER,GB,generation,VEH0124,2016,5676,,2
HONDA,S2000,AP1_AP2,ROADSTER,GB,generation,VEH0124,2017,5252,0.06128120903434109,2
HONDA,S2000,AP1_AP2,ROADSTER,GB,generation,VEH0124,2018,4840,0.07255802516989125,2
HONDA,S2000,AP1_AP2,ROADSTER,GB,generation,VEH0124,2019,4504,0.07709362282013525,3
HONDA,S2000,AP1_AP2,ROADSTER,GB,generation,VEH0124,2020,4113,0.08148542239742144,3
HONDA,S2000,AP1_AP2,ROADSTER,GB,generation,VEH0124,2021,3947,0.06798630801594345,3
HONDA,S2000,AP1_AP2,ROADSTER,GB,generation,VEH0124,2022,3700,0.06554435706240369,3
HONDA,S2000,AP1_AP2,ROADSTER,GB,generation,VEH0124,2023,3414,0.06208935495867903,3
HONDA,S2000,AP1_AP2,ROADSTER,GB,generation,VEH0124,2024,3163,0.0738116174523995,4
HONDA,S2000,AP1_AP2,ROADSTER,GB,generation,VEH0124,2025,3073,0.06189284550061025,4
HONDA,S2000,AP1_AP2,ROADSTER,NL,generation,RDW,2026,728,,4
HONDA,NSX,NA1_NA2,SUPERCAR,GB,generation,VEH0124,2014,205,,3
HONDA,NSX,NA1_NA2,SUPERCAR,GB,generation,VEH0124,2015,187,,3
HONDA,NSX,NA1_NA2,SUPERCAR,GB,generation,VEH0124,2016,190,,3
HONDA,NSX,NA1_NA2,SUPERCAR,GB,generation,VEH0124,2017,187,0.03063378742794054,4
HONDA,NSX,NA1_NA2,SUPERCAR,GB,generation,VEH0124,2018,172,0.027871380013711367,4
HONDA,NSX,NA1_NA2,SUPERCAR,GB,generation,VEH0124,2019,166,0.04501209460131417,4
HONDA,NSX,NA1_NA2,SUPERCAR,GB,generation,VEH0124,2020,150,0.07349110758611044,4
HONDA,NSX,NA1_NA2,SUPERCAR,GB,generation,VEH0124,2021,142,0.0638891397373973,4
HONDA,NSX,NA1_NA2,SUPERCAR,GB,generation,VEH0124,2022,136,0.0664443008734971,5
HONDA,NSX,NA1_NA2,SUPERCAR,GB,generation,VEH0124,2023,134,0.037598498048448135,5
HONDA,NSX,NA1_NA2,SUPERCAR,GB,generation,VEH0124,2024,134,0.01932908588344991,5
HONDA,NSX,NA1_NA2,SUPERCAR,GB,generation,VEH0124,2025,132,0.009950987716560592,5
HONDA,NSX,NA1_NA2,SUPERCAR,NL,generation,RDW,2026,48,,5
HONDA,INTEGRA TYPE R,DC2,GTI,NL,generation,RDW,2026,72,,5
HONDA,INTEGRA TYPE R,DC5,GTI,NL,generation,RDW,2026,6,,4
HONDA,CIVIC TYPE R,EK9,GTI,NL,generation,RDW,2026,2,,5
HONDA,CIVIC TYPE R,EP3,GTI,GB,generation,VEH0124,2014,1,,2
HONDA,CIVIC TYPE R,EP3,GTI,GB,generation,VEH0124,2015,1,,2
HONDA,CIVIC TYPE R,EP3,GTI,GB,generation,VEH0124,2016,1,,2
HONDA,CIVIC TYPE R,EP3,GTI,GB,generation,VEH0124,2017,1,0.0,2
HONDA,CIVIC TYPE R,EP3,GTI,GB,generation,VEH0124,2018,1,0.0,3
HONDA,CIVIC TYPE R,EP3,GTI,GB,generation,VEH0124,2019,1,0.0,3
HONDA,CIVIC TYPE R,EP3,GTI,GB,generation,VEH0124,2020,1,0.0,3
HONDA,CIVIC TYPE R,EP3,GTI,GB,generation,VEH0124,2021,1,0.0,3
HONDA,CIVIC TYPE R,EP3,GTI,GB,generation,VEH0124,2022,1,0.0,3
HONDA,CIVIC TYPE R,EP3,GTI,GB,generation,VEH0124,2023,1,0.0,4
HONDA,CIVIC TYPE R,EP3,GTI,GB,generation,VEH0124,2024,1,0.0,4
HONDA,CIVIC TYPE R,EP3,GTI,GB,generation,VEH0124,2025,1,0.0,4
HONDA,CIVIC TYPE R,EP3,GTI,NL,generation,RDW,2026,1,,4
HONDA,CIVIC TYPE R,FN2,GTI,GB,generation,VEH0124,2014,2762,,1
HONDA,CIVIC TYPE R,FN2,GTI,GB,generation,VEH0124,2015,2726,,1
HONDA,CIVIC TYPE R,FN2,GTI,GB,generation,VEH0124,2016,2682,,1
HONDA,CIVIC TYPE R,FN2,GTI,GB,generation,VEH0124,2017,2631,0.01619701764298161,1
HONDA,CIVIC TYPE R,FN2,GTI,GB,generation,VEH0124,2018,2571,0.019513468330196144,1
HONDA,CIVIC TYPE R,FN2,GTI,GB,generation,VEH0124,2019,2518,0.021032616412443694,2
HONDA,CIVIC TYPE R,FN2,GTI,GB,generation,VEH0124,2020,2454,0.023214885256478784,2
HONDA,CIVIC TYPE R,FN2,GTI,GB,generation,VEH0124,2021,2407,0.021971256494272378,2
HONDA,CIVIC TYPE R,FN2,GTI,GB,generation,VEH0124,2022,2319,0.027442959116253718,2
HONDA,CIVIC TYPE R,FN2,GTI,GB,generation,VEH0124,2023,2232,0.03160710058988503,2
HONDA,CIVIC TYPE R,FN2,GTI,GB,generation,VEH0124,2024,2083,0.0481906655073668,3
HONDA,CIVIC TYPE R,FN2,GTI,GB,generation,VEH0124,2025,1977,0.053185171361638105,3
HONDA,CIVIC TYPE R,FN2,GTI,NL,generation,RDW,2026,1,,3
HONDA,CRX,ED9_EE8,COUPE,GB,generation,VEH0124,2014,400,,5
HONDA,CRX,ED9_EE8,COUPE,GB,generation,VEH0124,2015,342,,5
HONDA,CRX,ED9_EE8,COUPE,GB,generation,VEH0124,2016,274,,5
HONDA,CRX,ED9_EE8,COUPE,GB,generation,VEH0124,2017,237,0.1744681353242834,5
HONDA,CRX,ED9_EE8,COUPE,GB,generation,VEH0124,2018,204,0.1722302477394629,5
HONDA,CRX,ED9_EE8,COUPE,GB,generation,VEH0124,2019,188,0.12556204785270708,6
HONDA,CRX,ED9_EE8,COUPE,GB,generation,VEH0124,2020,170,0.11075390136162315,6
HONDA,CRX,ED9_EE8,COUPE,GB,generation,VEH0124,2021,155,0.09156495897498977,6
HONDA,CRX,ED9_EE8,COUPE,GB,generation,VEH0124,2022,137,0.10548701233394138,6
HONDA,CRX,ED9_EE8,COUPE,GB,generation,VEH0124,2023,129,0.09199534422953004,6
HONDA,CRX,ED9_EE8,COUPE,GB,generation,VEH0124,2024,113,0.10534576606896866,7
HONDA,CRX,ED9_EE8,COUPE,GB,generation,VEH0124,2025,109,0.07621101453299388,7
HONDA,CRX,ED9_EE8,COUPE,NL,generation,RDW,2026,576,,7
HONDA,CRX DEL SOL,EG,ROADSTER,NL,generation,RDW,2026,6,,6
HONDA,PRELUDE,BB,COUPE,GB,generation,VEH0124,2014,2345,,3
HONDA,PRELUDE,BB,COUPE,GB,generation,VEH0124,2015,1971,,3
HONDA,PRELUDE,BB,COUPE,GB,generation,VEH0124,2016,1620,,4
HONDA,PRELUDE,BB,COUPE,GB,generation,VEH0124,2017,1356,0.18258207079334632,4
HONDA,PRELUDE,BB,COUPE,GB,generation,VEH0124,2018,1143,0.18162821445263658,4
HONDA,PRELUDE,BB,COUPE,GB,generation,VEH0124,2019,988,0.16483291015952042,4
HONDA,PRELUDE,BB,COUPE,GB,generation,VEH0124,2020,869,0.14831711441164952,4
HONDA,PRELUDE,BB,COUPE,GB,generation,VEH0124,2021,774,0.12994659673502765,5
HONDA,PRELUDE,BB,COUPE,GB,generation,VEH0124,2022,686,0.12160169000732779,5
HONDA,PRELUDE,BB,COUPE,GB,generation,VEH0124,2023,598,0.12458412377158694,5
HONDA,PRELUDE,BB,COUPE,GB,generation,VEH0124,2024,551,0.1132790214789375,5
HONDA,PRELUDE,BB,COUPE,GB,generation,VEH0124,2025,528,0.08726044800654116,5
HONDA,PRELUDE,BB,COUPE,NL,generation,RDW,2026,473,,6
JAGUAR,XJS,XJS,COUPE,GB,generation,VEH0124,2014,3260,,5
JAGUAR,XJS,XJS,COUPE,GB,generation,VEH0124,2015,3202,,6
JAGUAR,XJS,XJS,COUPE,GB,generation,VEH0124,2016,3069,,6
JAGUAR,XJS,XJS,COUPE,GB,generation,VEH0124,2017,3002,0.027482820722448526,6
JAGUAR,XJS,XJS,COUPE,GB,generation,VEH0124,2018,2768,0.04855019227303359,6
JAGUAR,XJS,XJS,COUPE,GB,generation,VEH0124,2019,2708,0.04171380686252343,6
JAGUAR,XJS,XJS,COUPE,GB,generation,VEH0124,2020,2504,0.06046309332447297,7
JAGUAR,XJS,XJS,COUPE,GB,generation,VEH0124,2021,2528,0.03023218715693717,7
JAGUAR,XJS,XJS,COUPE,GB,generation,VEH0124,2022,2365,0.045144111035377556,7
JAGUAR,XJS,XJS,COUPE,GB,generation,VEH0124,2023,2175,0.04695359623240147,7
JAGUAR,XJS,XJS,COUPE,GB,generation,VEH0124,2024,2080,0.06502019419046157,7
JAGUAR,XJS,XJS,COUPE,GB,generation,VEH0124,2025,2134,0.034259956354778076,8
JAGUAR,XJS,XJS,COUPE,NL,generation,RDW,2026,848,,8
JAGUAR,XK,X100,COUPE,GB,generation,VEH0124,2014,12534,,2
JAGUAR,XK,X100,COUPE,GB,generation,VEH0124,2015,12141,,2
JAGUAR,XK,X100,COUPE,GB,generation,VEH0124,2016,11579,,3
JAGUAR,XK,X100,COUPE,GB,generation,VEH0124,2017,10825,0.048862225971310146,3
JAGUAR,XK,X100,COUPE,GB,generation,VEH0124,2018,10007,0.06443443548450627,3
JAGUAR,XK,X100,COUPE,GB,generation,VEH0124,2019,9457,0.0674793015322533,3
JAGUAR,XK,X100,COUPE,GB,generation,VEH0124,2020,8565,0.07805804737082352,3
JAGUAR,XK,X100,COUPE,GB,generation,VEH0124,2021,8372,0.05946401450818861,4
JAGUAR,XK,X100,COUPE,GB,generation,VEH0124,2022,7764,0.06575251424220359,4
JAGUAR,XK,X100,COUPE,GB,generation,VEH0124,2023,7102,0.062435899085062495,4
JAGUAR,XK,X100,COUPE,GB,generation,VEH0124,2024,6512,0.08374872529450468,4
JAGUAR,XK,X100,COUPE,GB,generation,VEH0124,2025,6163,0.07697799777555285,4
JAGUAR,XK,X100,COUPE,NL,generation,RDW,2026,1265,,5
JAGUAR,XK,X150,COUPE,GB,generation,VEH0124,2014,13318,,0
JAGUAR,XK,X150,COUPE,GB,generation,VEH0124,2015,13199,,1
JAGUAR,XK,X150,COUPE,GB,generation,VEH0124,2016,12904,,1
JAGUAR,XK,X150,COUPE,GB,generation,VEH0124,2017,12624,0.017838913194970257,1
JAGUAR,XK,X150,COUPE,GB,generation,VEH0124,2018,12189,0.026535721157705677,1
JAGUAR,XK,X150,COUPE,GB,generation,VEH0124,2019,11953,0.025518349309021342,1
JAGUAR,XK,X150,COUPE,GB,generation,VEH0124,2020,11385,0.03443435486260545,2
JAGUAR,XK,X150,COUPE,GB,generation,VEH0124,2021,11157,0.029488934020885555,2
JAGUAR,XK,X150,COUPE,GB,generation,VEH0124,2022,10769,0.03477021884969981,2
JAGUAR,XK,X150,COUPE,GB,generation,VEH0124,2023,10301,0.03335190720471578,2
JAGUAR,XK,X150,COUPE,GB,generation,VEH0124,2024,9817,0.04265050896688649,2
JAGUAR,XK,X150,COUPE,GB,generation,VEH0124,2025,9583,0.03889364699503931,3
JAGUAR,XK,X150,COUPE,NL,generation,RDW,2026,457,,3
JAGUAR,XJ,X300_X308,PREMIUM,GB,generation,VEH0124,2014,13525,,3
JAGUAR,XJ,X300_X308,PREMIUM,GB,generation,VEH0124,2015,11976,,3
JAGUAR,XJ,X300_X308,PREMIUM,GB,generation,VEH0124,2016,10520,,3
JAGUAR,XJ,X300_X308,PREMIUM,GB,generation,VEH0124,2017,9070,0.13318918686850031,3
JAGUAR,XJ,X300_X308,PREMIUM,GB,generation,VEH0124,2018,7807,0.14262795999305786,4
JAGUAR,XJ,X300_X308,PREMIUM,GB,generation,VEH0124,2019,6667,0.1520360745578806,4
JAGUAR,XJ,X300_X308,PREMIUM,GB,generation,VEH0124,2020,5746,0.15215610118998235,4
JAGUAR,XJ,X300_X308,PREMIUM,GB,generation,VEH0124,2021,5058,0.14468320629679354,4
JAGUAR,XJ,X300_X308,PREMIUM,GB,generation,VEH0124,2022,4338,0.14325219041041315,4
JAGUAR,XJ,X300_X308,PREMIUM,GB,generation,VEH0124,2023,3727,0.14430011335332557,5
JAGUAR,XJ,X300_X308,PREMIUM,GB,generation,VEH0124,2024,3217,0.15084063333029482,5
JAGUAR,XJ,X300_X308,PREMIUM,GB,generation,VEH0124,2025,2876,0.1370043241819611,5
JAGUAR,XJ,X300_X308,PREMIUM,NL,generation,RDW,2026,732,,5
JAGUAR,S-TYPE R,X200,PREMIUM,GB,generation,VEH0124,2014,998,,1
JAGUAR,S-TYPE R,X200,PREMIUM,GB,generation,VEH0124,2015,944,,2
JAGUAR,S-TYPE R,X200,PREMIUM,GB,generation,VEH0124,2016,908,,2
JAGUAR,S-TYPE R,X200,PREMIUM,GB,generation,VEH0124,2017,828,0.06224670730873486,2
JAGUAR,S-TYPE R,X200,PREMIUM,GB,generation,VEH0124,2018,770,0.06791188376592376,2
JAGUAR,S-TYPE R,X200,PREMIUM,GB,generation,VEH0124,2019,706,0.08387638036935059,2
JAGUAR,S-TYPE R,X200,PREMIUM,GB,generation,VEH0124,2020,650,0.08068026383185896,3
JAGUAR,S-TYPE R,X200,PREMIUM,GB,generation,VEH0124,2021,603,0.08149110604018113,3
JAGUAR,S-TYPE R,X200,PREMIUM,GB,generation,VEH0124,2022,570,0.07132629222154858,3
JAGUAR,S-TYPE R,X200,PREMIUM,GB,generation,VEH0124,2023,530,0.06803178544783843,3
JAGUAR,S-TYPE R,X200,PREMIUM,GB,generation,VEH0124,2024,465,0.08662659704660995,3
JAGUAR,S-TYPE R,X200,PREMIUM,GB,generation,VEH0124,2025,422,0.10021034893086138,4
JAGUAR,S-TYPE R,X200,PREMIUM,NL,generation,RDW,2026,7,,4
JAGUAR,F-TYPE,X152,SPORTIVE,GB,generation,VEH0124,2014,3214,,-1
JAGUAR,F-TYPE,X152,SPORTIVE,GB,generation,VEH0124,2015,5208,,-1
JAGUAR,F-TYPE,X152,SPORTIVE,GB,generation,VEH0124,2016,7309,,0
JAGUAR,F-TYPE,X152,SPORTIVE,GB,generation,VEH0124,2017,9293,-0.353915053753294,0
JAGUAR,F-TYPE,X152,SPORTIVE,GB,generation,VEH0124,2018,10878,-0.24551549869816647,0
JAGUAR,F-TYPE,X152,SPORTIVE,GB,generation,VEH0124,2019,12331,-0.17433665046337943,0
JAGUAR,F-TYPE,X152,SPORTIVE,GB,generation,VEH0124,2020,12998,-0.11184469029898499,0
JAGUAR,F-TYPE,X152,SPORTIVE,GB,generation,VEH0124,2021,13630,-0.0751769482358912,1
JAGUAR,F-TYPE,X152,SPORTIVE,GB,generation,VEH0124,2022,14530,-0.054699686897932885,1
JAGUAR,F-TYPE,X152,SPORTIVE,GB,generation,VEH0124,2023,14945,-0.04652709875458131,1
JAGUAR,F-TYPE,X152,SPORTIVE,GB,generation,VEH0124,2024,15264,-0.03774128966582957,1
JAGUAR,F-TYPE,X152,SPORTIVE,GB,generation,VEH0124,2025,15088,-0.012561416102969977,1
JAGUAR,F-TYPE,X152,SPORTIVE,NL,generation,RDW,2026,967,,2
LANCIA,DELTA INTEGRALE,831,SPORTIVE,GB,generation,VEH0124,2014,246,,4
LANCIA,DELTA INTEGRALE,831,SPORTIVE,GB,generation,VEH0124,2015,253,,5
LANCIA,DELTA INTEGRALE,831,SPORTIVE,GB,generation,VEH0124,2016,262,,5
LANCIA,DELTA INTEGRALE,831,SPORTIVE,GB,generation,VEH0124,2017,231,0.02097127513685641,5
LANCIA,DELTA INTEGRALE,831,SPORTIVE,GB,generation,VEH0124,2018,228,0.03468128659102643,5
LANCIA,DELTA INTEGRALE,831,SPORTIVE,GB,generation,VEH0124,2019,204,0.0834081699722935,5
LANCIA,DELTA INTEGRALE,831,SPORTIVE,GB,generation,VEH0124,2020,207,0.03656630575214148,6
LANCIA,DELTA INTEGRALE,831,SPORTIVE,GB,generation,VEH0124,2021,210,0.027412699412324198,6
LANCIA,DELTA INTEGRALE,831,SPORTIVE,GB,generation,VEH0124,2022,192,0.020208207272144858,6
LANCIA,DELTA INTEGRALE,831,SPORTIVE,GB,generation,VEH0124,2023,181,0.044740587333180905,6
LANCIA,DELTA INTEGRALE,831,SPORTIVE,GB,generation,VEH0124,2024,192,0.02987071956322899,6
LANCIA,DELTA INTEGRALE,831,SPORTIVE,GB,generation,VEH0124,2025,188,0.007017803065944091,7
LANCIA,DELTA INTEGRALE,831,SPORTIVE,NL,generation,RDW,2026,336,,7
LANCIA,THEMA 8.32,Y9,PREMIUM,GB,generation,VEH0124,2014,6,,5
LANCIA,THEMA 8.32,Y9,PREMIUM,GB,generation,VEH0124,2015,4,,5
LANCIA,THEMA 8.32,Y9,PREMIUM,GB,generation,VEH0124,2016,5,,5
LANCIA,THEMA 8.32,Y9,PREMIUM,GB,generation,VEH0124,2017,4,0.1351550360360548,5
LANCIA,THEMA 8.32,Y9,PREMIUM,GB,generation,VEH0124,2018,3,0.0958940241505936,5
LANCIA,THEMA 8.32,Y9,PREMIUM,GB,generation,VEH0124,2019,4,0.07438118377140324,6
LANCIA,THEMA 8.32,Y9,PREMIUM,GB,generation,VEH0124,2020,2,0.23104906018664842,6
LANCIA,THEMA 8.32,Y9,PREMIUM,GB,generation,VEH0124,2021,5,-0.17027520792199682,6
LANCIA,THEMA 8.32,Y9,PREMIUM,GB,generation,VEH0124,2022,5,-0.07438118377140324,6
LANCIA,THEMA 8.32,Y9,PREMIUM,GB,generation,VEH0124,2023,5,-0.3054302439580517,6
LANCIA,THEMA 8.32,Y9,PREMIUM,GB,generation,VEH0124,2024,6,-0.06077385226465156,7
LANCIA,THEMA 8.32,Y9,PREMIUM,GB,generation,VEH0124,2025,5,0.0,7
LANCIA,THEMA 8.32,Y9,PREMIUM,NL,generation,RDW,2026,65,,7
LEXUS,IS-F,XE20,SPORTIVE,GB,generation,VEH0124,2014,223,,0
LEXUS,IS-F,XE20,SPORTIVE,GB,generation,VEH0124,2015,213,,1
LEXUS,IS-F,XE20,SPORTIVE,GB,generation,VEH0124,2016,208,,1
LEXUS,IS-F,XE20,SPORTIVE,GB,generation,VEH0124,2017,203,0.031321930806110565,1
LEXUS,IS-F,XE20,SPORTIVE,GB,generation,VEH0124,2018,198,0.02434171167163009,1
LEXUS,IS-F,XE20,SPORTIVE,GB,generation,VEH0124,2019,194,0.023226640212663224,1
LEXUS,IS-F,XE20,SPORTIVE,GB,generation,VEH0124,2020,176,0.047573994667878594,2
LEXUS,IS-F,XE20,SPORTIVE,GB,generation,VEH0124,2021,188,0.017275022621528652,2
LEXUS,IS-F,XE20,SPORTIVE,GB,generation,VEH0124,2022,177,0.0305694754964998,2
LEXUS,IS-F,XE20,SPORTIVE,GB,generation,VEH0124,2023,170,0.011561852662629768,2
LEXUS,IS-F,XE20,SPORTIVE,GB,generation,VEH0124,2024,164,0.04552517833525016,2
LEXUS,IS-F,XE20,SPORTIVE,GB,generation,VEH0124,2025,161,0.03158178919645523,3
LEXUS,IS-F,XE20,SPORTIVE,NL,generation,RDW,2026,78,,3
LEXUS,SC430,Z40,ROADSTER,GB,generation,VEH0124,2014,2011,,1
LEXUS,SC430,Z40,ROADSTER,GB,generation,VEH0124,2015,1948,,2
LEXUS,SC430,Z40,ROADSTER,GB,generation,VEH0124,2016,1905,,2
LEXUS,SC430,Z40,ROADSTER,GB,generation,VEH0124,2017,1846,0.02853699156995167,2
LEXUS,SC430,Z40,ROADSTER,GB,generation,VEH0124,2018,1766,0.03269536767952511,2
LEXUS,SC430,Z40,ROADSTER,GB,generation,VEH0124,2019,1733,0.03154266594839861,2
LEXUS,SC430,Z40,ROADSTER,GB,generation,VEH0124,2020,1637,0.040051945897220755,3
LEXUS,SC430,Z40,ROADSTER,GB,generation,VEH0124,2021,1595,0.03394778864832008,3
LEXUS,SC430,Z40,ROADSTER,GB,generation,VEH0124,2022,1558,0.03548368776163743,3
LEXUS,SC430,Z40,ROADSTER,GB,generation,VEH0124,2023,1495,0.030246363848782803,3
LEXUS,SC430,Z40,ROADSTER,GB,generation,VEH0124,2024,1419,0.03897377935296742,3
LEXUS,SC430,Z40,ROADSTER,GB,generation,VEH0124,2025,1372,0.04237780604828778,4
LEXUS,SC430,Z40,ROADSTER,NL,generation,RDW,2026,308,,4
LEXUS,LS400,XF10_XF20,PREMIUM,GB,generation,VEH0124,2014,2653,,3
LEXUS,LS400,XF10_XF20,PREMIUM,GB,generation,VEH0124,2015,2378,,4
LEXUS,LS400,XF10_XF20,PREMIUM,GB,generation,VEH0124,2016,2120,,4
LEXUS,LS400,XF10_XF20,PREMIUM,GB,generation,VEH0124,2017,1833,0.123245702099345,4
LEXUS,LS400,XF10_XF20,PREMIUM,GB,generation,VEH0124,2018,1609,0.13021564341944783,4
LEXUS,LS400,XF10_XF20,PREMIUM,GB,generation,VEH0124,2019,1388,0.14118407553310272,4
LEXUS,LS400,XF10_XF20,PREMIUM,GB,generation,VEH0124,2020,1231,0.13270904055175028,5
LEXUS,LS400,XF10_XF20,PREMIUM,GB,generation,VEH0124,2021,1089,0.13011767468647437,5
LEXUS,LS400,XF10_XF20,PREMIUM,GB,generation,VEH0124,2022,983,0.11500334030652788,5
LEXUS,LS400,XF10_XF20,PREMIUM,GB,generation,VEH0124,2023,848,0.12423383013085025,5
LEXUS,LS400,XF10_XF20,PREMIUM,GB,generation,VEH0124,2024,752,0.12342626632770681,5
LEXUS,LS400,XF10_XF20,PREMIUM,GB,generation,VEH0124,2025,686,0.11991049747376052,6
LEXUS,LS400,XF10_XF20,PREMIUM,NL,generation,RDW,2026,143,,6
LOTUS,ELISE,S1,SPORTIVE,GB,generation,VEH0124,2014,2007,,3
LOTUS,ELISE,S1,SPORTIVE,GB,generation,VEH0124,2015,1990,,3
LOTUS,ELISE,S1,SPORTIVE,GB,generation,VEH0124,2016,1851,,3
LOTUS,ELISE,S1,SPORTIVE,GB,generation,VEH0124,2017,1692,0.05690993621005654,3
LOTUS,ELISE,S1,SPORTIVE,GB,generation,VEH0124,2018,1612,0.07021966488398827,4
LOTUS,ELISE,S1,SPORTIVE,GB,generation,VEH0124,2019,1563,0.05637299405067342,4
LOTUS,ELISE,S1,SPORTIVE,GB,generation,VEH0124,2020,1398,0.06362287245747093,4
LOTUS,ELISE,S1,SPORTIVE,GB,generation,VEH0124,2021,1398,0.04747766675760593,4
LOTUS,ELISE,S1,SPORTIVE,GB,generation,VEH0124,2022,1331,0.053558837342121635,4
LOTUS,ELISE,S1,SPORTIVE,GB,generation,VEH0124,2023,1203,0.050074735606359035,5
LOTUS,ELISE,S1,SPORTIVE,GB,generation,VEH0124,2024,1156,0.06335895785381081,5
LOTUS,ELISE,S1,SPORTIVE,GB,generation,VEH0124,2025,1159,0.04612432501845346,5
LOTUS,ELISE,S1,SPORTIVE,NL,generation,RDW,2026,243,,5
LOTUS,ELISE,S2,SPORTIVE,GB,generation,VEH0124,2014,2696,,1
LOTUS,ELISE,S2,SPORTIVE,GB,generation,VEH0124,2015,2670,,1
LOTUS,ELISE,S2,SPORTIVE,GB,generation,VEH0124,2016,2514,,2
LOTUS,ELISE,S2,SPORTIVE,GB,generation,VEH0124,2017,2332,0.048347641520604924,2
LOTUS,ELISE,S2,SPORTIVE,GB,generation,VEH0124,2018,2191,0.06590680393294306,2
LOTUS,ELISE,S2,SPORTIVE,GB,generation,VEH0124,2019,2072,0.06445359525693976,2
LOTUS,ELISE,S2,SPORTIVE,GB,generation,VEH0124,2020,1862,0.07502502987779014,2
LOTUS,ELISE,S2,SPORTIVE,GB,generation,VEH0124,2021,1837,0.05874141812678039,3
LOTUS,ELISE,S2,SPORTIVE,GB,generation,VEH0124,2022,1791,0.048580067106220724,3
LOTUS,ELISE,S2,SPORTIVE,GB,generation,VEH0124,2023,1691,0.03211036964614422,3
LOTUS,ELISE,S2,SPORTIVE,GB,generation,VEH0124,2024,1600,0.04604339232908424,3
LOTUS,ELISE,S2,SPORTIVE,GB,generation,VEH0124,2025,1548,0.04860344930367955,3
LOTUS,ELISE,S2,SPORTIVE,NL,generation,RDW,2026,294,,4
LOTUS,EXIGE,S1,SPORTIVE,GB,generation,VEH0124,2014,85,,2
LOTUS,EXIGE,S1,SPORTIVE,GB,generation,VEH0124,2015,76,,3
LOTUS,EXIGE,S1,SPORTIVE,GB,generation,VEH0124,2016,73,,3
LOTUS,EXIGE,S1,SPORTIVE,GB,generation,VEH0124,2017,70,0.06471867148031911,3
LOTUS,EXIGE,S1,SPORTIVE,GB,generation,VEH0124,2018,62,0.06786631841374646,3
LOTUS,EXIGE,S1,SPORTIVE,GB,generation,VEH0124,2019,61,0.0598618589916932,3
LOTUS,EXIGE,S1,SPORTIVE,GB,generation,VEH0124,2020,57,0.06848132473826969,4
LOTUS,EXIGE,S1,SPORTIVE,GB,generation,VEH0124,2021,51,0.06510291744025531,4
LOTUS,EXIGE,S1,SPORTIVE,GB,generation,VEH0124,2022,51,0.05968274381632854,4
LOTUS,EXIGE,S1,SPORTIVE,GB,generation,VEH0124,2023,54,0.018022407090091914,4
LOTUS,EXIGE,S1,SPORTIVE,GB,generation,VEH0124,2024,50,0.006600875765393255,4
LOTUS,EXIGE,S1,SPORTIVE,GB,generation,VEH0124,2025,36,0.11610223142273861,5
LOTUS,EXIGE,S1,SPORTIVE,NL,generation,RDW,2026,5,,5
LOTUS,EXIGE,S2,SPORTIVE,GB,generation,VEH0124,2014,585,,1
LOTUS,EXIGE,S2,SPORTIVE,GB,generation,VEH0124,2015,562,,1
LOTUS,EXIGE,S2,SPORTIVE,GB,generation,VEH0124,2016,525,,1
LOTUS,EXIGE,S2,SPORTIVE,GB,generation,VEH0124,2017,496,0.05501197350230965,2
LOTUS,EXIGE,S2,SPORTIVE,GB,generation,VEH0124,2018,478,0.0539637058007448,2
LOTUS,EXIGE,S2,SPORTIVE,GB,generation,VEH0124,2019,460,0.044057257702827535,2
LOTUS,EXIGE,S2,SPORTIVE,GB,generation,VEH0124,2020,392,0.07843802897815522,2
LOTUS,EXIGE,S2,SPORTIVE,GB,generation,VEH0124,2021,402,0.05771954795747843,2
LOTUS,EXIGE,S2,SPORTIVE,GB,generation,VEH0124,2022,374,0.06899023068953625,3
LOTUS,EXIGE,S2,SPORTIVE,GB,generation,VEH0124,2023,361,0.027461293819193894,3
LOTUS,EXIGE,S2,SPORTIVE,GB,generation,VEH0124,2024,346,0.05000443785376548,3
LOTUS,EXIGE,S2,SPORTIVE,GB,generation,VEH0124,2025,344,0.027871380013711367,3
LOTUS,EXIGE,S2,SPORTIVE,NL,generation,RDW,2026,63,,3
LOTUS,ESPRIT,X180_S4,SUPERCAR,GB,generation,VEH0124,2014,508,,3
LOTUS,ESPRIT,X180_S4,SUPERCAR,GB,generation,VEH0124,2015,521,,4
LOTUS,ESPRIT,X180_S4,SUPERCAR,GB,generation,VEH0124,2016,483,,4
LOTUS,ESPRIT,X180_S4,SUPERCAR,GB,generation,VEH0124,2017,472,0.024500820664308993,4
LOTUS,ESPRIT,X180_S4,SUPERCAR,GB,generation,VEH0124,2018,450,0.04883415299633379,4
LOTUS,ESPRIT,X180_S4,SUPERCAR,GB,generation,VEH0124,2019,422,0.04500377987218673,4
LOTUS,ESPRIT,X180_S4,SUPERCAR,GB,generation,VEH0124,2020,401,0.05433918609299523,5
LOTUS,ESPRIT,X180_S4,SUPERCAR,GB,generation,VEH0124,2021,368,0.06705488153181142,5
LOTUS,ESPRIT,X180_S4,SUPERCAR,GB,generation,VEH0124,2022,377,0.03758670886266705,5
LOTUS,ESPRIT,X180_S4,SUPERCAR,GB,generation,VEH0124,2023,355,0.04061454594371779,5
LOTUS,ESPRIT,X180_S4,SUPERCAR,GB,generation,VEH0124,2024,339,0.027360943596160443,5
LOTUS,ESPRIT,X180_S4,SUPERCAR,GB,generation,VEH0124,2025,346,0.02860213746342873,6
LOTUS,ESPRIT,X180_S4,SUPERCAR,NL,generation,RDW,2026,36,,6
LOTUS,EVORA,122,SPORTIVE,GB,generation,VEH0124,2014,479,,-1
LOTUS,EVORA,122,SPORTIVE,GB,generation,VEH0124,2015,550,,0
LOTUS,EVORA,122,SPORTIVE,GB,generation,VEH0124,2016,616,,0
LOTUS,EVORA,122,SPORTIVE,GB,generation,VEH0124,2017,646,-0.09969963545722897,0
LOTUS,EVORA,122,SPORTIVE,GB,generation,VEH0124,2018,695,-0.07799785577942527,0
LOTUS,EVORA,122,SPORTIVE,GB,generation,VEH0124,2019,706,-0.0454560913199075,0
LOTUS,EVORA,122,SPORTIVE,GB,generation,VEH0124,2020,678,-0.016115928052597834,1
LOTUS,EVORA,122,SPORTIVE,GB,generation,VEH0124,2021,702,-0.0033405194870062735,1
LOTUS,EVORA,122,SPORTIVE,GB,generation,VEH0124,2022,667,0.018941730525872853,1
LOTUS,EVORA,122,SPORTIVE,GB,generation,VEH0124,2023,634,0.022366111167723208,1
LOTUS,EVORA,122,SPORTIVE,GB,generation,VEH0124,2024,609,0.04737171210530455,1
LOTUS,EVORA,122,SPORTIVE,GB,generation,VEH0124,2025,599,0.03584281593339137,2
LOTUS,EVORA,122,SPORTIVE,NL,generation,RDW,2026,83,,2
MASERATI,3200 GT,338,COUPE,GB,generation,VEH0124,2014,416,,2
MASERATI,3200 GT,338,COUPE,GB,generation,VEH0124,2015,392,,3
MASERATI,3200 GT,338,COUPE,GB,generation,VEH0124,2016,358,,3
MASERATI,3200 GT,338,COUPE,GB,generation,VEH0124,2017,334,0.07318142242818748,3
MASERATI,3200 GT,338,COUPE,GB,generation,VEH0124,2018,289,0.10161171722600996,3
MASERATI,3200 GT,338,COUPE,GB,generation,VEH0124,2019,276,0.08671070689451692,3
MASERATI,3200 GT,338,COUPE,GB,generation,VEH0124,2020,244,0.1046575892278329,4
MASERATI,3200 GT,338,COUPE,GB,generation,VEH0124,2021,223,0.08641830555077117,4
MASERATI,3200 GT,338,COUPE,GB,generation,VEH0124,2022,210,0.09109777833322703,4
MASERATI,3200 GT,338,COUPE,GB,generation,VEH0124,2023,183,0.0958940241505936,4
MASERATI,3200 GT,338,COUPE,GB,generation,VEH0124,2024,168,0.09440259735228669,4
MASERATI,3200 GT,338,COUPE,GB,generation,VEH0124,2025,161,0.08856772191100178,5
MASERATI,3200 GT,338,COUPE,NL,generation,RDW,2026,165,,5
MASERATI,4200,M138,COUPE,GB,generation,VEH0124,2014,1033,,2
MASERATI,4200,M138,COUPE,GB,generation,VEH0124,2015,1002,,2
MASERATI,4200,M138,COUPE,GB,generation,VEH0124,2016,963,,2
MASERATI,4200,M138,COUPE,GB,generation,VEH0124,2017,898,0.04668413360581288,2
MASERATI,4200,M138,COUPE,GB,generation,VEH0124,2018,841,0.05838720722395389,2
MASERATI,4200,M138,COUPE,GB,generation,VEH0124,2019,771,0.07412167941159886,3
MASERATI,4200,M138,COUPE,GB,generation,VEH0124,2020,708,0.07924199153616011,3
MASERATI,4200,M138,COUPE,GB,generation,VEH0124,2021,681,0.07034311794114541,3
MASERATI,4200,M138,COUPE,GB,generation,VEH0124,2022,667,0.04829944254923527,3
MASERATI,4200,M138,COUPE,GB,generation,VEH0124,2023,607,0.05130510087807375,3
MASERATI,4200,M138,COUPE,GB,generation,VEH0124,2024,549,0.07182128821332719,4
MASERATI,4200,M138,COUPE,GB,generation,VEH0124,2025,508,0.09076953277904713,4
MASERATI,4200,M138,COUPE,NL,generation,RDW,2026,271,,4
MASERATI,GRANTURISMO,M145,COUPE,GB,generation,VEH0124,2014,2075,,0
MASERATI,GRANTURISMO,M145,COUPE,GB,generation,VEH0124,2015,2202,,0
MASERATI,GRANTURISMO,M145,COUPE,GB,generation,VEH0124,2016,2301,,0
MASERATI,GRANTURISMO,M145,COUPE,GB,generation,VEH0124,2017,2336,-0.03949297042777319,0
MASERATI,GRANTURISMO,M145,COUPE,GB,generation,VEH0124,2018,2419,-0.03132939777580083,1
MASERATI,GRANTURISMO,M145,COUPE,GB,generation,VEH0124,2019,2425,-0.01749590444540594,1
MASERATI,GRANTURISMO,M145,COUPE,GB,generation,VEH0124,2020,2362,-0.0036895509363965573,1
MASERATI,GRANTURISMO,M145,COUPE,GB,generation,VEH0124,2021,2313,0.014936282792862817,1
MASERATI,GRANTURISMO,M145,COUPE,GB,generation,VEH0124,2022,2227,0.028392045371405494,1
MASERATI,GRANTURISMO,M145,COUPE,GB,generation,VEH0124,2023,2158,0.030108950313075884,2
MASERATI,GRANTURISMO,M145,COUPE,GB,generation,VEH0124,2024,2085,0.0345921759995124,2
MASERATI,GRANTURISMO,M145,COUPE,GB,generation,VEH0124,2025,2067,0.024852369191866508,2
MASERATI,GRANTURISMO,M145,COUPE,NL,generation,RDW,2026,475,,2
MASERATI,QUATTROPORTE,M139,PREMIUM,GB,generation,VEH0124,2014,895,,1
MASERATI,QUATTROPORTE,M139,PREMIUM,GB,generation,VEH0124,2015,874,,1
MASERATI,QUATTROPORTE,M139,PREMIUM,GB,generation,VEH0124,2016,851,,1
MASERATI,QUATTROPORTE,M139,PREMIUM,GB,generation,VEH0124,2017,815,0.0312118683446642,2
MASERATI,QUATTROPORTE,M139,PREMIUM,GB,generation,VEH0124,2018,775,0.04007244876739602,2
MASERATI,QUATTROPORTE,M139,PREMIUM,GB,generation,VEH0124,2019,730,0.051122531476979205,2
MASERATI,QUATTROPORTE,M139,PREMIUM,GB,generation,VEH0124,2020,655,0.07285095920187039,2
MASERATI,QUATTROPORTE,M139,PREMIUM,GB,generation,VEH0124,2021,638,0.0648415820028525,2
MASERATI,QUATTROPORTE,M139,PREMIUM,GB,generation,VEH0124,2022,597,0.0670424735832782,3
MASERATI,QUATTROPORTE,M139,PREMIUM,GB,generation,VEH0124,2023,535,0.0674561629130818,3
MASERATI,QUATTROPORTE,M139,PREMIUM,GB,generation,VEH0124,2024,479,0.09554589531129161,3
MASERATI,QUATTROPORTE,M139,PREMIUM,GB,generation,VEH0124,2025,437,0.10399463943233744,3
MASERATI,QUATTROPORTE,M139,PREMIUM,NL,generation,RDW,2026,611,,3
MASERATI,GHIBLI,II,COUPE,GB,generation,VEH0124,2014,24,,3
MASERATI,GHIBLI,II,COUPE,GB,generation,VEH0124,2015,20,,4
MASERATI,GHIBLI,II,COUPE,GB,generation,VEH0124,2016,17,,4
MASERATI,GHIBLI,II,COUPE,GB,generation,VEH0124,2017,20,0.06077385226465163,4
MASERATI,GHIBLI,II,COUPE,GB,generation,VEH0124,2018,20,0.0,4
MASERATI,GHIBLI,II,COUPE,GB,generation,VEH0124,2019,16,0.020208207272145007,4
MASERATI,GHIBLI,II,COUPE,GB,generation,VEH0124,2020,11,0.1992790002518734,5
MASERATI,GHIBLI,II,COUPE,GB,generation,VEH0124,2021,13,0.14359430536415138,5
MASERATI,GHIBLI,II,COUPE,GB,generation,VEH0124,2022,15,0.02151284037919036,5
MASERATI,GHIBLI,II,COUPE,GB,generation,VEH0124,2023,11,0.0,5
MASERATI,GHIBLI,II,COUPE,GB,generation,VEH0124,2024,13,0.0,5
MASERATI,GHIBLI,II,COUPE,GB,generation,VEH0124,2025,9,0.17027520792199682,6
MASERATI,GHIBLI,II,COUPE,NL,generation,RDW,2026,45,,6
MAZDA,MX-5,NA,ROADSTER,GB,generation,VEH0124,2014,7776,,4
MAZDA,MX-5,NA,ROADSTER,GB,generation,VEH0124,2015,7117,,4
MAZDA,MX-5,NA,ROADSTER,GB,generation,VEH0124,2016,6475,,4
MAZDA,MX-5,NA,ROADSTER,GB,generation,VEH0124,2017,5803,0.09755568064988888,4
MAZDA,MX-5,NA,ROADSTER,GB,generation,VEH0124,2018,5180,0.10589374401524705,5
MAZDA,MX-5,NA,ROADSTER,GB,generation,VEH0124,2019,4720,0.10537993599604552,5
MAZDA,MX-5,NA,ROADSTER,GB,generation,VEH0124,2020,4240,0.10460391865486802,5
MAZDA,MX-5,NA,ROADSTER,GB,generation,VEH0124,2021,4096,0.07826472284472885,5
MAZDA,MX-5,NA,ROADSTER,GB,generation,VEH0124,2022,3831,0.06956097795965081,5
MAZDA,MX-5,NA,ROADSTER,GB,generation,VEH0124,2023,3522,0.06184475305661744,6
MAZDA,MX-5,NA,ROADSTER,GB,generation,VEH0124,2024,3301,0.07192847828871685,6
MAZDA,MX-5,NA,ROADSTER,GB,generation,VEH0124,2025,3105,0.07003738344435699,6
MAZDA,MX-5,NA,ROADSTER,NL,generation,RDW,2026,3223,,6
MAZDA,MX-5,NB,ROADSTER,GB,generation,VEH0124,2014,37933,,2
MAZDA,MX-5,NB,ROADSTER,GB,generation,VEH0124,2015,36161,,2
MAZDA,MX-5,NB,ROADSTER,GB,generation,VEH0124,2016,33900,,3
MAZDA,MX-5,NB,ROADSTER,GB,generation,VEH0124,2017,31079,0.06642969856321557,3
MAZDA,MX-5,NB,ROADSTER,GB,generation,VEH0124,2018,28134,0.08366746022444656,3
MAZDA,MX-5,NB,ROADSTER,GB,generation,VEH0124,2019,25112,0.10002306494891755,3
MAZDA,MX-5,NB,ROADSTER,GB,generation,VEH0124,2020,22118,0.11338019776549164,3
MAZDA,MX-5,NB,ROADSTER,GB,generation,VEH0124,2021,20301,0.10876955447243535,4
MAZDA,MX-5,NB,ROADSTER,GB,generation,VEH0124,2022,18130,0.1085925982576305,4
MAZDA,MX-5,NB,ROADSTER,GB,generation,VEH0124,2023,15800,0.11212727220674938,4
MAZDA,MX-5,NB,ROADSTER,GB,generation,VEH0124,2024,13930,0.12554178604216126,4
MAZDA,MX-5,NB,ROADSTER,GB,generation,VEH0124,2025,12445,0.12541636298240158,4
MAZDA,MX-5,NB,ROADSTER,NL,generation,RDW,2026,3944,,5
MAZDA,MX-5,NC,ROADSTER,GB,generation,VEH0124,2014,43668,,0
MAZDA,MX-5,NC,ROADSTER,GB,generation,VEH0124,2015,45835,,1
MAZDA,MX-5,NC,ROADSTER,GB,generation,VEH0124,2016,45517,,1
MAZDA,MX-5,NC,ROADSTER,GB,generation,VEH0124,2017,44738,-0.008069227972632357,1
MAZDA,MX-5,NC,ROADSTER,GB,generation,VEH0124,2018,43934,0.014119827873914895,1
MAZDA,MX-5,NC,ROADSTER,GB,generation,VEH0124,2019,43236,0.017137466998540535,1
MAZDA,MX-5,NC,ROADSTER,GB,generation,VEH0124,2020,42055,0.020614988973839843,2
MAZDA,MX-5,NC,ROADSTER,GB,generation,VEH0124,2021,41111,0.022137594065432253,2
MAZDA,MX-5,NC,ROADSTER,GB,generation,VEH0124,2022,40600,0.020968471648756665,2
MAZDA,MX-5,NC,ROADSTER,GB,generation,VEH0124,2023,39221,0.023255322591979894,2
MAZDA,MX-5,NC,ROADSTER,GB,generation,VEH0124,2024,37934,0.02680930601118862,2
MAZDA,MX-5,NC,ROADSTER,GB,generation,VEH0124,2025,36851,0.03229510376616022,3
MAZDA,MX-5,NC,ROADSTER,NL,generation,RDW,2026,4154,,3
MAZDA,RX-7,FD,SPORTIVE,GB,generation,VEH0124,2014,45,,3
MAZDA,RX-7,FD,SPORTIVE,GB,generation,VEH0124,2015,42,,3
MAZDA,RX-7,FD,SPORTIVE,GB,generation,VEH0124,2016,45,,3
MAZDA,RX-7,FD,SPORTIVE,GB,generation,VEH0124,2017,37,0.0652481923753651,4
MAZDA,RX-7,FD,SPORTIVE,GB,generation,VEH0124,2018,33,0.08038735227229606,4
MAZDA,RX-7,FD,SPORTIVE,GB,generation,VEH0124,2019,31,0.12422509509505779,4
MAZDA,RX-7,FD,SPORTIVE,GB,generation,VEH0124,2020,26,0.1176071248742474,4
MAZDA,RX-7,FD,SPORTIVE,GB,generation,VEH0124,2021,22,0.13515503603605472,4
MAZDA,RX-7,FD,SPORTIVE,GB,generation,VEH0124,2022,23,0.09949766285199886,5
MAZDA,RX-7,FD,SPORTIVE,GB,generation,VEH0124,2023,24,0.02668090255784546,5
MAZDA,RX-7,FD,SPORTIVE,GB,generation,VEH0124,2024,19,0.048867824730625266,5
MAZDA,RX-7,FD,SPORTIVE,GB,generation,VEH0124,2025,17,0.10076029062431117,5
MAZDA,RX-7,FD,SPORTIVE,NL,generation,RDW,2026,98,,5
MAZDA,RX-8,SE3P,COUPE,GB,generation,VEH0124,2014,15370,,1
MAZDA,RX-8,SE3P,COUPE,GB,generation,VEH0124,2015,13080,,1
MAZDA,RX-8,SE3P,COUPE,GB,generation,VEH0124,2016,10825,,1
MAZDA,RX-8,SE3P,COUPE,GB,generation,VEH0124,2017,8526,0.196432413069162,2
MAZDA,RX-8,SE3P,COUPE,GB,generation,VEH0124,2018,6633,0.2263423851618782,2
MAZDA,RX-8,SE3P,COUPE,GB,generation,VEH0124,2019,5079,0.2522479606898151,2
MAZDA,RX-8,SE3P,COUPE,GB,generation,VEH0124,2020,4084,0.24534780601353331,2
MAZDA,RX-8,SE3P,COUPE,GB,generation,VEH0124,2021,3546,0.20874566096380084,2
MAZDA,RX-8,SE3P,COUPE,GB,generation,VEH0124,2022,3022,0.1730651759895204,3
MAZDA,RX-8,SE3P,COUPE,GB,generation,VEH0124,2023,2597,0.1509066558739359,3
MAZDA,RX-8,SE3P,COUPE,GB,generation,VEH0124,2024,2183,0.1617067100280698,3
MAZDA,RX-8,SE3P,COUPE,GB,generation,VEH0124,2025,1923,0.15067746574796814,3
MAZDA,RX-8,SE3P,COUPE,NL,generation,RDW,2026,510,,3
MAZDA,MX-3,EC,COUPE,GB,generation,VEH0124,2014,999,,4
MAZDA,MX-3,EC,COUPE,GB,generation,VEH0124,2015,759,,4
MAZDA,MX-3,EC,COUPE,GB,generation,VEH0124,2016,602,,4
MAZDA,MX-3,EC,COUPE,GB,generation,VEH0124,2017,473,0.24921979671887376,4
MAZDA,MX-3,EC,COUPE,GB,generation,VEH0124,2018,379,0.23148852410440135,4
MAZDA,MX-3,EC,COUPE,GB,generation,VEH0124,2019,296,0.2366326636615869,5
MAZDA,MX-3,EC,COUPE,GB,generation,VEH0124,2020,246,0.21792128418652337,5
MAZDA,MX-3,EC,COUPE,GB,generation,VEH0124,2021,214,0.19052006335352503,5
MAZDA,MX-3,EC,COUPE,GB,generation,VEH0124,2022,194,0.14083376508691062,5
MAZDA,MX-3,EC,COUPE,GB,generation,VEH0124,2023,158,0.14757883430179852,5
MAZDA,MX-3,EC,COUPE,GB,generation,VEH0124,2024,136,0.15110704309526626,6
MAZDA,MX-3,EC,COUPE,GB,generation,VEH0124,2025,119,0.1629115553172662,6
MAZDA,MX-3,EC,COUPE,NL,generation,RDW,2026,217,,6
MERCEDES-BENZ,190E 2.5-16,W201,SPORTIVE,GB,generation,VEH0124,2014,95,,4
MERCEDES-BENZ,190E 2.5-16,W201,SPORTIVE,GB,generation,VEH0124,2015,82,,5
MERCEDES-BENZ,190E 2.5-16,W201,SPORTIVE,GB,generation,VEH0124,2016,80,,5
MERCEDES-BENZ,190E 2.5-16,W201,SPORTIVE,GB,generation,VEH0124,2017,73,0.08780581681738327,5
MERCEDES-BENZ,190E 2.5-16,W201,SPORTIVE,GB,generation,VEH0124,2018,70,0.05274133507163133,5
MERCEDES-BENZ,190E 2.5-16,W201,SPORTIVE,GB,generation,VEH0124,2019,66,0.06412396421581867,5
MERCEDES-BENZ,190E 2.5-16,W201,SPORTIVE,GB,generation,VEH0124,2020,61,0.0598618589916932,6
MERCEDES-BENZ,190E 2.5-16,W201,SPORTIVE,GB,generation,VEH0124,2021,56,0.07438118377140324,6
MERCEDES-BENZ,190E 2.5-16,W201,SPORTIVE,GB,generation,VEH0124,2022,49,0.0992781479719329,6
MERCEDES-BENZ,190E 2.5-16,W201,SPORTIVE,GB,generation,VEH0124,2023,44,0.1088947434183501,6
MERCEDES-BENZ,190E 2.5-16,W201,SPORTIVE,GB,generation,VEH0124,2024,43,0.08805052501386242,6
MERCEDES-BENZ,190E 2.5-16,W201,SPORTIVE,GB,generation,VEH0124,2025,41,0.059416077135439505,7
MERCEDES-BENZ,190E 2.5-16,W201,SPORTIVE,NL,generation,RDW,2026,48,,7
MERCEDES-BENZ,C43 AMG,W202,SPORTIVE,GB,generation,VEH0124,2014,310,,3
MERCEDES-BENZ,C43 AMG,W202,SPORTIVE,GB,generation,VEH0124,2015,294,,3
MERCEDES-BENZ,C43 AMG,W202,SPORTIVE,GB,generation,VEH0124,2016,269,,3
MERCEDES-BENZ,C43 AMG,W202,SPORTIVE,GB,generation,VEH0124,2017,237,0.08950405211468689,4
MERCEDES-BENZ,C43 AMG,W202,SPORTIVE,GB,generation,VEH0124,2018,211,0.11057387795420492,4
MERCEDES-BENZ,C43 AMG,W202,SPORTIVE,GB,generation,VEH0124,2019,188,0.11942313892396328,4
MERCEDES-BENZ,C43 AMG,W202,SPORTIVE,GB,generation,VEH0124,2020,182,0.08801781801944546,4
MERCEDES-BENZ,C43 AMG,W202,SPORTIVE,GB,generation,VEH0124,2021,158,0.09642103348303326,4
MERCEDES-BENZ,C43 AMG,W202,SPORTIVE,GB,generation,VEH0124,2022,162,0.04961520919918853,5
MERCEDES-BENZ,C43 AMG,W202,SPORTIVE,GB,generation,VEH0124,2023,134,0.10205562904196135,5
MERCEDES-BENZ,C43 AMG,W202,SPORTIVE,GB,generation,VEH0124,2024,120,0.09170109674830702,5
MERCEDES-BENZ,C43 AMG,W202,SPORTIVE,GB,generation,VEH0124,2025,139,0.05104080070056405,5
MERCEDES-BENZ,C43 AMG,W202,SPORTIVE,NL,generation,RDW,2026,82,,5
MERCEDES-BENZ,C55 AMG,W203,SPORTIVE,GB,generation,VEH0124,2014,121,,1
MERCEDES-BENZ,C55 AMG,W203,SPORTIVE,GB,generation,VEH0124,2015,125,,2
MERCEDES-BENZ,C55 AMG,W203,SPORTIVE,GB,generation,VEH0124,2016,113,,2
MERCEDES-BENZ,C55 AMG,W203,SPORTIVE,GB,generation,VEH0124,2017,99,0.06689023182071718,2
MERCEDES-BENZ,C55 AMG,W203,SPORTIVE,GB,generation,VEH0124,2018,105,0.058117795714926146,2
MERCEDES-BENZ,C55 AMG,W203,SPORTIVE,GB,generation,VEH0124,2019,105,0.024475822851605916,2
MERCEDES-BENZ,C55 AMG,W203,SPORTIVE,GB,generation,VEH0124,2020,103,-0.013203046031682023,3
MERCEDES-BENZ,C55 AMG,W203,SPORTIVE,GB,generation,VEH0124,2021,100,0.01626338805647709,3
MERCEDES-BENZ,C55 AMG,W203,SPORTIVE,GB,generation,VEH0124,2022,101,0.012946611105421132,3
MERCEDES-BENZ,C55 AMG,W203,SPORTIVE,GB,generation,VEH0124,2023,90,0.04497310596645695,3
MERCEDES-BENZ,C55 AMG,W203,SPORTIVE,GB,generation,VEH0124,2024,81,0.07024034377188422,3
MERCEDES-BENZ,C55 AMG,W203,SPORTIVE,GB,generation,VEH0124,2025,70,0.12220842493063344,4
MERCEDES-BENZ,C55 AMG,W203,SPORTIVE,NL,generation,RDW,2026,82,,4
MERCEDES-BENZ,C63 AMG,W204,SPORTIVE,GB,generation,VEH0124,2014,4592,,0
MERCEDES-BENZ,C63 AMG,W204,SPORTIVE,GB,generation,VEH0124,2015,4422,,0
MERCEDES-BENZ,C63 AMG,W204,SPORTIVE,GB,generation,VEH0124,2016,4351,,1
MERCEDES-BENZ,C63 AMG,W204,SPORTIVE,GB,generation,VEH0124,2017,4213,0.02871355867346163,1
MERCEDES-BENZ,C63 AMG,W204,SPORTIVE,GB,generation,VEH0124,2018,4129,0.022852278510433994,1
MERCEDES-BENZ,C63 AMG,W204,SPORTIVE,GB,generation,VEH0124,2019,4033,0.02529839594910399,1
MERCEDES-BENZ,C63 AMG,W204,SPORTIVE,GB,generation,VEH0124,2020,3892,0.026417272891040493,1
MERCEDES-BENZ,C63 AMG,W204,SPORTIVE,GB,generation,VEH0124,2021,3759,0.031294094107304105,2
MERCEDES-BENZ,C63 AMG,W204,SPORTIVE,GB,generation,VEH0124,2022,3525,0.044876693208999306,2
MERCEDES-BENZ,C63 AMG,W204,SPORTIVE,GB,generation,VEH0124,2023,3384,0.04662157419326066,2
MERCEDES-BENZ,C63 AMG,W204,SPORTIVE,GB,generation,VEH0124,2024,3260,0.04747525640114129,2
MERCEDES-BENZ,C63 AMG,W204,SPORTIVE,GB,generation,VEH0124,2025,3159,0.03654163814809467,2
MERCEDES-BENZ,C63 AMG,W204,SPORTIVE,NL,generation,RDW,2026,317,,3
MERCEDES-BENZ,E55 AMG,W210,SPORTIVE,GB,generation,VEH0124,2014,255,,3
MERCEDES-BENZ,E55 AMG,W210,SPORTIVE,GB,generation,VEH0124,2015,223,,3
MERCEDES-BENZ,E55 AMG,W210,SPORTIVE,GB,generation,VEH0124,2016,219,,3
MERCEDES-BENZ,E55 AMG,W210,SPORTIVE,GB,generation,VEH0124,2017,189,0.09983884336626107,3
MERCEDES-BENZ,E55 AMG,W210,SPORTIVE,GB,generation,VEH0124,2018,187,0.05868771820184401,3
MERCEDES-BENZ,E55 AMG,W210,SPORTIVE,GB,generation,VEH0124,2019,173,0.07859337843957388,4
MERCEDES-BENZ,E55 AMG,W210,SPORTIVE,GB,generation,VEH0124,2020,164,0.04729352907848128,4
MERCEDES-BENZ,E55 AMG,W210,SPORTIVE,GB,generation,VEH0124,2021,145,0.08479162481133755,4
MERCEDES-BENZ,E55 AMG,W210,SPORTIVE,GB,generation,VEH0124,2022,135,0.08267227201978322,4
MERCEDES-BENZ,E55 AMG,W210,SPORTIVE,GB,generation,VEH0124,2023,103,0.15504581319818764,4
MERCEDES-BENZ,E55 AMG,W210,SPORTIVE,GB,generation,VEH0124,2024,91,0.15529141196790816,5
MERCEDES-BENZ,E55 AMG,W210,SPORTIVE,GB,generation,VEH0124,2025,78,0.18285531724961265,5
MERCEDES-BENZ,E55 AMG,W210,SPORTIVE,NL,generation,RDW,2026,99,,5
MERCEDES-BENZ,E55 AMG,W211,SPORTIVE,GB,generation,VEH0124,2014,472,,2
MERCEDES-BENZ,E55 AMG,W211,SPORTIVE,GB,generation,VEH0124,2015,473,,2
MERCEDES-BENZ,E55 AMG,W211,SPORTIVE,GB,generation,VEH0124,2016,451,,2
MERCEDES-BENZ,E55 AMG,W211,SPORTIVE,GB,generation,VEH0124,2017,425,0.03496327222037928,2
MERCEDES-BENZ,E55 AMG,W211,SPORTIVE,GB,generation,VEH0124,2018,396,0.05922705907915068,2
MERCEDES-BENZ,E55 AMG,W211,SPORTIVE,GB,generation,VEH0124,2019,390,0.048440200126328804,3
MERCEDES-BENZ,E55 AMG,W211,SPORTIVE,GB,generation,VEH0124,2020,342,0.07242614395393747,3
MERCEDES-BENZ,E55 AMG,W211,SPORTIVE,GB,generation,VEH0124,2021,320,0.0710310718202362,3
MERCEDES-BENZ,E55 AMG,W211,SPORTIVE,GB,generation,VEH0124,2022,318,0.06803178544783843,3
MERCEDES-BENZ,E55 AMG,W211,SPORTIVE,GB,generation,VEH0124,2023,303,0.04035931051774533,3
MERCEDES-BENZ,E55 AMG,W211,SPORTIVE,GB,generation,VEH0124,2024,259,0.07049764469807822,4
MERCEDES-BENZ,E55 AMG,W211,SPORTIVE,GB,generation,VEH0124,2025,242,0.09103788554116339,4
MERCEDES-BENZ,E55 AMG,W211,SPORTIVE,NL,generation,RDW,2026,216,,4
MERCEDES-BENZ,E63 AMG,W212,SPORTIVE,GB,generation,VEH0124,2014,929,,0
MERCEDES-BENZ,E63 AMG,W212,SPORTIVE,GB,generation,VEH0124,2015,899,,0
MERCEDES-BENZ,E63 AMG,W212,SPORTIVE,GB,generation,VEH0124,2016,880,,0
MERCEDES-BENZ,E63 AMG,W212,SPORTIVE,GB,generation,VEH0124,2017,821,0.04119520978713679,1
MERCEDES-BENZ,E63 AMG,W212,SPORTIVE,GB,generation,VEH0124,2018,814,0.03310755615636,1
MERCEDES-BENZ,E63 AMG,W212,SPORTIVE,GB,generation,VEH0124,2019,753,0.051952226557452796,1
MERCEDES-BENZ,E63 AMG,W212,SPORTIVE,GB,generation,VEH0124,2020,740,0.0346243077514042,1
MERCEDES-BENZ,E63 AMG,W212,SPORTIVE,GB,generation,VEH0124,2021,687,0.05654202459339697,1
MERCEDES-BENZ,E63 AMG,W212,SPORTIVE,GB,generation,VEH0124,2022,664,0.04192769277448664,2
MERCEDES-BENZ,E63 AMG,W212,SPORTIVE,GB,generation,VEH0124,2023,642,0.047353960836084674,2
MERCEDES-BENZ,E63 AMG,W212,SPORTIVE,GB,generation,VEH0124,2024,602,0.04402561563784276,2
MERCEDES-BENZ,E63 AMG,W212,SPORTIVE,GB,generation,VEH0124,2025,579,0.04565989063447932,2
MERCEDES-BENZ,E63 AMG,W212,SPORTIVE,NL,generation,RDW,2026,128,,2
MERCEDES-BENZ,SL,R129,ROADSTER,GB,generation,VEH0124,2014,4435,,3
MERCEDES-BENZ,SL,R129,ROADSTER,GB,generation,VEH0124,2015,4274,,4
MERCEDES-BENZ,SL,R129,ROADSTER,GB,generation,VEH0124,2016,4081,,4
MERCEDES-BENZ,SL,R129,ROADSTER,GB,generation,VEH0124,2017,3808,0.05080783294414163,4
MERCEDES-BENZ,SL,R129,ROADSTER,GB,generation,VEH0124,2018,3619,0.05545080410511716,4
MERCEDES-BENZ,SL,R129,ROADSTER,GB,generation,VEH0124,2019,3436,0.0573446841005533,4
MERCEDES-BENZ,SL,R129,ROADSTER,GB,generation,VEH0124,2020,3152,0.06302231497782884,5
MERCEDES-BENZ,SL,R129,ROADSTER,GB,generation,VEH0124,2021,3075,0.0542976144410409,5
MERCEDES-BENZ,SL,R129,ROADSTER,GB,generation,VEH0124,2022,2941,0.05185278151671705,5
MERCEDES-BENZ,SL,R129,ROADSTER,GB,generation,VEH0124,2023,2651,0.05770008156291458,5
MERCEDES-BENZ,SL,R129,ROADSTER,GB,generation,VEH0124,2024,2505,0.0683387222405513,5
MERCEDES-BENZ,SL,R129,ROADSTER,GB,generation,VEH0124,2025,2461,0.05939396272098,6
MERCEDES-BENZ,SL,R129,ROADSTER,NL,generation,RDW,2026,808,,6
MERCEDES-BENZ,SL,R230,ROADSTER,GB,generation,VEH0124,2014,10887,,1
MERCEDES-BENZ,SL,R230,ROADSTER,GB,generation,VEH0124,2015,10521,,1
MERCEDES-BENZ,SL,R230,ROADSTER,GB,generation,VEH0124,2016,10174,,2
MERCEDES-BENZ,SL,R230,ROADSTER,GB,generation,VEH0124,2017,9777,0.03584557612516962,2
MERCEDES-BENZ,SL,R230,ROADSTER,GB,generation,VEH0124,2018,9315,0.04058241859086623,2
MERCEDES-BENZ,SL,R230,ROADSTER,GB,generation,VEH0124,2019,8948,0.04280180092422962,2
MERCEDES-BENZ,SL,R230,ROADSTER,GB,generation,VEH0124,2020,8453,0.048503760192247704,2
MERCEDES-BENZ,SL,R230,ROADSTER,GB,generation,VEH0124,2021,8155,0.0443315893268584,3
MERCEDES-BENZ,SL,R230,ROADSTER,GB,generation,VEH0124,2022,7810,0.045341693258762916,3
MERCEDES-BENZ,SL,R230,ROADSTER,GB,generation,VEH0124,2023,7213,0.05287881814175144,3
MERCEDES-BENZ,SL,R230,ROADSTER,GB,generation,VEH0124,2024,6542,0.07346276898559505,3
MERCEDES-BENZ,SL,R230,ROADSTER,GB,generation,VEH0124,2025,6288,0.07225396957489671,3
MERCEDES-BENZ,SL,R230,ROADSTER,NL,generation,RDW,2026,1854,,4
MERCEDES-BENZ,SLK,R170,ROADSTER,GB,generation,VEH0124,2014,18954,,2
MERCEDES-BENZ,SLK,R170,ROADSTER,GB,generation,VEH0124,2015,18214,,3
MERCEDES-BENZ,SLK,R170,ROADSTER,GB,generation,VEH0124,2016,17369,,3
MERCEDES-BENZ,SLK,R170,ROADSTER,GB,generation,VEH0124,2017,16072,0.05497878784512326,3
MERCEDES-BENZ,SLK,R170,ROADSTER,GB,generation,VEH0124,2018,14974,0.06529172177904445,3
MERCEDES-BENZ,SLK,R170,ROADSTER,GB,generation,VEH0124,2019,13658,0.08012052584432598,3
MERCEDES-BENZ,SLK,R170,ROADSTER,GB,generation,VEH0124,2020,12264,0.09013682864770682,4
MERCEDES-BENZ,SLK,R170,ROADSTER,GB,generation,VEH0124,2021,11199,0.09683029173597942,4
MERCEDES-BENZ,SLK,R170,ROADSTER,GB,generation,VEH0124,2022,10064,0.10178691019360404,4
MERCEDES-BENZ,SLK,R170,ROADSTER,GB,generation,VEH0124,2023,8649,0.11640814474837906,4
MERCEDES-BENZ,SLK,R170,ROADSTER,GB,generation,VEH0124,2024,7373,0.13933326986434777,4
MERCEDES-BENZ,SLK,R170,ROADSTER,GB,generation,VEH0124,2025,6462,0.14767527751859313,5
MERCEDES-BENZ,SLK,R170,ROADSTER,NL,generation,RDW,2026,4424,,5
MERCEDES-BENZ,SLK,R171,ROADSTER,GB,generation,VEH0124,2014,25364,,1
MERCEDES-BENZ,SLK,R171,ROADSTER,GB,generation,VEH0124,2015,24945,,1
MERCEDES-BENZ,SLK,R171,ROADSTER,GB,generation,VEH0124,2016,24628,,1
MERCEDES-BENZ,SLK,R171,ROADSTER,GB,generation,VEH0124,2017,24190,0.01579717373861674,2
MERCEDES-BENZ,SLK,R171,ROADSTER,GB,generation,VEH0124,2018,23531,0.0194515668464188,2
MERCEDES-BENZ,SLK,R171,ROADSTER,GB,generation,VEH0124,2019,22923,0.023914411238475115,2
MERCEDES-BENZ,SLK,R171,ROADSTER,GB,generation,VEH0124,2020,22028,0.031208317740566944,2
MERCEDES-BENZ,SLK,R171,ROADSTER,GB,generation,VEH0124,2021,21621,0.028217878721110406,2
MERCEDES-BENZ,SLK,R171,ROADSTER,GB,generation,VEH0124,2022,20948,0.030032532305432607,3
MERCEDES-BENZ,SLK,R171,ROADSTER,GB,generation,VEH0124,2023,19951,0.03301170133577003,3
MERCEDES-BENZ,SLK,R171,ROADSTER,GB,generation,VEH0124,2024,18789,0.04679782413300929,3
MERCEDES-BENZ,SLK,R171,ROADSTER,GB,generation,VEH0124,2025,17923,0.05198612405592703,3
MERCEDES-BENZ,SLK,R171,ROADSTER,NL,generation,RDW,2026,3940,,3
MERCEDES-BENZ,CLK,C208,COUPE,GB,generation,VEH0124,2014,19922,,2
MERCEDES-BENZ,CLK,C208,COUPE,GB,generation,VEH0124,2015,17751,,3
MERCEDES-BENZ,CLK,C208,COUPE,GB,generation,VEH0124,2016,15523,,3
MERCEDES-BENZ,CLK,C208,COUPE,GB,generation,VEH0124,2017,12970,0.14306188346487345,3
MERCEDES-BENZ,CLK,C208,COUPE,GB,generation,VEH0124,2018,10827,0.16479961267796858,3
MERCEDES-BENZ,CLK,C208,COUPE,GB,generation,VEH0124,2019,8936,0.18407824442580178,3
MERCEDES-BENZ,CLK,C208,COUPE,GB,generation,VEH0124,2020,7337,0.18990298619883164,4
MERCEDES-BENZ,CLK,C208,COUPE,GB,generation,VEH0124,2021,5964,0.19876720580875626,4
MERCEDES-BENZ,CLK,C208,COUPE,GB,generation,VEH0124,2022,4938,0.1977092236146376,4
MERCEDES-BENZ,CLK,C208,COUPE,GB,generation,VEH0124,2023,3983,0.20363157851078384,4
MERCEDES-BENZ,CLK,C208,COUPE,GB,generation,VEH0124,2024,3176,0.21003961783920091,4
MERCEDES-BENZ,CLK,C208,COUPE,GB,generation,VEH0124,2025,2690,0.20247306576974644,5
MERCEDES-BENZ,CLK,C208,COUPE,NL,generation,RDW,2026,2356,,5
MERCEDES-BENZ,CLK,C209,COUPE,GB,generation,VEH0124,2014,38211,,1
MERCEDES-BENZ,CLK,C209,COUPE,GB,generation,VEH0124,2015,37195,,1
MERCEDES-BENZ,CLK,C209,COUPE,GB,generation,VEH0124,2016,36019,,2
MERCEDES-BENZ,CLK,C209,COUPE,GB,generation,VEH0124,2017,34481,0.03423832819353775,2
MERCEDES-BENZ,CLK,C209,COUPE,GB,generation,VEH0124,2018,32546,0.04450662346829404,2
MERCEDES-BENZ,CLK,C209,COUPE,GB,generation,VEH0124,2019,30389,0.056655292060639205,2
MERCEDES-BENZ,CLK,C209,COUPE,GB,generation,VEH0124,2020,28220,0.0667925004234835,2
MERCEDES-BENZ,CLK,C209,COUPE,GB,generation,VEH0124,2021,26351,0.0703827494356742,3
MERCEDES-BENZ,CLK,C209,COUPE,GB,generation,VEH0124,2022,24176,0.07624009843195978,3
MERCEDES-BENZ,CLK,C209,COUPE,GB,generation,VEH0124,2023,21868,0.08500218846397208,3
MERCEDES-BENZ,CLK,C209,COUPE,GB,generation,VEH0124,2024,19142,0.10654045038589526,3
MERCEDES-BENZ,CLK,C209,COUPE,GB,generation,VEH0124,2025,16744,0.12244014012889497,3
MERCEDES-BENZ,CLK,C209,COUPE,NL,generation,RDW,2026,2489,,4
MERCEDES-BENZ,SLS AMG,C197,SUPERCAR,GB,generation,VEH0124,2014,366,,0
MERCEDES-BENZ,SLS AMG,C197,SUPERCAR,GB,generation,VEH0124,2015,340,,0
MERCEDES-BENZ,SLS AMG,C197,SUPERCAR,GB,generation,VEH0124,2016,312,,0
MERCEDES-BENZ,SLS AMG,C197,SUPERCAR,GB,generation,VEH0124,2017,293,0.07415357479476607,1
MERCEDES-BENZ,SLS AMG,C197,SUPERCAR,GB,generation,VEH0124,2018,269,0.0780780793361228,1
MERCEDES-BENZ,SLS AMG,C197,SUPERCAR,GB,generation,VEH0124,2019,260,0.06077385226465163,1
MERCEDES-BENZ,SLS AMG,C197,SUPERCAR,GB,generation,VEH0124,2020,232,0.07781174578358592,1
MERCEDES-BENZ,SLS AMG,C197,SUPERCAR,GB,generation,VEH0124,2021,240,0.03802415208661595,1
MERCEDES-BENZ,SLS AMG,C197,SUPERCAR,GB,generation,VEH0124,2022,236,0.03228327532997236,2
MERCEDES-BENZ,SLS AMG,C197,SUPERCAR,GB,generation,VEH0124,2023,220,0.017703275104649308,2
MERCEDES-BENZ,SLS AMG,C197,SUPERCAR,GB,generation,VEH0124,2024,200,0.06077385226465163,2
MERCEDES-BENZ,SLS AMG,C197,SUPERCAR,GB,generation,VEH0124,2025,205,0.04694060862906735,2
MERCEDES-BENZ,SLS AMG,C197,SUPERCAR,NL,generation,RDW,2026,19,,2
MERCEDES-BENZ,SLR MCLAREN,C199,SUPERCAR,GB,generation,VEH0124,2014,26,,1
MERCEDES-BENZ,SLR MCLAREN,C199,SUPERCAR,GB,generation,VEH0124,2015,27,,1
MERCEDES-BENZ,SLR MCLAREN,C199,SUPERCAR,GB,generation,VEH0124,2016,23,,2
MERCEDES-BENZ,SLR MCLAREN,C199,SUPERCAR,GB,generation,VEH0124,2017,23,0.040867440697444156,2
MERCEDES-BENZ,SLR MCLAREN,C199,SUPERCAR,GB,generation,VEH0124,2018,17,0.154207840649371,2
MERCEDES-BENZ,SLR MCLAREN,C199,SUPERCAR,GB,generation,VEH0124,2019,21,0.030323926068575553,2
MERCEDES-BENZ,SLR MCLAREN,C199,SUPERCAR,GB,generation,VEH0124,2020,21,0.030323926068575553,2
MERCEDES-BENZ,SLR MCLAREN,C199,SUPERCAR,GB,generation,VEH0124,2021,20,-0.05417297649925823,3
MERCEDES-BENZ,SLR MCLAREN,C199,SUPERCAR,GB,generation,VEH0124,2022,20,0.016263388056477385,3
MERCEDES-BENZ,SLR MCLAREN,C199,SUPERCAR,GB,generation,VEH0124,2023,14,0.13515503603605486,3
MERCEDES-BENZ,SLR MCLAREN,C199,SUPERCAR,GB,generation,VEH0124,2024,13,0.14359430536415138,3
MERCEDES-BENZ,SLR MCLAREN,C199,SUPERCAR,GB,generation,VEH0124,2025,13,0.14359430536415138,3
MERCEDES-BENZ,SLR MCLAREN,C199,SUPERCAR,NL,generation,RDW,2026,35,,4
MERCEDES-BENZ,CL,C140,COUPE,GB,generation,VEH0124,2014,199,,3
MERCEDES-BENZ,CL,C140,COUPE,GB,generation,VEH0124,2015,165,,4
MERCEDES-BENZ,CL,C140,COUPE,GB,generation,VEH0124,2016,164,,4
MERCEDES-BENZ,CL,C140,COUPE,GB,generation,VEH0124,2017,148,0.09869751698679252,4
MERCEDES-BENZ,CL,C140,COUPE,GB,generation,VEH0124,2018,129,0.08204435651296944,4
MERCEDES-BENZ,CL,C140,COUPE,GB,generation,VEH0124,2019,123,0.09589402415059389,4
MERCEDES-BENZ,CL,C140,COUPE,GB,generation,VEH0124,2020,105,0.11441730786886388,5
MERCEDES-BENZ,CL,C140,COUPE,GB,generation,VEH0124,2021,96,0.09848807096461194,5
MERCEDES-BENZ,CL,C140,COUPE,GB,generation,VEH0124,2022,87,0.11542541223927778,5
MERCEDES-BENZ,CL,C140,COUPE,GB,generation,VEH0124,2023,76,0.10774233662373067,5
MERCEDES-BENZ,CL,C140,COUPE,GB,generation,VEH0124,2024,72,0.0958940241505936,5
MERCEDES-BENZ,CL,C140,COUPE,GB,generation,VEH0124,2025,61,0.11834475149375745,6
MERCEDES-BENZ,CL,C140,COUPE,NL,generation,RDW,2026,36,,6
MERCEDES-BENZ,CL,C215,COUPE,GB,generation,VEH0124,2014,2578,,2
MERCEDES-BENZ,CL,C215,COUPE,GB,generation,VEH0124,2015,2438,,2
MERCEDES-BENZ,CL,C215,COUPE,GB,generation,VEH0124,2016,2241,,2
MERCEDES-BENZ,CL,C215,COUPE,GB,generation,VEH0124,2017,2066,0.07379984460651616,3
MERCEDES-BENZ,CL,C215,COUPE,GB,generation,VEH0124,2018,1873,0.08787886919904271,3
MERCEDES-BENZ,CL,C215,COUPE,GB,generation,VEH0124,2019,1685,0.0950522103381551,3
MERCEDES-BENZ,CL,C215,COUPE,GB,generation,VEH0124,2020,1539,0.09816050528023486,3
MERCEDES-BENZ,CL,C215,COUPE,GB,generation,VEH0124,2021,1452,0.08486650235311573,3
MERCEDES-BENZ,CL,C215,COUPE,GB,generation,VEH0124,2022,1248,0.10007443128569626,4
MERCEDES-BENZ,CL,C215,COUPE,GB,generation,VEH0124,2023,1130,0.10297174071083119,4
MERCEDES-BENZ,CL,C215,COUPE,GB,generation,VEH0124,2024,946,0.14281820877762108,4
MERCEDES-BENZ,CL,C215,COUPE,GB,generation,VEH0124,2025,844,0.1303816847778053,4
MERCEDES-BENZ,CL,C215,COUPE,NL,generation,RDW,2026,377,,4
MERCEDES-BENZ,CL,C216,COUPE,GB,generation,VEH0124,2014,1795,,0
MERCEDES-BENZ,CL,C216,COUPE,GB,generation,VEH0124,2015,1736,,1
MERCEDES-BENZ,CL,C216,COUPE,GB,generation,VEH0124,2016,1696,,1
MERCEDES-BENZ,CL,C216,COUPE,GB,generation,VEH0124,2017,1659,0.026263336910645012,1
MERCEDES-BENZ,CL,C216,COUPE,GB,generation,VEH0124,2018,1576,0.03223120826749041,1
MERCEDES-BENZ,CL,C216,COUPE,GB,generation,VEH0124,2019,1545,0.031082875673334343,1
MERCEDES-BENZ,CL,C216,COUPE,GB,generation,VEH0124,2020,1479,0.03828294249321473,2
MERCEDES-BENZ,CL,C216,COUPE,GB,generation,VEH0124,2021,1425,0.03357272590502447,2
MERCEDES-BENZ,CL,C216,COUPE,GB,generation,VEH0124,2022,1352,0.0444796442429786,2
MERCEDES-BENZ,CL,C216,COUPE,GB,generation,VEH0124,2023,1271,0.05052073050711522,2
MERCEDES-BENZ,CL,C216,COUPE,GB,generation,VEH0124,2024,1143,0.07350514296931365,2
MERCEDES-BENZ,CL,C216,COUPE,GB,generation,VEH0124,2025,1107,0.0666437746314242,3
MERCEDES-BENZ,CL,C216,COUPE,NL,generation,RDW,2026,268,,3
MERCEDES-BENZ,S-CLASS,W140,PREMIUM,GB,generation,VEH0124,2014,1428,,4
MERCEDES-BENZ,S-CLASS,W140,PREMIUM,GB,generation,VEH0124,2015,1237,,4
MERCEDES-BENZ,S-CLASS,W140,PREMIUM,GB,generation,VEH0124,2016,1112,,4
MERCEDES-BENZ,S-CLASS,W140,PREMIUM,GB,generation,VEH0124,2017,976,0.12685585216214582,4
MERCEDES-BENZ,S-CLASS,W140,PREMIUM,GB,generation,VEH0124,2018,853,0.12389494163360275,4
MERCEDES-BENZ,S-CLASS,W140,PREMIUM,GB,generation,VEH0124,2019,724,0.14304136080827057,5
MERCEDES-BENZ,S-CLASS,W140,PREMIUM,GB,generation,VEH0124,2020,629,0.1464437765708837,5
MERCEDES-BENZ,S-CLASS,W140,PREMIUM,GB,generation,VEH0124,2021,560,0.14027425458749487,5
MERCEDES-BENZ,S-CLASS,W140,PREMIUM,GB,generation,VEH0124,2022,482,0.1356157594450386,5
MERCEDES-BENZ,S-CLASS,W140,PREMIUM,GB,generation,VEH0124,2023,397,0.15339832533775008,5
MERCEDES-BENZ,S-CLASS,W140,PREMIUM,GB,generation,VEH0124,2024,348,0.15857810131824004,6
MERCEDES-BENZ,S-CLASS,W140,PREMIUM,GB,generation,VEH0124,2025,324,0.13240019941942371,6
MERCEDES-BENZ,S-CLASS,W140,PREMIUM,NL,generation,RDW,2026,376,,6
MERCEDES-BENZ,S-CLASS,W220,PREMIUM,GB,generation,VEH0124,2014,9446,,2
MERCEDES-BENZ,S-CLASS,W220,PREMIUM,GB,generation,VEH0124,2015,8747,,2
MERCEDES-BENZ,S-CLASS,W220,PREMIUM,GB,generation,VEH0124,2016,7895,,3
MERCEDES-BENZ,S-CLASS,W220,PREMIUM,GB,generation,VEH0124,2017,6902,0.10459338226603816,3
MERCEDES-BENZ,S-CLASS,W220,PREMIUM,GB,generation,VEH0124,2018,5819,0.1358607862543947,3
MERCEDES-BENZ,S-CLASS,W220,PREMIUM,GB,generation,VEH0124,2019,4930,0.1569635532176689,3
MERCEDES-BENZ,S-CLASS,W220,PREMIUM,GB,generation,VEH0124,2020,4144,0.17004990657287658,3
MERCEDES-BENZ,S-CLASS,W220,PREMIUM,GB,generation,VEH0124,2021,3475,0.17184464888592585,4
MERCEDES-BENZ,S-CLASS,W220,PREMIUM,GB,generation,VEH0124,2022,2867,0.18069093371778897,4
MERCEDES-BENZ,S-CLASS,W220,PREMIUM,GB,generation,VEH0124,2023,2294,0.1971214954166678,4
MERCEDES-BENZ,S-CLASS,W220,PREMIUM,GB,generation,VEH0124,2024,1826,0.21448889894799303,4
MERCEDES-BENZ,S-CLASS,W220,PREMIUM,GB,generation,VEH0124,2025,1521,0.21129939120802574,4
MERCEDES-BENZ,S-CLASS,W220,PREMIUM,NL,generation,RDW,2026,1503,,5
MERCEDES-BENZ,S-CLASS,W221,PREMIUM,GB,generation,VEH0124,2014,12774,,1
MERCEDES-BENZ,S-CLASS,W221,PREMIUM,GB,generation,VEH0124,2015,12481,,1
MERCEDES-BENZ,S-CLASS,W221,PREMIUM,GB,generation,VEH0124,2016,12041,,1
MERCEDES-BENZ,S-CLASS,W221,PREMIUM,GB,generation,VEH0124,2017,11401,0.03790359476260482,1
MERCEDES-BENZ,S-CLASS,W221,PREMIUM,GB,generation,VEH0124,2018,10775,0.048992950648835056,1
MERCEDES-BENZ,S-CLASS,W221,PREMIUM,GB,generation,VEH0124,2019,10076,0.05938704480657305,2
MERCEDES-BENZ,S-CLASS,W221,PREMIUM,GB,generation,VEH0124,2020,9369,0.06543156796084422,2
MERCEDES-BENZ,S-CLASS,W221,PREMIUM,GB,generation,VEH0124,2021,8911,0.06331405578640965,2
MERCEDES-BENZ,S-CLASS,W221,PREMIUM,GB,generation,VEH0124,2022,8368,0.061913817055932206,2
MERCEDES-BENZ,S-CLASS,W221,PREMIUM,GB,generation,VEH0124,2023,7647,0.06769765096898735,2
MERCEDES-BENZ,S-CLASS,W221,PREMIUM,GB,generation,VEH0124,2024,6721,0.09401650521425135,3
MERCEDES-BENZ,S-CLASS,W221,PREMIUM,GB,generation,VEH0124,2025,6048,0.10822908948177812,3
MERCEDES-BENZ,S-CLASS,W221,PREMIUM,NL,generation,RDW,2026,2117,,3
MG,MGF,MGF,ROADSTER,GB,generation,VEH0124,2014,12890,,3
MG,MGF,MGF,ROADSTER,GB,generation,VEH0124,2015,11360,,3
MG,MGF,MGF,ROADSTER,GB,generation,VEH0124,2016,9878,,3
MG,MGF,MGF,ROADSTER,GB,generation,VEH0124,2017,8407,0.1424623749326456,3
MG,MGF,MGF,ROADSTER,GB,generation,VEH0124,2018,7231,0.1505736913667306,4
MG,MGF,MGF,ROADSTER,GB,generation,VEH0124,2019,6343,0.1476527398222244,4
MG,MGF,MGF,ROADSTER,GB,generation,VEH0124,2020,5521,0.14016856295041732,4
MG,MGF,MGF,ROADSTER,GB,generation,VEH0124,2021,5160,0.11248025323311417,4
MG,MGF,MGF,ROADSTER,GB,generation,VEH0124,2022,4560,0.11000973970848804,4
MG,MGF,MGF,ROADSTER,GB,generation,VEH0124,2023,3909,0.11509247216369663,5
MG,MGF,MGF,ROADSTER,GB,generation,VEH0124,2024,3442,0.1349612939013749,5
MG,MGF,MGF,ROADSTER,GB,generation,VEH0124,2025,3067,0.13220757946472675,5
MG,MGF,MGF,ROADSTER,NL,generation,RDW,2026,1472,,5
MG,TF,TF,ROADSTER,GB,generation,VEH0124,2014,17051,,1
MG,TF,TF,ROADSTER,GB,generation,VEH0124,2015,15674,,1
MG,TF,TF,ROADSTER,GB,generation,VEH0124,2016,14212,,2
MG,TF,TF,ROADSTER,GB,generation,VEH0124,2017,12666,0.09909587164725824,2
MG,TF,TF,ROADSTER,GB,generation,VEH0124,2018,11462,0.10432202416704268,2
MG,TF,TF,ROADSTER,GB,generation,VEH0124,2019,10302,0.10724954233846222,2
MG,TF,TF,ROADSTER,GB,generation,VEH0124,2020,9224,0.10570415170916074,2
MG,TF,TF,ROADSTER,GB,generation,VEH0124,2021,8710,0.09152180842171138,3
MG,TF,TF,ROADSTER,GB,generation,VEH0124,2022,8032,0.08296816273133996,3
MG,TF,TF,ROADSTER,GB,generation,VEH0124,2023,7131,0.08578576864019698,3
MG,TF,TF,ROADSTER,GB,generation,VEH0124,2024,6449,0.10018223694539034,3
MG,TF,TF,ROADSTER,GB,generation,VEH0124,2025,5902,0.10271409547620831,3
MG,TF,TF,ROADSTER,NL,generation,RDW,2026,961,,4
MG,RV8,RV8,ROADSTER,GB,generation,VEH0124,2014,352,,4
MG,RV8,RV8,ROADSTER,GB,generation,VEH0124,2015,351,,4
MG,RV8,RV8,ROADSTER,GB,generation,VEH0124,2016,345,,4
MG,RV8,RV8,ROADSTER,GB,generation,VEH0124,2017,345,0.006695586188912195,4
MG,RV8,RV8,ROADSTER,GB,generation,VEH0124,2018,320,0.030821742557364473,5
MG,RV8,RV8,ROADSTER,GB,generation,VEH0124,2019,325,0.019906411567207627,5
MG,RV8,RV8,ROADSTER,GB,generation,VEH0124,2020,299,0.04770028121355777,5
MG,RV8,RV8,ROADSTER,GB,generation,VEH0124,2021,289,0.03396476922711322,5
MG,RV8,RV8,ROADSTER,GB,generation,VEH0124,2022,276,0.05447477220419591,5
MG,RV8,RV8,ROADSTER,GB,generation,VEH0124,2023,266,0.03898242153632925,6
MG,RV8,RV8,ROADSTER,GB,generation,VEH0124,2024,262,0.032694061450445254,6
MG,RV8,RV8,ROADSTER,GB,generation,VEH0124,2025,246,0.03835644326159571,6
MG,RV8,RV8,ROADSTER,NL,generation,RDW,2026,48,,6
MINI,COOPER S,R53,GTI,GB,generation,VEH0124,2014,33088,,2
MINI,COOPER S,R53,GTI,GB,generation,VEH0124,2015,31961,,2
MINI,COOPER S,R53,GTI,GB,generation,VEH0124,2016,30752,,2
MINI,COOPER S,R53,GTI,GB,generation,VEH0124,2017,28878,0.04536353977897889,2
MINI,COOPER S,R53,GTI,GB,generation,VEH0124,2018,26917,0.05725278408702117,2
MINI,COOPER S,R53,GTI,GB,generation,VEH0124,2019,24740,0.07251122194117994,3
MINI,COOPER S,R53,GTI,GB,generation,VEH0124,2020,22637,0.08116477460934608,3
MINI,COOPER S,R53,GTI,GB,generation,VEH0124,2021,20927,0.08390595533345764,3
MINI,COOPER S,R53,GTI,GB,generation,VEH0124,2022,19084,0.08652369310349428,3
MINI,COOPER S,R53,GTI,GB,generation,VEH0124,2023,16958,0.0962820122797255,3
MINI,COOPER S,R53,GTI,GB,generation,VEH0124,2024,14785,0.1158090126513643,4
MINI,COOPER S,R53,GTI,GB,generation,VEH0124,2025,13026,0.12730097584321656,4
MINI,COOPER S,R53,GTI,NL,generation,RDW,2026,3407,,4
MINI,COOPER S,R56,GTI,GB,generation,VEH0124,2014,38629,,1
MINI,COOPER S,R56,GTI,GB,generation,VEH0124,2015,38156,,1
MINI,COOPER S,R56,GTI,GB,generation,VEH0124,2016,37673,,1
MINI,COOPER S,R56,GTI,GB,generation,VEH0124,2017,37164,0.012887579649146849,1
MINI,COOPER S,R56,GTI,GB,generation,VEH0124,2018,36208,0.01746764346392678,1
MINI,COOPER S,R56,GTI,GB,generation,VEH0124,2019,35248,0.02217828914765067,2
MINI,COOPER S,R56,GTI,GB,generation,VEH0124,2020,34389,0.025867934992694686,2
MINI,COOPER S,R56,GTI,GB,generation,VEH0124,2021,33260,0.0283082050421329,2
MINI,COOPER S,R56,GTI,GB,generation,VEH0124,2022,32116,0.03101814724584943,2
MINI,COOPER S,R56,GTI,GB,generation,VEH0124,2023,30408,0.041010338038011795,2
MINI,COOPER S,R56,GTI,GB,generation,VEH0124,2024,28285,0.0540079483232212,3
MINI,COOPER S,R56,GTI,GB,generation,VEH0124,2025,26456,0.06462379088098243,3
MINI,COOPER S,R56,GTI,NL,generation,RDW,2026,6204,,3
MITSUBISHI,LANCER EVOLUTION,V_VI,SPORTIVE,GB,generation,VEH0124,2014,11,,3
MITSUBISHI,LANCER EVOLUTION,V_VI,SPORTIVE,GB,generation,VEH0124,2015,8,,3
MITSUBISHI,LANCER EVOLUTION,V_VI,SPORTIVE,GB,generation,VEH0124,2016,9,,3
MITSUBISHI,LANCER EVOLUTION,V_VI,SPORTIVE,GB,generation,VEH0124,2017,9,0.06689023182071703,3
MITSUBISHI,LANCER EVOLUTION,V_VI,SPORTIVE,GB,generation,VEH0124,2018,9,-0.03926101188546127,3
MITSUBISHI,LANCER EVOLUTION,V_VI,SPORTIVE,GB,generation,VEH0124,2019,8,0.03926101188546127,4
MITSUBISHI,LANCER EVOLUTION,V_VI,SPORTIVE,GB,generation,VEH0124,2020,8,0.03926101188546127,4
MITSUBISHI,LANCER EVOLUTION,V_VI,SPORTIVE,GB,generation,VEH0124,2021,6,0.13515503603605486,4
MITSUBISHI,LANCER EVOLUTION,V_VI,SPORTIVE,GB,generation,VEH0124,2022,4,0.2310490601866484,4
MITSUBISHI,LANCER EVOLUTION,V_VI,SPORTIVE,GB,generation,VEH0124,2023,4,0.2310490601866484,4
MITSUBISHI,LANCER EVOLUTION,V_VI,SPORTIVE,GB,generation,VEH0124,2024,3,0.2310490601866484,5
MITSUBISHI,LANCER EVOLUTION,V_VI,SPORTIVE,GB,generation,VEH0124,2025,3,0.0958940241505936,5
MITSUBISHI,LANCER EVOLUTION,V_VI,SPORTIVE,NL,generation,RDW,2026,35,,5
MITSUBISHI,LANCER EVOLUTION,VII_IX,SPORTIVE,GB,generation,VEH0124,2014,1204,,2
MITSUBISHI,LANCER EVOLUTION,VII_IX,SPORTIVE,GB,generation,VEH0124,2015,1130,,2
MITSUBISHI,LANCER EVOLUTION,VII_IX,SPORTIVE,GB,generation,VEH0124,2016,1025,,2
MITSUBISHI,LANCER EVOLUTION,VII_IX,SPORTIVE,GB,generation,VEH0124,2017,921,0.08931486320448645,2
MITSUBISHI,LANCER EVOLUTION,VII_IX,SPORTIVE,GB,generation,VEH0124,2018,805,0.1130435447626074,2
MITSUBISHI,LANCER EVOLUTION,VII_IX,SPORTIVE,GB,generation,VEH0124,2019,747,0.10546090214656385,3
MITSUBISHI,LANCER EVOLUTION,VII_IX,SPORTIVE,GB,generation,VEH0124,2020,663,0.10956168202314813,3
MITSUBISHI,LANCER EVOLUTION,VII_IX,SPORTIVE,GB,generation,VEH0124,2021,597,0.09964172134198712,3
MITSUBISHI,LANCER EVOLUTION,VII_IX,SPORTIVE,GB,generation,VEH0124,2022,542,0.10693306123105699,3
MITSUBISHI,LANCER EVOLUTION,VII_IX,SPORTIVE,GB,generation,VEH0124,2023,492,0.09943209123118486,3
MITSUBISHI,LANCER EVOLUTION,VII_IX,SPORTIVE,GB,generation,VEH0124,2024,477,0.07480020750142025,4
MITSUBISHI,LANCER EVOLUTION,VII_IX,SPORTIVE,GB,generation,VEH0124,2025,420,0.08500376338741085,4
MITSUBISHI,LANCER EVOLUTION,VII_IX,SPORTIVE,NL,generation,RDW,2026,108,,4
MITSUBISHI,LANCER EVOLUTION,X,SPORTIVE,GB,generation,VEH0124,2014,969,,0
MITSUBISHI,LANCER EVOLUTION,X,SPORTIVE,GB,generation,VEH0124,2015,962,,0
MITSUBISHI,LANCER EVOLUTION,X,SPORTIVE,GB,generation,VEH0124,2016,889,,0
MITSUBISHI,LANCER EVOLUTION,X,SPORTIVE,GB,generation,VEH0124,2017,852,0.042892695020483686,1
MITSUBISHI,LANCER EVOLUTION,X,SPORTIVE,GB,generation,VEH0124,2018,797,0.06271992395849708,1
MITSUBISHI,LANCER EVOLUTION,X,SPORTIVE,GB,generation,VEH0124,2019,757,0.05357799402548539,1
MITSUBISHI,LANCER EVOLUTION,X,SPORTIVE,GB,generation,VEH0124,2020,708,0.06171414437853192,1
MITSUBISHI,LANCER EVOLUTION,X,SPORTIVE,GB,generation,VEH0124,2021,676,0.05488720091575031,1
MITSUBISHI,LANCER EVOLUTION,X,SPORTIVE,GB,generation,VEH0124,2022,634,0.05910476633340759,2
MITSUBISHI,LANCER EVOLUTION,X,SPORTIVE,GB,generation,VEH0124,2023,570,0.07226924428837449,2
MITSUBISHI,LANCER EVOLUTION,X,SPORTIVE,GB,generation,VEH0124,2024,559,0.06334786762928839,2
MITSUBISHI,LANCER EVOLUTION,X,SPORTIVE,GB,generation,VEH0124,2025,526,0.06224924723317186,2
MITSUBISHI,LANCER EVOLUTION,X,SPORTIVE,NL,generation,RDW,2026,60,,2
MITSUBISHI,3000GT,Z16A,COUPE,GB,generation,VEH0124,2014,305,,3
MITSUBISHI,3000GT,Z16A,COUPE,GB,generation,VEH0124,2015,293,,4
MITSUBISHI,3000GT,Z16A,COUPE,GB,generation,VEH0124,2016,271,,4
MITSUBISHI,3000GT,Z16A,COUPE,GB,generation,VEH0124,2017,237,0.08408387849076011,4
MITSUBISHI,3000GT,Z16A,COUPE,GB,generation,VEH0124,2018,208,0.11421150977191659,4
MITSUBISHI,3000GT,Z16A,COUPE,GB,generation,VEH0124,2019,200,0.10126715144388825,4
MITSUBISHI,3000GT,Z16A,COUPE,GB,generation,VEH0124,2020,180,0.09170109674830702,5
MITSUBISHI,3000GT,Z16A,COUPE,GB,generation,VEH0124,2021,155,0.09803765426069037,5
MITSUBISHI,3000GT,Z16A,COUPE,GB,generation,VEH0124,2022,135,0.13101419603653555,5
MITSUBISHI,3000GT,Z16A,COUPE,GB,generation,VEH0124,2023,112,0.15815265986503876,5
MITSUBISHI,3000GT,Z16A,COUPE,GB,generation,VEH0124,2024,112,0.10830874854138421,5
MITSUBISHI,3000GT,Z16A,COUPE,GB,generation,VEH0124,2025,116,0.050561529110688376,6
MITSUBISHI,3000GT,Z16A,COUPE,NL,generation,RDW,2026,87,,6
MITSUBISHI,FTO,DE,COUPE,GB,generation,VEH0124,2014,239,,3
MITSUBISHI,FTO,DE,COUPE,GB,generation,VEH0124,2015,201,,3
MITSUBISHI,FTO,DE,COUPE,GB,generation,VEH0124,2016,153,,3
MITSUBISHI,FTO,DE,COUPE,GB,generation,VEH0124,2017,111,0.25564445020639237,4
MITSUBISHI,FTO,DE,COUPE,GB,generation,VEH0124,2018,93,0.2569018049686065,4
MITSUBISHI,FTO,DE,COUPE,GB,generation,VEH0124,2019,61,0.3065213524063746,4
MITSUBISHI,FTO,DE,COUPE,GB,generation,VEH0124,2020,55,0.2340656720266209,4
MITSUBISHI,FTO,DE,COUPE,GB,generation,VEH0124,2021,47,0.22748396381439928,4
MITSUBISHI,FTO,DE,COUPE,GB,generation,VEH0124,2022,51,0.05968274381632854,5
MITSUBISHI,FTO,DE,COUPE,GB,generation,VEH0124,2023,46,0.059563929581125365,5
MITSUBISHI,FTO,DE,COUPE,GB,generation,VEH0124,2024,41,0.04552517833525016,5
MITSUBISHI,FTO,DE,COUPE,GB,generation,VEH0124,2025,38,0.09807982433264668,5
MITSUBISHI,FTO,DE,COUPE,NL,generation,RDW,2026,23,,5
MITSUBISHI,ECLIPSE,1G_2G,COUPE,GB,generation,VEH0124,2014,29,,4
MITSUBISHI,ECLIPSE,1G_2G,COUPE,GB,generation,VEH0124,2015,32,,4
MITSUBISHI,ECLIPSE,1G_2G,COUPE,GB,generation,VEH0124,2016,30,,4
MITSUBISHI,ECLIPSE,1G_2G,COUPE,GB,generation,VEH0124,2017,20,0.12385451881082776,4
MITSUBISHI,ECLIPSE,1G_2G,COUPE,GB,generation,VEH0124,2018,24,0.0958940241505936,4
MITSUBISHI,ECLIPSE,1G_2G,COUPE,GB,generation,VEH0124,2019,25,0.06077385226465163,5
MITSUBISHI,ECLIPSE,1G_2G,COUPE,GB,generation,VEH0124,2020,24,-0.06077385226465163,5
MITSUBISHI,ECLIPSE,1G_2G,COUPE,GB,generation,VEH0124,2021,22,0.02900379232987656,5
MITSUBISHI,ECLIPSE,1G_2G,COUPE,GB,generation,VEH0124,2022,17,0.12855416027066147,5
MITSUBISHI,ECLIPSE,1G_2G,COUPE,GB,generation,VEH0124,2023,15,0.15666787641524524,5
MITSUBISHI,ECLIPSE,1G_2G,COUPE,GB,generation,VEH0124,2024,16,0.1061512437061783,6
MITSUBISHI,ECLIPSE,1G_2G,COUPE,GB,generation,VEH0124,2025,13,0.08942132886489314,6
MITSUBISHI,ECLIPSE,1G_2G,COUPE,NL,generation,RDW,2026,218,,6
NISSAN,SKYLINE GT-R,R32,SPORTIVE,NL,generation,RDW,2026,16,,7
NISSAN,SKYLINE GT-R,R33,SPORTIVE,GB,generation,VEH0124,2014,27,,3
NISSAN,SKYLINE GT-R,R33,SPORTIVE,GB,generation,VEH0124,2015,26,,3
NISSAN,SKYLINE GT-R,R33,SPORTIVE,GB,generation,VEH0124,2016,22,,4
NISSAN,SKYLINE GT-R,R33,SPORTIVE,GB,generation,VEH0124,2017,22,0.06826480421533769,4
NISSAN,SKYLINE GT-R,R33,SPORTIVE,GB,generation,VEH0124,2018,20,0.0874547548224971,4
NISSAN,SKYLINE GT-R,R33,SPORTIVE,GB,generation,VEH0124,2019,21,0.015506671878297684,4
NISSAN,SKYLINE GT-R,R33,SPORTIVE,GB,generation,VEH0124,2020,19,0.048867824730625266,4
NISSAN,SKYLINE GT-R,R33,SPORTIVE,GB,generation,VEH0124,2021,20,0.0,5
NISSAN,SKYLINE GT-R,R33,SPORTIVE,GB,generation,VEH0124,2022,13,0.15985769342062875,5
NISSAN,SKYLINE GT-R,R33,SPORTIVE,GB,generation,VEH0124,2023,10,0.21395129539079813,5
NISSAN,SKYLINE GT-R,R33,SPORTIVE,GB,generation,VEH0124,2024,12,0.17027520792199682,5
NISSAN,SKYLINE GT-R,R33,SPORTIVE,GB,generation,VEH0124,2025,12,0.02668090255784546,5
NISSAN,SKYLINE GT-R,R33,SPORTIVE,NL,generation,RDW,2026,22,,6
NISSAN,SKYLINE GT-R,R34,SPORTIVE,GB,generation,VEH0124,2014,29,,2
NISSAN,SKYLINE GT-R,R34,SPORTIVE,GB,generation,VEH0124,2015,31,,3
NISSAN,SKYLINE GT-R,R34,SPORTIVE,GB,generation,VEH0124,2016,30,,3
NISSAN,SKYLINE GT-R,R34,SPORTIVE,GB,generation,VEH0124,2017,20,0.12385451881082776,3
NISSAN,SKYLINE GT-R,R34,SPORTIVE,GB,generation,VEH0124,2018,22,0.11431491704227674,3
NISSAN,SKYLINE GT-R,R34,SPORTIVE,GB,generation,VEH0124,2019,19,0.15225280083190507,3
NISSAN,SKYLINE GT-R,R34,SPORTIVE,GB,generation,VEH0124,2020,19,0.017097764795850196,4
NISSAN,SKYLINE GT-R,R34,SPORTIVE,GB,generation,VEH0124,2021,15,0.12766408408536867,4
NISSAN,SKYLINE GT-R,R34,SPORTIVE,GB,generation,VEH0124,2022,18,0.018022407090091914,4
NISSAN,SKYLINE GT-R,R34,SPORTIVE,GB,generation,VEH0124,2023,14,0.10179388318372729,4
NISSAN,SKYLINE GT-R,R34,SPORTIVE,GB,generation,VEH0124,2024,12,0.07438118377140324,4
NISSAN,SKYLINE GT-R,R34,SPORTIVE,GB,generation,VEH0124,2025,10,0.1959288883007062,5
NISSAN,SKYLINE GT-R,R34,SPORTIVE,NL,generation,RDW,2026,14,,5
NISSAN,GT-R,R35,SUPERCAR,GB,generation,VEH0124,2014,1822,,0
NISSAN,GT-R,R35,SUPERCAR,GB,generation,VEH0124,2015,1985,,0
NISSAN,GT-R,R35,SUPERCAR,GB,generation,VEH0124,2016,2059,,0
NISSAN,GT-R,R35,SUPERCAR,GB,generation,VEH0124,2017,2263,-0.0722521892712112,0
NISSAN,GT-R,R35,SUPERCAR,GB,generation,VEH0124,2018,2334,-0.05398820657507031,0
NISSAN,GT-R,R35,SUPERCAR,GB,generation,VEH0124,2019,2360,-0.045480396997288786,1
NISSAN,GT-R,R35,SUPERCAR,GB,generation,VEH0124,2020,2275,-0.001762895250504511,1
NISSAN,GT-R,R35,SUPERCAR,GB,generation,VEH0124,2021,2225,0.015942206082053545,1
NISSAN,GT-R,R35,SUPERCAR,GB,generation,VEH0124,2022,2037,0.049061160597616706,1
NISSAN,GT-R,R35,SUPERCAR,GB,generation,VEH0124,2023,1933,0.054302284058906615,1
NISSAN,GT-R,R35,SUPERCAR,GB,generation,VEH0124,2024,1829,0.0653291820698249,2
NISSAN,GT-R,R35,SUPERCAR,GB,generation,VEH0124,2025,1796,0.04197205578822002,2
NISSAN,GT-R,R35,SUPERCAR,NL,generation,RDW,2026,208,,2
NISSAN,300ZX,Z32,SPORTIVE,GB,generation,VEH0124,2014,404,,4
NISSAN,300ZX,Z32,SPORTIVE,GB,generation,VEH0124,2015,366,,4
NISSAN,300ZX,Z32,SPORTIVE,GB,generation,VEH0124,2016,347,,4
NISSAN,300ZX,Z32,SPORTIVE,GB,generation,VEH0124,2017,306,0.0926099253362566,4
NISSAN,300ZX,Z32,SPORTIVE,GB,generation,VEH0124,2018,286,0.0822138408605045,4
NISSAN,300ZX,Z32,SPORTIVE,GB,generation,VEH0124,2019,246,0.11466441467149895,5
NISSAN,300ZX,Z32,SPORTIVE,GB,generation,VEH0124,2020,238,0.08377147609363522,5
NISSAN,300ZX,Z32,SPORTIVE,GB,generation,VEH0124,2021,214,0.09667193193266706,5
NISSAN,300ZX,Z32,SPORTIVE,GB,generation,VEH0124,2022,206,0.05915178904759374,5
NISSAN,300ZX,Z32,SPORTIVE,GB,generation,VEH0124,2023,190,0.07508220050366295,5
NISSAN,300ZX,Z32,SPORTIVE,GB,generation,VEH0124,2024,165,0.08667684704042362,6
NISSAN,300ZX,Z32,SPORTIVE,GB,generation,VEH0124,2025,175,0.054363398288688934,6
NISSAN,300ZX,Z32,SPORTIVE,NL,generation,RDW,2026,340,,6
NISSAN,350Z,Z33,SPORTIVE,GB,generation,VEH0124,2014,6984,,1
NISSAN,350Z,Z33,SPORTIVE,GB,generation,VEH0124,2015,6765,,2
NISSAN,350Z,Z33,SPORTIVE,GB,generation,VEH0124,2016,6447,,2
NISSAN,350Z,Z33,SPORTIVE,GB,generation,VEH0124,2017,6166,0.04152382969111438,2
NISSAN,350Z,Z33,SPORTIVE,GB,generation,VEH0124,2018,5767,0.0532034156631583,2
NISSAN,350Z,Z33,SPORTIVE,GB,generation,VEH0124,2019,5307,0.06486273416090842,2
NISSAN,350Z,Z33,SPORTIVE,GB,generation,VEH0124,2020,4882,0.07783178583106339,3
NISSAN,350Z,Z33,SPORTIVE,GB,generation,VEH0124,2021,4707,0.067700417404757,3
NISSAN,350Z,Z33,SPORTIVE,GB,generation,VEH0124,2022,4366,0.06505981523933475,3
NISSAN,350Z,Z33,SPORTIVE,GB,generation,VEH0124,2023,3966,0.06926564729105482,3
NISSAN,350Z,Z33,SPORTIVE,GB,generation,VEH0124,2024,3558,0.09328405772512068,3
NISSAN,350Z,Z33,SPORTIVE,GB,generation,VEH0124,2025,3242,0.09921894493808973,4
NISSAN,350Z,Z33,SPORTIVE,NL,generation,RDW,2026,830,,4
NISSAN,370Z,Z34,SPORTIVE,GB,generation,VEH0124,2014,1816,,0
NISSAN,370Z,Z34,SPORTIVE,GB,generation,VEH0124,2015,1950,,0
NISSAN,370Z,Z34,SPORTIVE,GB,generation,VEH0124,2016,2100,,0
NISSAN,370Z,Z34,SPORTIVE,GB,generation,VEH0124,2017,2238,-0.06964877657021074,0
NISSAN,370Z,Z34,SPORTIVE,GB,generation,VEH0124,2018,2259,-0.04903095497007026,0
NISSAN,370Z,Z34,SPORTIVE,GB,generation,VEH0124,2019,2348,-0.037208852412157434,1
NISSAN,370Z,Z34,SPORTIVE,GB,generation,VEH0124,2020,2405,-0.023989097889330385,1
NISSAN,370Z,Z34,SPORTIVE,GB,generation,VEH0124,2021,2299,-0.005850669431726037,1
NISSAN,370Z,Z34,SPORTIVE,GB,generation,VEH0124,2022,2271,0.011114546280809398,1
NISSAN,370Z,Z34,SPORTIVE,GB,generation,VEH0124,2023,2194,0.030607847234895402,1
NISSAN,370Z,Z34,SPORTIVE,GB,generation,VEH0124,2024,2077,0.03384990029568987,2
NISSAN,370Z,Z34,SPORTIVE,GB,generation,VEH0124,2025,2044,0.03510386359398776,2
NISSAN,370Z,Z34,SPORTIVE,NL,generation,RDW,2026,254,,2
NISSAN,200SX,S13,COUPE,GB,generation,VEH0124,2014,369,,4
NISSAN,200SX,S13,COUPE,GB,generation,VEH0124,2015,357,,5
NISSAN,200SX,S13,COUPE,GB,generation,VEH0124,2016,326,,5
NISSAN,200SX,S13,COUPE,GB,generation,VEH0124,2017,287,0.08377147609363522,5
NISSAN,200SX,S13,COUPE,GB,generation,VEH0124,2018,263,0.10186058320062467,5
NISSAN,200SX,S13,COUPE,GB,generation,VEH0124,2019,241,0.10070014929201765,5
NISSAN,200SX,S13,COUPE,GB,generation,VEH0124,2020,216,0.0947346026918187,6
NISSAN,200SX,S13,COUPE,GB,generation,VEH0124,2021,190,0.10837665333909285,6
NISSAN,200SX,S13,COUPE,GB,generation,VEH0124,2022,173,0.11050177966429182,6
NISSAN,200SX,S13,COUPE,GB,generation,VEH0124,2023,177,0.06637622503677883,6
NISSAN,200SX,S13,COUPE,GB,generation,VEH0124,2024,193,-0.005222038914799813,6
NISSAN,200SX,S13,COUPE,GB,generation,VEH0124,2025,166,0.013767935380411878,7
NISSAN,200SX,S13,COUPE,NL,generation,RDW,2026,197,,7
NISSAN,200SX,S14,COUPE,GB,generation,VEH0124,2014,967,,3
NISSAN,200SX,S14,COUPE,GB,generation,VEH0124,2015,902,,3
NISSAN,200SX,S14,COUPE,GB,generation,VEH0124,2016,772,,4
NISSAN,200SX,S14,COUPE,GB,generation,VEH0124,2017,708,0.1039181339198582,4
NISSAN,200SX,S14,COUPE,GB,generation,VEH0124,2018,610,0.13038518763175558,4
NISSAN,200SX,S14,COUPE,GB,generation,VEH0124,2019,547,0.11484524920093175,4
NISSAN,200SX,S14,COUPE,GB,generation,VEH0124,2020,476,0.1323420798207664,4
NISSAN,200SX,S14,COUPE,GB,generation,VEH0124,2021,451,0.10066387255489288,5
NISSAN,200SX,S14,COUPE,GB,generation,VEH0124,2022,398,0.10599893237918116,5
NISSAN,200SX,S14,COUPE,GB,generation,VEH0124,2023,348,0.10440512481898197,5
NISSAN,200SX,S14,COUPE,GB,generation,VEH0124,2024,311,0.12389147577448156,5
NISSAN,200SX,S14,COUPE,GB,generation,VEH0124,2025,300,0.09422317687607891,5
NISSAN,200SX,S14,COUPE,NL,generation,RDW,2026,103,,6
NISSAN,SUNNY GTI-R,N14,GTI,GB,generation,VEH0124,2014,22,,4
NISSAN,SUNNY GTI-R,N14,GTI,GB,generation,VEH0124,2015,19,,4
NISSAN,SUNNY GTI-R,N14,GTI,GB,generation,VEH0124,2016,19,,4
NISSAN,SUNNY GTI-R,N14,GTI,GB,generation,VEH0124,2017,22,0.0,5
NISSAN,SUNNY GTI-R,N14,GTI,GB,generation,VEH0124,2018,22,-0.048867824730625266,5
NISSAN,SUNNY GTI-R,N14,GTI,GB,generation,VEH0124,2019,19,0.0,5
NISSAN,SUNNY GTI-R,N14,GTI,GB,generation,VEH0124,2020,17,0.0859430364340333,5
NISSAN,SUNNY GTI-R,N14,GTI,GB,generation,VEH0124,2021,21,0.015506671878297684,5
NISSAN,SUNNY GTI-R,N14,GTI,GB,generation,VEH0124,2022,11,0.1821812354560232,6
NISSAN,SUNNY GTI-R,N14,GTI,GB,generation,VEH0124,2023,12,0.11610223142273861,6
NISSAN,SUNNY GTI-R,N14,GTI,GB,generation,VEH0124,2024,11,0.2155423883083508,6
NISSAN,SUNNY GTI-R,N14,GTI,GB,generation,VEH0124,2025,16,-0.12489781648047016,6
NISSAN,SUNNY GTI-R,N14,GTI,NL,generation,RDW,2026,20,,6
OPEL,CALIBRA,A,COUPE,GB,generation,VEH0124,2014,1217,,4
OPEL,CALIBRA,A,COUPE,GB,generation,VEH0124,2015,1021,,4
OPEL,CALIBRA,A,COUPE,GB,generation,VEH0124,2016,823,,4
OPEL,CALIBRA,A,COUPE,GB,generation,VEH0124,2017,715,0.1772871834311731,4
OPEL,CALIBRA,A,COUPE,GB,generation,VEH0124,2018,614,0.1695142966725077,5
OPEL,CALIBRA,A,COUPE,GB,generation,VEH0124,2019,552,0.13313605146665827,5
OPEL,CALIBRA,A,COUPE,GB,generation,VEH0124,2020,476,0.13562156282086235,5
OPEL,CALIBRA,A,COUPE,GB,generation,VEH0124,2021,425,0.12263525307424168,5
OPEL,CALIBRA,A,COUPE,GB,generation,VEH0124,2022,395,0.111554093791991,5
OPEL,CALIBRA,A,COUPE,GB,generation,VEH0124,2023,368,0.08577830535416305,6
OPEL,CALIBRA,A,COUPE,GB,generation,VEH0124,2024,307,0.10841380711240678,6
OPEL,CALIBRA,A,COUPE,GB,generation,VEH0124,2025,301,0.09059183338408221,6
OPEL,CALIBRA,A,COUPE,NL,generation,RDW,2026,665,,6
OPEL,ASTRA OPC,G,GTI,GB,generation,VEH0124,2014,851,,2
OPEL,ASTRA OPC,G,GTI,GB,generation,VEH0124,2015,745,,2
OPEL,ASTRA OPC,G,GTI,GB,generation,VEH0124,2016,665,,3
OPEL,ASTRA OPC,G,GTI,GB,generation,VEH0124,2017,557,0.1412822962153634,3
OPEL,ASTRA OPC,G,GTI,GB,generation,VEH0124,2018,470,0.15355050789181846,3
OPEL,ASTRA OPC,G,GTI,GB,generation,VEH0124,2019,431,0.1445596501840356,3
OPEL,ASTRA OPC,G,GTI,GB,generation,VEH0124,2020,388,0.12051996676800354,3
OPEL,ASTRA OPC,G,GTI,GB,generation,VEH0124,2021,332,0.11586590859587205,4
OPEL,ASTRA OPC,G,GTI,GB,generation,VEH0124,2022,286,0.13670542642796502,4
OPEL,ASTRA OPC,G,GTI,GB,generation,VEH0124,2023,260,0.133441236202582,4
OPEL,ASTRA OPC,G,GTI,GB,generation,VEH0124,2024,245,0.10129225279058691,4
OPEL,ASTRA OPC,G,GTI,GB,generation,VEH0124,2025,203,0.11426194392602174,4
OPEL,ASTRA OPC,G,GTI,NL,generation,RDW,2026,2,,5
OPEL,ASTRA OPC,H,GTI,GB,generation,VEH0124,2014,7053,,1
OPEL,ASTRA OPC,H,GTI,GB,generation,VEH0124,2015,6730,,1
OPEL,ASTRA OPC,H,GTI,GB,generation,VEH0124,2016,6395,,1
OPEL,ASTRA OPC,H,GTI,GB,generation,VEH0124,2017,5985,0.05473223973870193,2
OPEL,ASTRA OPC,H,GTI,GB,generation,VEH0124,2018,5523,0.06588465091252853,2
OPEL,ASTRA OPC,H,GTI,GB,generation,VEH0124,2019,5108,0.07490283228683776,2
OPEL,ASTRA OPC,H,GTI,GB,generation,VEH0124,2020,4788,0.07438118377140295,2
OPEL,ASTRA OPC,H,GTI,GB,generation,VEH0124,2021,4410,0.07501550048676542,2
OPEL,ASTRA OPC,H,GTI,GB,generation,VEH0124,2022,4011,0.08058911712745893,3
OPEL,ASTRA OPC,H,GTI,GB,generation,VEH0124,2023,3594,0.09561566644478663,3
OPEL,ASTRA OPC,H,GTI,GB,generation,VEH0124,2024,3238,0.10297294473443704,3
OPEL,ASTRA OPC,H,GTI,GB,generation,VEH0124,2025,2908,0.10719167570554748,3
OPEL,ASTRA OPC,H,GTI,NL,generation,RDW,2026,1,,3
OPEL,CORSA VXR,D,GTI,GB,generation,VEH0124,2014,8123,,0
OPEL,CORSA VXR,D,GTI,GB,generation,VEH0124,2015,7756,,1
OPEL,CORSA VXR,D,GTI,GB,generation,VEH0124,2016,7386,,1
OPEL,CORSA VXR,D,GTI,GB,generation,VEH0124,2017,7072,0.046185406244491745,1
OPEL,CORSA VXR,D,GTI,GB,generation,VEH0124,2018,6761,0.04576530975728824,1
OPEL,CORSA VXR,D,GTI,GB,generation,VEH0124,2019,6364,0.04964306865161087,1
OPEL,CORSA VXR,D,GTI,GB,generation,VEH0124,2020,5980,0.05590758579093347,2
OPEL,CORSA VXR,D,GTI,GB,generation,VEH0124,2021,5575,0.0642928302541191,2
OPEL,CORSA VXR,D,GTI,GB,generation,VEH0124,2022,5210,0.0666924182367546,2
OPEL,CORSA VXR,D,GTI,GB,generation,VEH0124,2023,4745,0.07710971196688317,2
OPEL,CORSA VXR,D,GTI,GB,generation,VEH0124,2024,4259,0.08975264213503564,2
OPEL,CORSA VXR,D,GTI,GB,generation,VEH0124,2025,3833,0.1023106897889523,3
OPEL,CORSA VXR,D,GTI,NL,generation,RDW,2026,36,,3
OPEL,VX220,VX220,ROADSTER,GB,generation,VEH0124,2014,1023,,2
OPEL,VX220,VX220,ROADSTER,GB,generation,VEH0124,2015,980,,2
OPEL,VX220,VX220,ROADSTER,GB,generation,VEH0124,2016,872,,2
OPEL,VX220,VX220,ROADSTER,GB,generation,VEH0124,2017,784,0.08869524853373949,3
OPEL,VX220,VX220,ROADSTER,GB,generation,VEH0124,2018,740,0.0936341284888007,3
OPEL,VX220,VX220,ROADSTER,GB,generation,VEH0124,2019,671,0.08734009564576588,3
OPEL,VX220,VX220,ROADSTER,GB,generation,VEH0124,2020,583,0.09874061133330514,3
OPEL,VX220,VX220,ROADSTER,GB,generation,VEH0124,2021,571,0.08642032551406824,3
OPEL,VX220,VX220,ROADSTER,GB,generation,VEH0124,2022,530,0.0786307101418382,4
OPEL,VX220,VX220,ROADSTER,GB,generation,VEH0124,2023,501,0.050527028421875876,4
OPEL,VX220,VX220,ROADSTER,GB,generation,VEH0124,2024,433,0.09221716055117361,4
OPEL,VX220,VX220,ROADSTER,GB,generation,VEH0124,2025,439,0.06279253115699863,4
OPEL,VX220,VX220,ROADSTER,NL,generation,RDW,2026,216,,4
OPEL,MONARO,V2,SPORTIVE,GB,generation,VEH0124,2014,1056,,1
OPEL,MONARO,V2,SPORTIVE,GB,generation,VEH0124,2015,1042,,1
OPEL,MONARO,V2,SPORTIVE,GB,generation,VEH0124,2016,990,,2
OPEL,MONARO,V2,SPORTIVE,GB,generation,VEH0124,2017,965,0.030038454309073554,2
OPEL,MONARO,V2,SPORTIVE,GB,generation,VEH0124,2018,922,0.04078399958557277,2
OPEL,MONARO,V2,SPORTIVE,GB,generation,VEH0124,2019,866,0.04460667818873354,2
OPEL,MONARO,V2,SPORTIVE,GB,generation,VEH0124,2020,817,0.05549633549299434,2
OPEL,MONARO,V2,SPORTIVE,GB,generation,VEH0124,2021,792,0.050661277247389336,3
OPEL,MONARO,V2,SPORTIVE,GB,generation,VEH0124,2022,705,0.06856236858338871,3
OPEL,MONARO,V2,SPORTIVE,GB,generation,VEH0124,2023,676,0.06314867293901294,3
OPEL,MONARO,V2,SPORTIVE,GB,generation,VEH0124,2024,626,0.07840367357144255,3
OPEL,MONARO,V2,SPORTIVE,GB,generation,VEH0124,2025,605,0.050989781593809035,3
OPEL,LOTUS CARLTON,A,SPORTIVE,GB,generation,VEH0124,2014,63,,4
OPEL,LOTUS CARLTON,A,SPORTIVE,GB,generation,VEH0124,2015,60,,4
OPEL,LOTUS CARLTON,A,SPORTIVE,GB,generation,VEH0124,2016,55,,5
OPEL,LOTUS CARLTON,A,SPORTIVE,GB,generation,VEH0124,2017,54,0.05138355994241935,5
OPEL,LOTUS CARLTON,A,SPORTIVE,GB,generation,VEH0124,2018,52,0.04770028121355763,5
OPEL,LOTUS CARLTON,A,SPORTIVE,GB,generation,VEH0124,2019,48,0.04537739144152667,5
OPEL,LOTUS CARLTON,A,SPORTIVE,GB,generation,VEH0124,2020,44,0.06826480421533783,5
OPEL,LOTUS CARLTON,A,SPORTIVE,GB,generation,VEH0124,2021,50,0.013073571051093857,6
OPEL,LOTUS CARLTON,A,SPORTIVE,GB,generation,VEH0124,2022,43,0.036666965071442924,6
OPEL,LOTUS CARLTON,A,SPORTIVE,GB,generation,VEH0124,2023,40,0.03177005993477492,6
OPEL,LOTUS CARLTON,A,SPORTIVE,GB,generation,VEH0124,2024,39,0.08282045309949988,6
OPEL,LOTUS CARLTON,A,SPORTIVE,GB,generation,VEH0124,2025,51,-0.05687517234358778,6
OPEL,LOTUS CARLTON,A,SPORTIVE,NL,generation,RDW,2026,14,,7
PEUGEOT,205 GTI,MK1,GTI,GB,generation,VEH0124,2014,1678,,5
PEUGEOT,205 GTI,MK1,GTI,GB,generation,VEH0124,2015,1630,,5
PEUGEOT,205 GTI,MK1,GTI,GB,generation,VEH0124,2016,1498,,5
PEUGEOT,205 GTI,MK1,GTI,GB,generation,VEH0124,2017,1306,0.08354452573025828,5
PEUGEOT,205 GTI,MK1,GTI,GB,generation,VEH0124,2018,1273,0.08240123174780045,5
PEUGEOT,205 GTI,MK1,GTI,GB,generation,VEH0124,2019,1171,0.08209093349314915,6
PEUGEOT,205 GTI,MK1,GTI,GB,generation,VEH0124,2020,1072,0.06581432273520971,6
PEUGEOT,205 GTI,MK1,GTI,GB,generation,VEH0124,2021,1127,0.040605694839210095,6
PEUGEOT,205 GTI,MK1,GTI,GB,generation,VEH0124,2022,1061,0.032882074994578105,6
PEUGEOT,205 GTI,MK1,GTI,GB,generation,VEH0124,2023,1001,0.022842187438508965,6
PEUGEOT,205 GTI,MK1,GTI,GB,generation,VEH0124,2024,967,0.051038672862160794,7
PEUGEOT,205 GTI,MK1,GTI,GB,generation,VEH0124,2025,936,0.04178388737879709,7
PEUGEOT,205 GTI,MK1,GTI,NL,generation,RDW,2026,1053,,7
PEUGEOT,309 GTI,MK1,GTI,GB,generation,VEH0124,2014,82,,4
PEUGEOT,309 GTI,MK1,GTI,GB,generation,VEH0124,2015,69,,5
PEUGEOT,309 GTI,MK1,GTI,GB,generation,VEH0124,2016,66,,5
PEUGEOT,309 GTI,MK1,GTI,GB,generation,VEH0124,2017,62,0.09319495407305389,5
PEUGEOT,309 GTI,MK1,GTI,GB,generation,VEH0124,2018,61,0.04107754680798278,5
PEUGEOT,309 GTI,MK1,GTI,GB,generation,VEH0124,2019,61,0.02626029261770461,5
PEUGEOT,309 GTI,MK1,GTI,GB,generation,VEH0124,2020,51,0.06510291744025531,6
PEUGEOT,309 GTI,MK1,GTI,GB,generation,VEH0124,2021,55,0.034513559646946725,6
PEUGEOT,309 GTI,MK1,GTI,GB,generation,VEH0124,2022,52,0.05321004853062794,6
PEUGEOT,309 GTI,MK1,GTI,GB,generation,VEH0124,2023,82,-0.1582978715133092,6
PEUGEOT,309 GTI,MK1,GTI,GB,generation,VEH0124,2024,76,-0.10780005168461997,6
PEUGEOT,309 GTI,MK1,GTI,GB,generation,VEH0124,2025,75,-0.12208146498496086,7
PEUGEOT,309 GTI,MK1,GTI,NL,generation,RDW,2026,73,,7
PEUGEOT,106 RALLYE,S1,GTI,GB,generation,VEH0124,2014,207,,4
PEUGEOT,106 RALLYE,S1,GTI,GB,generation,VEH0124,2015,169,,4
PEUGEOT,106 RALLYE,S1,GTI,GB,generation,VEH0124,2016,158,,4
PEUGEOT,106 RALLYE,S1,GTI,GB,generation,VEH0124,2017,128,0.1602295097819173,4
PEUGEOT,106 RALLYE,S1,GTI,GB,generation,VEH0124,2018,110,0.14313944971021897,4
PEUGEOT,106 RALLYE,S1,GTI,GB,generation,VEH0124,2019,89,0.19131955443160908,5
PEUGEOT,106 RALLYE,S1,GTI,GB,generation,VEH0124,2020,84,0.14040448835876784,5
PEUGEOT,106 RALLYE,S1,GTI,GB,generation,VEH0124,2021,75,0.1276640840853688,5
PEUGEOT,106 RALLYE,S1,GTI,GB,generation,VEH0124,2022,84,0.019273190296275427,5
PEUGEOT,106 RALLYE,S1,GTI,GB,generation,VEH0124,2023,71,0.05604564060066597,5
PEUGEOT,106 RALLYE,S1,GTI,GB,generation,VEH0124,2024,76,-0.004415075583340311,6
PEUGEOT,106 RALLYE,S1,GTI,GB,generation,VEH0124,2025,68,0.07043636455573547,6
PEUGEOT,106 RALLYE,S1,GTI,NL,generation,RDW,2026,189,,6
PEUGEOT,106 RALLYE,S2,GTI,GB,generation,VEH0124,2014,944,,2
PEUGEOT,106 RALLYE,S2,GTI,GB,generation,VEH0124,2015,700,,3
PEUGEOT,106 RALLYE,S2,GTI,GB,generation,VEH0124,2016,554,,3
PEUGEOT,106 RALLYE,S2,GTI,GB,generation,VEH0124,2017,430,0.2621136524859642,3
PEUGEOT,106 RALLYE,S2,GTI,GB,generation,VEH0124,2018,352,0.22914971981510254,3
PEUGEOT,106 RALLYE,S2,GTI,GB,generation,VEH0124,2019,300,0.20446073736369433,3
PEUGEOT,106 RALLYE,S2,GTI,GB,generation,VEH0124,2020,260,0.16770119255736007,4
PEUGEOT,106 RALLYE,S2,GTI,GB,generation,VEH0124,2021,251,0.11272607882210443,4
PEUGEOT,106 RALLYE,S2,GTI,GB,generation,VEH0124,2022,223,0.09887023439869402,4
PEUGEOT,106 RALLYE,S2,GTI,GB,generation,VEH0124,2023,203,0.08249188399124681,4
PEUGEOT,106 RALLYE,S2,GTI,GB,generation,VEH0124,2024,195,0.08415112685601223,4
PEUGEOT,106 RALLYE,S2,GTI,GB,generation,VEH0124,2025,181,0.06955824673143092,5
PEUGEOT,106 RALLYE,S2,GTI,NL,generation,RDW,2026,43,,5
PEUGEOT,306 S16,MK1,GTI,GB,generation,VEH0124,2014,975,,4
PEUGEOT,306 S16,MK1,GTI,GB,generation,VEH0124,2015,696,,4
PEUGEOT,306 S16,MK1,GTI,GB,generation,VEH0124,2016,480,,4
PEUGEOT,306 S16,MK1,GTI,GB,generation,VEH0124,2017,347,0.344370897016996,4
PEUGEOT,306 S16,MK1,GTI,GB,generation,VEH0124,2018,266,0.32061778385090695,4
PEUGEOT,306 S16,MK1,GTI,GB,generation,VEH0124,2019,212,0.27239994307664145,5
PEUGEOT,306 S16,MK1,GTI,GB,generation,VEH0124,2020,178,0.2225137432182581,5
PEUGEOT,306 S16,MK1,GTI,GB,generation,VEH0124,2021,143,0.20688389284059738,5
PEUGEOT,306 S16,MK1,GTI,GB,generation,VEH0124,2022,117,0.198137446624752,5
PEUGEOT,306 S16,MK1,GTI,GB,generation,VEH0124,2023,94,0.21282958934069374,5
PEUGEOT,306 S16,MK1,GTI,GB,generation,VEH0124,2024,83,0.18133467415443624,6
PEUGEOT,306 S16,MK1,GTI,GB,generation,VEH0124,2025,69,0.17602247673349888,6
PEUGEOT,306 S16,MK1,GTI,NL,generation,RDW,2026,51,,6
PEUGEOT,306 GTI-6,MK2,GTI,GB,generation,VEH0124,2014,1017,,3
PEUGEOT,306 GTI-6,MK2,GTI,GB,generation,VEH0124,2015,803,,3
PEUGEOT,306 GTI-6,MK2,GTI,GB,generation,VEH0124,2016,642,,3
PEUGEOT,306 GTI-6,MK2,GTI,GB,generation,VEH0124,2017,558,0.20008447788908304,3
PEUGEOT,306 GTI-6,MK2,GTI,GB,generation,VEH0124,2018,461,0.18498555698337102,3
PEUGEOT,306 GTI-6,MK2,GTI,GB,generation,VEH0124,2019,398,0.15937876613517452,4
PEUGEOT,306 GTI-6,MK2,GTI,GB,generation,VEH0124,2020,359,0.1470121912976774,4
PEUGEOT,306 GTI-6,MK2,GTI,GB,generation,VEH0124,2021,348,0.09373185440739136,4
PEUGEOT,306 GTI-6,MK2,GTI,GB,generation,VEH0124,2022,322,0.07063348658000972,4
PEUGEOT,306 GTI-6,MK2,GTI,GB,generation,VEH0124,2023,283,0.0792918302816803,4
PEUGEOT,306 GTI-6,MK2,GTI,GB,generation,VEH0124,2024,232,0.13515503603605486,5
PEUGEOT,306 GTI-6,MK2,GTI,GB,generation,VEH0124,2025,235,0.10498867713341653,5
PEUGEOT,306 GTI-6,MK2,GTI,NL,generation,RDW,2026,22,,5
PEUGEOT,206 GTI,MK1,GTI,GB,generation,VEH0124,2014,8981,,2
PEUGEOT,206 GTI,MK1,GTI,GB,generation,VEH0124,2015,7265,,2
PEUGEOT,206 GTI,MK1,GTI,GB,generation,VEH0124,2016,5569,,2
PEUGEOT,206 GTI,MK1,GTI,GB,generation,VEH0124,2017,4070,0.2638227450781028,3
PEUGEOT,206 GTI,MK1,GTI,GB,generation,VEH0124,2018,2980,0.29704833216831084,3
PEUGEOT,206 GTI,MK1,GTI,GB,generation,VEH0124,2019,2234,0.3044739346535075,3
PEUGEOT,206 GTI,MK1,GTI,GB,generation,VEH0124,2020,1725,0.28613864965706054,3
PEUGEOT,206 GTI,MK1,GTI,GB,generation,VEH0124,2021,1371,0.2587942999790454,3
PEUGEOT,206 GTI,MK1,GTI,GB,generation,VEH0124,2022,1161,0.2181706659770851,4
PEUGEOT,206 GTI,MK1,GTI,GB,generation,VEH0124,2023,951,0.19848942230668984,4
PEUGEOT,206 GTI,MK1,GTI,GB,generation,VEH0124,2024,767,0.19360295939835273,4
PEUGEOT,206 GTI,MK1,GTI,GB,generation,VEH0124,2025,648,0.19438209511520554,4
PEUGEOT,206 GTI,MK1,GTI,NL,generation,RDW,2026,2,,4
PEUGEOT,406 COUPE,MK1,COUPE,GB,generation,VEH0124,2014,2459,,2
PEUGEOT,406 COUPE,MK1,COUPE,GB,generation,VEH0124,2015,1982,,3
PEUGEOT,406 COUPE,MK1,COUPE,GB,generation,VEH0124,2016,1560,,3
PEUGEOT,406 COUPE,MK1,COUPE,GB,generation,VEH0124,2017,1215,0.2350035621471814,3
PEUGEOT,406 COUPE,MK1,COUPE,GB,generation,VEH0124,2018,949,0.24548430542666852,3
PEUGEOT,406 COUPE,MK1,COUPE,GB,generation,VEH0124,2019,780,0.23104906018664848,3
PEUGEOT,406 COUPE,MK1,COUPE,GB,generation,VEH0124,2020,644,0.21160020989009828,4
PEUGEOT,406 COUPE,MK1,COUPE,GB,generation,VEH0124,2021,568,0.17109579329625882,4
PEUGEOT,406 COUPE,MK1,COUPE,GB,generation,VEH0124,2022,460,0.17602247673349888,4
PEUGEOT,406 COUPE,MK1,COUPE,GB,generation,VEH0124,2023,384,0.17235205783887567,4
PEUGEOT,406 COUPE,MK1,COUPE,GB,generation,VEH0124,2024,342,0.16910356055284895,4
PEUGEOT,406 COUPE,MK1,COUPE,GB,generation,VEH0124,2025,304,0.13806626269230637,5
PEUGEOT,406 COUPE,MK1,COUPE,NL,generation,RDW,2026,1,,5
PEUGEOT,RCZ,MK1,COUPE,GB,generation,VEH0124,2014,11142,,0
PEUGEOT,RCZ,MK1,COUPE,GB,generation,VEH0124,2015,12105,,0
PEUGEOT,RCZ,MK1,COUPE,GB,generation,VEH0124,2016,12169,,0
PEUGEOT,RCZ,MK1,COUPE,GB,generation,VEH0124,2017,12147,-0.028786824706503584,1
PEUGEOT,RCZ,MK1,COUPE,GB,generation,VEH0124,2018,12000,0.002903980200674283,1
PEUGEOT,RCZ,MK1,COUPE,GB,generation,VEH0124,2019,11959,0.005802533789330748,1
PEUGEOT,RCZ,MK1,COUPE,GB,generation,VEH0124,2020,11713,0.012127629876799162,1
PEUGEOT,RCZ,MK1,COUPE,GB,generation,VEH0124,2021,11406,0.01692237235121752,1
PEUGEOT,RCZ,MK1,COUPE,GB,generation,VEH0124,2022,11196,0.021975853777821186,2
PEUGEOT,RCZ,MK1,COUPE,GB,generation,VEH0124,2023,10776,0.027792632326557747,2
PEUGEOT,RCZ,MK1,COUPE,GB,generation,VEH0124,2024,10285,0.034484336543142056,2
PEUGEOT,RCZ,MK1,COUPE,GB,generation,VEH0124,2025,9670,0.04884275406266821,2
PEUGEOT,RCZ,MK1,COUPE,NL,generation,RDW,2026,1287,,2
PEUGEOT,208 GTI,MK1,GTI,GB,generation,VEH0124,2014,1757,,-1
PEUGEOT,208 GTI,MK1,GTI,GB,generation,VEH0124,2015,2959,,0
PEUGEOT,208 GTI,MK1,GTI,GB,generation,VEH0124,2016,4074,,0
PEUGEOT,208 GTI,MK1,GTI,GB,generation,VEH0124,2017,4986,-0.3476753919654687,0
PEUGEOT,208 GTI,MK1,GTI,GB,generation,VEH0124,2018,5616,-0.21358943110181242,0
PEUGEOT,208 GTI,MK1,GTI,GB,generation,VEH0124,2019,5653,-0.10918701996284656,0
PEUGEOT,208 GTI,MK1,GTI,GB,generation,VEH0124,2020,5523,-0.03409573527256171,1
PEUGEOT,208 GTI,MK1,GTI,GB,generation,VEH0124,2021,5519,0.0058076607553818604,1
PEUGEOT,208 GTI,MK1,GTI,GB,generation,VEH0124,2022,5443,0.012618666080363402,1
PEUGEOT,208 GTI,MK1,GTI,GB,generation,VEH0124,2023,5315,0.012796059708379678,1
PEUGEOT,208 GTI,MK1,GTI,GB,generation,VEH0124,2024,5127,0.024558663885266913,1
PEUGEOT,208 GTI,MK1,GTI,GB,generation,VEH0124,2025,4953,0.03144564194865396,2
PORSCHE,911,964,SPORTIVE,GB,generation,VEH0124,2014,2124,,4
PORSCHE,911,964,SPORTIVE,GB,generation,VEH0124,2015,2064,,4
PORSCHE,911,964,SPORTIVE,GB,generation,VEH0124,2016,1970,,5
PORSCHE,911,964,SPORTIVE,GB,generation,VEH0124,2017,1878,0.04103124086454043,5
PORSCHE,911,964,SPORTIVE,GB,generation,VEH0124,2018,1798,0.04599030385662939,5
PORSCHE,911,964,SPORTIVE,GB,generation,VEH0124,2019,1754,0.03871154959996866,5
PORSCHE,911,964,SPORTIVE,GB,generation,VEH0124,2020,1641,0.0449671895593724,5
PORSCHE,911,964,SPORTIVE,GB,generation,VEH0124,2021,1629,0.03290286880984006,6
PORSCHE,911,964,SPORTIVE,GB,generation,VEH0124,2022,1583,0.034192371017038724,6
PORSCHE,911,964,SPORTIVE,GB,generation,VEH0124,2023,1501,0.029724753152209793,6
PORSCHE,911,964,SPORTIVE,GB,generation,VEH0124,2024,1439,0.041339300571559136,6
PORSCHE,911,964,SPORTIVE,GB,generation,VEH0124,2025,1456,0.027876277041460302,6
PORSCHE,911,964,SPORTIVE,NL,generation,RDW,2026,1878,,7
PORSCHE,911,993,SPORTIVE,GB,generation,VEH0124,2014,3188,,3
PORSCHE,911,993,SPORTIVE,GB,generation,VEH0124,2015,3068,,3
PORSCHE,911,993,SPORTIVE,GB,generation,VEH0124,2016,2966,,4
PORSCHE,911,993,SPORTIVE,GB,generation,VEH0124,2017,2778,0.04588750553193884,4
PORSCHE,911,993,SPORTIVE,GB,generation,VEH0124,2018,2681,0.044945341417062856,4
PORSCHE,911,993,SPORTIVE,GB,generation,VEH0124,2019,2623,0.04096518094366797,4
PORSCHE,911,993,SPORTIVE,GB,generation,VEH0124,2020,2448,0.04215329322735754,4
PORSCHE,911,993,SPORTIVE,GB,generation,VEH0124,2021,2463,0.028269913371807103,5
PORSCHE,911,993,SPORTIVE,GB,generation,VEH0124,2022,2376,0.03296676646144577,5
PORSCHE,911,993,SPORTIVE,GB,generation,VEH0124,2023,2285,0.02296844676797072,5
PORSCHE,911,993,SPORTIVE,GB,generation,VEH0124,2024,2134,0.047793988752946305,5
PORSCHE,911,993,SPORTIVE,GB,generation,VEH0124,2025,2136,0.03549449346748338,5
PORSCHE,911,993,SPORTIVE,NL,generation,RDW,2026,1278,,6
PORSCHE,911,996,SPORTIVE,GB,generation,VEH0124,2014,11136,,2
PORSCHE,911,996,SPORTIVE,GB,generation,VEH0124,2015,10748,,2
PORSCHE,911,996,SPORTIVE,GB,generation,VEH0124,2016,10310,,3
PORSCHE,911,996,SPORTIVE,GB,generation,VEH0124,2017,9837,0.041344105687147824,3
PORSCHE,911,996,SPORTIVE,GB,generation,VEH0124,2018,9474,0.04205616208389529,3
PORSCHE,911,996,SPORTIVE,GB,generation,VEH0124,2019,9044,0.04367091453771543,3
PORSCHE,911,996,SPORTIVE,GB,generation,VEH0124,2020,8581,0.04553344323521221,3
PORSCHE,911,996,SPORTIVE,GB,generation,VEH0124,2021,8645,0.030523361788768355,4
PORSCHE,911,996,SPORTIVE,GB,generation,VEH0124,2022,8344,0.02685294557241728,4
PORSCHE,911,996,SPORTIVE,GB,generation,VEH0124,2023,7880,0.028407517651732068,4
PORSCHE,911,996,SPORTIVE,GB,generation,VEH0124,2024,7583,0.0436907398054854,4
PORSCHE,911,996,SPORTIVE,GB,generation,VEH0124,2025,7457,0.037463176378937625,4
PORSCHE,911,996,SPORTIVE,NL,generation,RDW,2026,2624,,5
PORSCHE,911,997,SPORTIVE,GB,generation,VEH0124,2014,16237,,1
PORSCHE,911,997,SPORTIVE,GB,generation,VEH0124,2015,15766,,1
PORSCHE,911,997,SPORTIVE,GB,generation,VEH0124,2016,15468,,1
PORSCHE,911,997,SPORTIVE,GB,generation,VEH0124,2017,14982,0.02681436935976163,1
PORSCHE,911,997,SPORTIVE,GB,generation,VEH0124,2018,14426,0.02960786285207817,2
PORSCHE,911,997,SPORTIVE,GB,generation,VEH0124,2019,14115,0.03051177067986603,2
PORSCHE,911,997,SPORTIVE,GB,generation,VEH0124,2020,13482,0.035164672698148415,2
PORSCHE,911,997,SPORTIVE,GB,generation,VEH0124,2021,13347,0.025913497863155516,2
PORSCHE,911,997,SPORTIVE,GB,generation,VEH0124,2022,12921,0.029461388988456367,2
PORSCHE,911,997,SPORTIVE,GB,generation,VEH0124,2023,12407,0.027698210990170818,3
PORSCHE,911,997,SPORTIVE,GB,generation,VEH0124,2024,11992,0.0356839598972396,3
PORSCHE,911,997,SPORTIVE,GB,generation,VEH0124,2025,11756,0.03149671539447082,3
PORSCHE,911,997,SPORTIVE,NL,generation,RDW,2026,4021,,3
PORSCHE,911,991,SPORTIVE,GB,generation,VEH0124,2014,2997,,-1
PORSCHE,911,991,SPORTIVE,GB,generation,VEH0124,2015,4662,,-1
PORSCHE,911,991,SPORTIVE,GB,generation,VEH0124,2016,6502,,0
PORSCHE,911,991,SPORTIVE,GB,generation,VEH0124,2017,8121,-0.33228050365524925,0
PORSCHE,911,991,SPORTIVE,GB,generation,VEH0124,2018,10055,-0.2562084942036833,0
PORSCHE,911,991,SPORTIVE,GB,generation,VEH0124,2019,12452,-0.21659047689921587,0
PORSCHE,911,991,SPORTIVE,GB,generation,VEH0124,2020,11977,-0.12951161488836505,0
PORSCHE,911,991,SPORTIVE,GB,generation,VEH0124,2021,11725,-0.051217763702575546,1
PORSCHE,911,991,SPORTIVE,GB,generation,VEH0124,2022,11434,0.02842995991252728,1
PORSCHE,911,991,SPORTIVE,GB,generation,VEH0124,2023,11190,0.022655873880511972,1
PORSCHE,911,991,SPORTIVE,GB,generation,VEH0124,2024,11136,0.01718007024675927,1
PORSCHE,911,991,SPORTIVE,GB,generation,VEH0124,2025,11051,0.011356817078378137,1
PORSCHE,911,991,SPORTIVE,NL,generation,RDW,2026,4398,,2
PORSCHE,928,928,COUPE,GB,generation,VEH0124,2014,842,,5
PORSCHE,928,928,COUPE,GB,generation,VEH0124,2015,829,,5
PORSCHE,928,928,COUPE,GB,generation,VEH0124,2016,802,,6
PORSCHE,928,928,COUPE,GB,generation,VEH0124,2017,786,0.02294107393770665,6
PORSCHE,928,928,COUPE,GB,generation,VEH0124,2018,753,0.032051642445133886,6
PORSCHE,928,928,COUPE,GB,generation,VEH0124,2019,719,0.03641575004848926,6
PORSCHE,928,928,COUPE,GB,generation,VEH0124,2020,684,0.04633295826888547,6
PORSCHE,928,928,COUPE,GB,generation,VEH0124,2021,701,0.0238524469217678,7
PORSCHE,928,928,COUPE,GB,generation,VEH0124,2022,667,0.025023770601807865,7
PORSCHE,928,928,COUPE,GB,generation,VEH0124,2023,657,0.013424633045980036,7
PORSCHE,928,928,COUPE,GB,generation,VEH0124,2024,659,0.020594784177360975,7
PORSCHE,928,928,COUPE,GB,generation,VEH0124,2025,701,-0.016572613706322237,7
PORSCHE,928,928,COUPE,NL,generation,RDW,2026,848,,8
PORSCHE,944,944,COUPE,GB,generation,VEH0124,2014,2649,,5
PORSCHE,944,944,COUPE,GB,generation,VEH0124,2015,2646,,5
PORSCHE,944,944,COUPE,GB,generation,VEH0124,2016,2471,,6
PORSCHE,944,944,COUPE,GB,generation,VEH0124,2017,2301,0.04694613307890124,6
PORSCHE,944,944,COUPE,GB,generation,VEH0124,2018,2168,0.0664146607051214,6
PORSCHE,944,944,COUPE,GB,generation,VEH0124,2019,2056,0.0612868598045182,6
PORSCHE,944,944,COUPE,GB,generation,VEH0124,2020,1870,0.06913512672891109,6
PORSCHE,944,944,COUPE,GB,generation,VEH0124,2021,1832,0.05613227244182065,7
PORSCHE,944,944,COUPE,GB,generation,VEH0124,2022,1743,0.05505152701834485,7
PORSCHE,944,944,COUPE,GB,generation,VEH0124,2023,1704,0.030986667486457325,7
PORSCHE,944,944,COUPE,GB,generation,VEH0124,2024,1684,0.028078783477267777,7
PORSCHE,944,944,COUPE,GB,generation,VEH0124,2025,1725,0.003460238684853678,7
PORSCHE,944,944,COUPE,NL,generation,RDW,2026,1441,,8
PORSCHE,968,968,COUPE,GB,generation,VEH0124,2014,528,,4
PORSCHE,968,968,COUPE,GB,generation,VEH0124,2015,514,,4
PORSCHE,968,968,COUPE,GB,generation,VEH0124,2016,495,,4
PORSCHE,968,968,COUPE,GB,generation,VEH0124,2017,480,0.03177005993477492,4
PORSCHE,968,968,COUPE,GB,generation,VEH0124,2018,443,0.0495511651366766,5
PORSCHE,968,968,COUPE,GB,generation,VEH0124,2019,443,0.03699599750785154,5
PORSCHE,968,968,COUPE,GB,generation,VEH0124,2020,395,0.0649667796669382,5
PORSCHE,968,968,COUPE,GB,generation,VEH0124,2021,391,0.04162073668658994,5
PORSCHE,968,968,COUPE,GB,generation,VEH0124,2022,352,0.07664619814901297,5
PORSCHE,968,968,COUPE,GB,generation,VEH0124,2023,327,0.06297519800128952,6
PORSCHE,968,968,COUPE,GB,generation,VEH0124,2024,331,0.05552972820276766,6
PORSCHE,968,968,COUPE,GB,generation,VEH0124,2025,301,0.052173636949740455,6
PORSCHE,968,968,COUPE,NL,generation,RDW,2026,151,,6
PORSCHE,BOXSTER,986,ROADSTER,GB,generation,VEH0124,2014,15043,,2
PORSCHE,BOXSTER,986,ROADSTER,GB,generation,VEH0124,2015,14569,,3
PORSCHE,BOXSTER,986,ROADSTER,GB,generation,VEH0124,2016,14083,,3
PORSCHE,BOXSTER,986,ROADSTER,GB,generation,VEH0124,2017,13393,0.03872686143690037,3
PORSCHE,BOXSTER,986,ROADSTER,GB,generation,VEH0124,2018,12653,0.04700054748824437,3
PORSCHE,BOXSTER,986,ROADSTER,GB,generation,VEH0124,2019,11985,0.05377084277652185,3
PORSCHE,BOXSTER,986,ROADSTER,GB,generation,VEH0124,2020,11211,0.05927891441117635,4
PORSCHE,BOXSTER,986,ROADSTER,GB,generation,VEH0124,2021,10930,0.048794346339559404,4
PORSCHE,BOXSTER,986,ROADSTER,GB,generation,VEH0124,2022,10354,0.048760983135546,4
PORSCHE,BOXSTER,986,ROADSTER,GB,generation,VEH0124,2023,9615,0.051190353376904696,4
PORSCHE,BOXSTER,986,ROADSTER,GB,generation,VEH0124,2024,8999,0.06479928071221212,4
PORSCHE,BOXSTER,986,ROADSTER,GB,generation,VEH0124,2025,8785,0.05477573228021626,5
PORSCHE,BOXSTER,986,ROADSTER,NL,generation,RDW,2026,1336,,5
PORSCHE,BOXSTER,987,ROADSTER,GB,generation,VEH0124,2014,11852,,1
PORSCHE,BOXSTER,987,ROADSTER,GB,generation,VEH0124,2015,11630,,1
PORSCHE,BOXSTER,987,ROADSTER,GB,generation,VEH0124,2016,11422,,1
PORSCHE,BOXSTER,987,ROADSTER,GB,generation,VEH0124,2017,11131,0.020920873733410044,1
PORSCHE,BOXSTER,987,ROADSTER,GB,generation,VEH0124,2018,10802,0.024618888119957678,2
PORSCHE,BOXSTER,987,ROADSTER,GB,generation,VEH0124,2019,10496,0.028182362680312895,2
PORSCHE,BOXSTER,987,ROADSTER,GB,generation,VEH0124,2020,10092,0.03266365924409224,2
PORSCHE,BOXSTER,987,ROADSTER,GB,generation,VEH0124,2021,9987,0.02614901830323409,2
PORSCHE,BOXSTER,987,ROADSTER,GB,generation,VEH0124,2022,9671,0.027287505155635827,2
PORSCHE,BOXSTER,987,ROADSTER,GB,generation,VEH0124,2023,9366,0.024885640005820758,3
PORSCHE,BOXSTER,987,ROADSTER,GB,generation,VEH0124,2024,9032,0.033503473471212075,3
PORSCHE,BOXSTER,987,ROADSTER,GB,generation,VEH0124,2025,8864,0.029044528909966044,3
PORSCHE,BOXSTER,987,ROADSTER,NL,generation,RDW,2026,922,,3
PORSCHE,BOXSTER,981,ROADSTER,GB,generation,VEH0124,2014,2510,,0
PORSCHE,BOXSTER,981,ROADSTER,GB,generation,VEH0124,2015,3544,,0
PORSCHE,BOXSTER,981,ROADSTER,GB,generation,VEH0124,2016,4813,,0
PORSCHE,BOXSTER,981,ROADSTER,GB,generation,VEH0124,2017,4680,-0.20767178559528757,0
PORSCHE,BOXSTER,981,ROADSTER,GB,generation,VEH0124,2018,4618,-0.0882352260631561,0
PORSCHE,BOXSTER,981,ROADSTER,GB,generation,VEH0124,2019,4559,0.01807242969655576,1
PORSCHE,BOXSTER,981,ROADSTER,GB,generation,VEH0124,2020,4471,0.015228670892570406,1
PORSCHE,BOXSTER,981,ROADSTER,GB,generation,VEH0124,2021,4337,0.02092628202635775,1
PORSCHE,BOXSTER,981,ROADSTER,GB,generation,VEH0124,2022,4395,0.012211923364721619,1
PORSCHE,BOXSTER,981,ROADSTER,GB,generation,VEH0124,2023,4285,0.014163848400700138,1
PORSCHE,BOXSTER,981,ROADSTER,GB,generation,VEH0124,2024,4233,0.008090634438147504,2
PORSCHE,BOXSTER,981,ROADSTER,GB,generation,VEH0124,2025,4210,0.014334961147616454,2
PORSCHE,BOXSTER,981,ROADSTER,NL,generation,RDW,2026,653,,2
PORSCHE,CAYMAN,987,COUPE,GB,generation,VEH0124,2014,6200,,1
PORSCHE,CAYMAN,987,COUPE,GB,generation,VEH0124,2015,6146,,1
PORSCHE,CAYMAN,987,COUPE,GB,generation,VEH0124,2016,6047,,1
PORSCHE,CAYMAN,987,COUPE,GB,generation,VEH0124,2017,5878,0.017777574684773256,1
PORSCHE,CAYMAN,987,COUPE,GB,generation,VEH0124,2018,5763,0.021447763751254456,1
PORSCHE,CAYMAN,987,COUPE,GB,generation,VEH0124,2019,5612,0.02488503968362051,2
PORSCHE,CAYMAN,987,COUPE,GB,generation,VEH0124,2020,5439,0.025873782518634297,2
PORSCHE,CAYMAN,987,COUPE,GB,generation,VEH0124,2021,5385,0.02261362061539292,2
PORSCHE,CAYMAN,987,COUPE,GB,generation,VEH0124,2022,5240,0.022861887969087984,2
PORSCHE,CAYMAN,987,COUPE,GB,generation,VEH0124,2023,5038,0.0255286808368016,2
PORSCHE,CAYMAN,987,COUPE,GB,generation,VEH0124,2024,4910,0.030781122933973986,3
PORSCHE,CAYMAN,987,COUPE,GB,generation,VEH0124,2025,4760,0.03202461002987356,3
PORSCHE,CAYMAN,987,COUPE,NL,generation,RDW,2026,526,,3
PORSCHE,CAYMAN,981,COUPE,GB,generation,VEH0124,2014,2444,,0
PORSCHE,CAYMAN,981,COUPE,GB,generation,VEH0124,2015,3545,,0
PORSCHE,CAYMAN,981,COUPE,GB,generation,VEH0124,2016,4520,,0
PORSCHE,CAYMAN,981,COUPE,GB,generation,VEH0124,2017,4291,-0.18762792156667954,0
PORSCHE,CAYMAN,981,COUPE,GB,generation,VEH0124,2018,4229,-0.05880913283542041,0
PORSCHE,CAYMAN,981,COUPE,GB,generation,VEH0124,2019,4127,0.03032041435789819,1
PORSCHE,CAYMAN,981,COUPE,GB,generation,VEH0124,2020,4045,0.01967941849964383,1
PORSCHE,CAYMAN,981,COUPE,GB,generation,VEH0124,2021,3984,0.019893072922666732,1
PORSCHE,CAYMAN,981,COUPE,GB,generation,VEH0124,2022,3963,0.013516478854048941,1
PORSCHE,CAYMAN,981,COUPE,GB,generation,VEH0124,2023,3910,0.011314725504393644,1
PORSCHE,CAYMAN,981,COUPE,GB,generation,VEH0124,2024,3808,0.015060740931077751,2
PORSCHE,CAYMAN,981,COUPE,GB,generation,VEH0124,2025,3800,0.014000082491985921,2
PORSCHE,CAYMAN,981,COUPE,NL,generation,RDW,2026,302,,2
PORSCHE,CARRERA GT,980,SUPERCAR,GB,generation,VEH0124,2014,38,,2
PORSCHE,CARRERA GT,980,SUPERCAR,GB,generation,VEH0124,2015,43,,2
PORSCHE,CARRERA GT,980,SUPERCAR,GB,generation,VEH0124,2016,33,,2
PORSCHE,CARRERA GT,980,SUPERCAR,GB,generation,VEH0124,2017,37,0.00888941569405377,2
PORSCHE,CARRERA GT,980,SUPERCAR,GB,generation,VEH0124,2018,35,0.06861735140138296,2
PORSCHE,CARRERA GT,980,SUPERCAR,GB,generation,VEH0124,2019,37,-0.038136783725914704,3
PORSCHE,CARRERA GT,980,SUPERCAR,GB,generation,VEH0124,2020,33,0.038136783725914704,3
PORSCHE,CARRERA GT,980,SUPERCAR,GB,generation,VEH0124,2021,36,-0.009390292322232133,3
PORSCHE,CARRERA GT,980,SUPERCAR,GB,generation,VEH0124,2022,37,0.0,3
PORSCHE,CARRERA GT,980,SUPERCAR,GB,generation,VEH0124,2023,18,0.2020452678567719,3
PORSCHE,CARRERA GT,980,SUPERCAR,GB,generation,VEH0124,2024,19,0.21302665309655655,4
PORSCHE,CARRERA GT,980,SUPERCAR,GB,generation,VEH0124,2025,31,0.05897690271969269,4
PORSCHE,CARRERA GT,980,SUPERCAR,NL,generation,RDW,2026,17,,4
RENAULT,CLIO WILLIAMS,MK1,GTI,GB,generation,VEH0124,2014,157,,4
RENAULT,CLIO WILLIAMS,MK1,GTI,GB,generation,VEH0124,2015,147,,4
RENAULT,CLIO WILLIAMS,MK1,GTI,GB,generation,VEH0124,2016,131,,4
RENAULT,CLIO WILLIAMS,MK1,GTI,GB,generation,VEH0124,2017,122,0.08407492020501699,4
RENAULT,CLIO WILLIAMS,MK1,GTI,GB,generation,VEH0124,2018,121,0.06488068039399823,4
RENAULT,CLIO WILLIAMS,MK1,GTI,GB,generation,VEH0124,2019,117,0.037674462801131625,5
RENAULT,CLIO WILLIAMS,MK1,GTI,GB,generation,VEH0124,2020,103,0.056430685501206966,5
RENAULT,CLIO WILLIAMS,MK1,GTI,GB,generation,VEH0124,2021,101,0.060223342918493884,5
RENAULT,CLIO WILLIAMS,MK1,GTI,GB,generation,VEH0124,2022,93,0.07652481388150001,5
RENAULT,CLIO WILLIAMS,MK1,GTI,GB,generation,VEH0124,2023,83,0.0719627934776792,5
RENAULT,CLIO WILLIAMS,MK1,GTI,GB,generation,VEH0124,2024,75,0.09921080110164986,6
RENAULT,CLIO WILLIAMS,MK1,GTI,GB,generation,VEH0124,2025,75,0.07170379320564872,6
RENAULT,CLIO WILLIAMS,MK1,GTI,NL,generation,RDW,2026,67,,6
RENAULT,CLIO 16V,MK1,GTI,GB,generation,VEH0124,2014,116,,4
RENAULT,CLIO 16V,MK1,GTI,GB,generation,VEH0124,2015,85,,4
RENAULT,CLIO 16V,MK1,GTI,GB,generation,VEH0124,2016,69,,4
RENAULT,CLIO 16V,MK1,GTI,GB,generation,VEH0124,2017,65,0.1930676404035759,4
RENAULT,CLIO 16V,MK1,GTI,GB,generation,VEH0124,2018,57,0.1331999962185888,5
RENAULT,CLIO 16V,MK1,GTI,GB,generation,VEH0124,2019,50,0.10736116638970457,5
RENAULT,CLIO 16V,MK1,GTI,GB,generation,VEH0124,2020,53,0.06803178544783828,5
RENAULT,CLIO 16V,MK1,GTI,GB,generation,VEH0124,2021,52,0.030602516417707577,5
RENAULT,CLIO 16V,MK1,GTI,GB,generation,VEH0124,2022,45,0.03512017188594211,5
RENAULT,CLIO 16V,MK1,GTI,GB,generation,VEH0124,2023,45,0.05454314126060078,6
RENAULT,CLIO 16V,MK1,GTI,GB,generation,VEH0124,2024,41,0.07922388395903986,6
RENAULT,CLIO 16V,MK1,GTI,GB,generation,VEH0124,2025,42,0.022997623828983738,6
RENAULT,CLIO 16V,MK1,GTI,NL,generation,RDW,2026,106,,6
RENAULT,CLIO RS,MK2,GTI,GB,generation,VEH0124,2014,5893,,2
RENAULT,CLIO RS,MK2,GTI,GB,generation,VEH0124,2015,5355,,2
RENAULT,CLIO RS,MK2,GTI,GB,generation,VEH0124,2016,4613,,2
RENAULT,CLIO RS,MK2,GTI,GB,generation,VEH0124,2017,3967,0.13191835477452743,3
RENAULT,CLIO RS,MK2,GTI,GB,generation,VEH0124,2018,3380,0.15338499813492787,3
RENAULT,CLIO RS,MK2,GTI,GB,generation,VEH0124,2019,2888,0.15610472784836796,3
RENAULT,CLIO RS,MK2,GTI,GB,generation,VEH0124,2020,2592,0.1418601210140551,3
RENAULT,CLIO RS,MK2,GTI,GB,generation,VEH0124,2021,2367,0.11875079298769364,3
RENAULT,CLIO RS,MK2,GTI,GB,generation,VEH0124,2022,2174,0.09466514411052056,4
RENAULT,CLIO RS,MK2,GTI,GB,generation,VEH0124,2023,1976,0.09045172638811749,4
RENAULT,CLIO RS,MK2,GTI,GB,generation,VEH0124,2024,1757,0.0993385071089623,4
RENAULT,CLIO RS,MK2,GTI,GB,generation,VEH0124,2025,1647,0.09253777916783819,4
RENAULT,CLIO RS,MK3,GTI,GB,generation,VEH0124,2014,5291,,1
RENAULT,CLIO RS,MK3,GTI,GB,generation,VEH0124,2015,5053,,1
RENAULT,CLIO RS,MK3,GTI,GB,generation,VEH0124,2016,4838,,1
RENAULT,CLIO RS,MK3,GTI,GB,generation,VEH0124,2017,4637,0.04397988617088977,1
RENAULT,CLIO RS,MK3,GTI,GB,generation,VEH0124,2018,4349,0.05001206423142316,1
RENAULT,CLIO RS,MK3,GTI,GB,generation,VEH0124,2019,3970,0.06591177249624576,2
RENAULT,CLIO RS,MK3,GTI,GB,generation,VEH0124,2020,3735,0.07210659560818122,2
RENAULT,CLIO RS,MK3,GTI,GB,generation,VEH0124,2021,3503,0.07210872980005097,2
RENAULT,CLIO RS,MK3,GTI,GB,generation,VEH0124,2022,3279,0.06374253227886229,2
RENAULT,CLIO RS,MK3,GTI,GB,generation,VEH0124,2023,3010,0.07193591327466524,2
RENAULT,CLIO RS,MK3,GTI,GB,generation,VEH0124,2024,2742,0.08164405435840887,3
RENAULT,CLIO RS,MK3,GTI,GB,generation,VEH0124,2025,2541,0.084993597841495,3
RENAULT,CLIO V6,MK2,SPORTIVE,GB,generation,VEH0124,2014,207,,2
RENAULT,CLIO V6,MK2,SPORTIVE,GB,generation,VEH0124,2015,187,,2
RENAULT,CLIO V6,MK2,SPORTIVE,GB,generation,VEH0124,2016,171,,2
RENAULT,CLIO V6,MK2,SPORTIVE,GB,generation,VEH0124,2017,144,0.12096849789645603,2
RENAULT,CLIO V6,MK2,SPORTIVE,GB,generation,VEH0124,2018,134,0.11108960563455857,3
RENAULT,CLIO V6,MK2,SPORTIVE,GB,generation,VEH0124,2019,122,0.1125475039231345,3
RENAULT,CLIO V6,MK2,SPORTIVE,GB,generation,VEH0124,2020,98,0.12828194030180948,3
RENAULT,CLIO V6,MK2,SPORTIVE,GB,generation,VEH0124,2021,107,0.07500365516300178,3
RENAULT,CLIO V6,MK2,SPORTIVE,GB,generation,VEH0124,2022,97,0.0764366887432913,3
RENAULT,CLIO V6,MK2,SPORTIVE,GB,generation,VEH0124,2023,98,0.0,4
RENAULT,CLIO V6,MK2,SPORTIVE,GB,generation,VEH0124,2024,79,0.10112699399829476,4
RENAULT,CLIO V6,MK2,SPORTIVE,GB,generation,VEH0124,2025,87,0.036267619949599705,4
RENAULT,CLIO V6,MK2,SPORTIVE,NL,generation,RDW,2026,65,,4
RENAULT,MEGANE RS,MK2,GTI,GB,generation,VEH0124,2014,2805,,1
RENAULT,MEGANE RS,MK2,GTI,GB,generation,VEH0124,2015,2602,,1
RENAULT,MEGANE RS,MK2,GTI,GB,generation,VEH0124,2016,2355,,2
RENAULT,MEGANE RS,MK2,GTI,GB,generation,VEH0124,2017,2106,0.09553770842095854,2
RENAULT,MEGANE RS,MK2,GTI,GB,generation,VEH0124,2018,1797,0.12338725742963035,2
RENAULT,MEGANE RS,MK2,GTI,GB,generation,VEH0124,2019,1497,0.15102587401029646,2
RENAULT,MEGANE RS,MK2,GTI,GB,generation,VEH0124,2020,1352,0.14773514536367038,2
RENAULT,MEGANE RS,MK2,GTI,GB,generation,VEH0124,2021,1215,0.13045817700297016,3
RENAULT,MEGANE RS,MK2,GTI,GB,generation,VEH0124,2022,1072,0.11131234759629383,3
RENAULT,MEGANE RS,MK2,GTI,GB,generation,VEH0124,2023,934,0.12328793945802226,3
RENAULT,MEGANE RS,MK2,GTI,GB,generation,VEH0124,2024,840,0.1230324879790965,3
RENAULT,MEGANE RS,MK2,GTI,GB,generation,VEH0124,2025,751,0.11862522995553763,3
RENAULT,MEGANE RS,MK3,GTI,GB,generation,VEH0124,2014,1719,,0
RENAULT,MEGANE RS,MK3,GTI,GB,generation,VEH0124,2015,1901,,0
RENAULT,MEGANE RS,MK3,GTI,GB,generation,VEH0124,2016,2044,,0
RENAULT,MEGANE RS,MK3,GTI,GB,generation,VEH0124,2017,2065,-0.06112916667076126,0
RENAULT,MEGANE RS,MK3,GTI,GB,generation,VEH0124,2018,2030,-0.021885243182468095,1
RENAULT,MEGANE RS,MK3,GTI,GB,generation,VEH0124,2019,1974,0.011615577110055971,1
RENAULT,MEGANE RS,MK3,GTI,GB,generation,VEH0124,2020,1924,0.023574624723160298,1
RENAULT,MEGANE RS,MK3,GTI,GB,generation,VEH0124,2021,1848,0.031310606611401205,1
RENAULT,MEGANE RS,MK3,GTI,GB,generation,VEH0124,2022,1810,0.028911698577852068,1
RENAULT,MEGANE RS,MK3,GTI,GB,generation,VEH0124,2023,1751,0.031406432979933285,2
RENAULT,MEGANE RS,MK3,GTI,GB,generation,VEH0124,2024,1641,0.03959938703717943,2
RENAULT,MEGANE RS,MK3,GTI,GB,generation,VEH0124,2025,1580,0.04530066607961943,2
RENAULT,MEGANE RS,MK3,GTI,NL,generation,RDW,2026,4,,2
RENAULT,SPIDER,SPIDER,ROADSTER,GB,generation,VEH0124,2014,28,,3
RENAULT,SPIDER,SPIDER,ROADSTER,GB,generation,VEH0124,2015,29,,3
RENAULT,SPIDER,SPIDER,ROADSTER,GB,generation,VEH0124,2016,21,,3
RENAULT,SPIDER,SPIDER,ROADSTER,GB,generation,VEH0124,2017,24,0.05138355994241935,4
RENAULT,SPIDER,SPIDER,ROADSTER,GB,generation,VEH0124,2018,23,0.07726720468577482,4
RENAULT,SPIDER,SPIDER,ROADSTER,GB,generation,VEH0124,2019,24,-0.04451046420817425,4
RENAULT,SPIDER,SPIDER,ROADSTER,GB,generation,VEH0124,2020,23,0.014186538139598692,4
RENAULT,SPIDER,SPIDER,ROADSTER,GB,generation,VEH0124,2021,26,-0.040867440697444156,4
RENAULT,SPIDER,SPIDER,ROADSTER,GB,generation,VEH0124,2022,22,0.02900379232987656,5
RENAULT,SPIDER,SPIDER,ROADSTER,GB,generation,VEH0124,2023,20,0.04658731412505294,5
RENAULT,SPIDER,SPIDER,ROADSTER,GB,generation,VEH0124,2024,13,0.23104906018664848,5
RENAULT,SPIDER,SPIDER,ROADSTER,GB,generation,VEH0124,2025,13,0.17536436529892643,5
RENAULT,SPIDER,SPIDER,ROADSTER,NL,generation,RDW,2026,3,,5
RENAULT,5 GT TURBO,MK2,GTI,GB,generation,VEH0124,2014,307,,5
RENAULT,5 GT TURBO,MK2,GTI,GB,generation,VEH0124,2015,297,,5
RENAULT,5 GT TURBO,MK2,GTI,GB,generation,VEH0124,2016,273,,5
RENAULT,5 GT TURBO,MK2,GTI,GB,generation,VEH0124,2017,242,0.0793033404768367,5
RENAULT,5 GT TURBO,MK2,GTI,GB,generation,VEH0124,2018,235,0.07804887488618029,6
RENAULT,5 GT TURBO,MK2,GTI,GB,generation,VEH0124,2019,224,0.06594191444330673,6
RENAULT,5 GT TURBO,MK2,GTI,GB,generation,VEH0124,2020,226,0.022800908961466842,6
RENAULT,5 GT TURBO,MK2,GTI,GB,generation,VEH0124,2021,211,0.035909126889364096,6
RENAULT,5 GT TURBO,MK2,GTI,GB,generation,VEH0124,2022,208,0.02470265738457389,6
RENAULT,5 GT TURBO,MK2,GTI,GB,generation,VEH0124,2023,208,0.027665639856989444,7
RENAULT,5 GT TURBO,MK2,GTI,GB,generation,VEH0124,2024,202,0.014530145358287191,7
RENAULT,5 GT TURBO,MK2,GTI,GB,generation,VEH0124,2025,203,0.008110700219843578,7
RENAULT,5 GT TURBO,MK2,GTI,NL,generation,RDW,2026,382,,7
RENAULT,19 16V,MK1,GTI,GB,generation,VEH0124,2014,58,,4
RENAULT,19 16V,MK1,GTI,GB,generation,VEH0124,2015,48,,4
RENAULT,19 16V,MK1,GTI,GB,generation,VEH0124,2016,43,,4
RENAULT,19 16V,MK1,GTI,GB,generation,VEH0124,2017,40,0.12385451881082761,4
RENAULT,19 16V,MK1,GTI,GB,generation,VEH0124,2018,32,0.13515503603605486,5
RENAULT,19 16V,MK1,GTI,GB,generation,VEH0124,2019,29,0.1313014285690294,5
RENAULT,19 16V,MK1,GTI,GB,generation,VEH0124,2020,28,0.11889164797957748,5
RENAULT,19 16V,MK1,GTI,GB,generation,VEH0124,2021,25,0.08228669264384199,5
RENAULT,19 16V,MK1,GTI,GB,generation,VEH0124,2022,26,0.03639976398833067,5
RENAULT,19 16V,MK1,GTI,GB,generation,VEH0124,2023,19,0.1292551770029212,6
RENAULT,19 16V,MK1,GTI,GB,generation,VEH0124,2024,21,0.05811779571492585,6
RENAULT,19 16V,MK1,GTI,GB,generation,VEH0124,2025,23,0.040867440697444156,6
RENAULT,19 16V,MK1,GTI,NL,generation,RDW,2026,93,,6
RENAULT,TWINGO RS,MK2,GTI,GB,generation,VEH0124,2014,1069,,0
RENAULT,TWINGO RS,MK2,GTI,GB,generation,VEH0124,2015,1045,,1
RENAULT,TWINGO RS,MK2,GTI,GB,generation,VEH0124,2016,1033,,1
RENAULT,TWINGO RS,MK2,GTI,GB,generation,VEH0124,2017,1009,0.019254630223812203,1
RENAULT,TWINGO RS,MK2,GTI,GB,generation,VEH0124,2018,974,0.023453620252125457,1
RENAULT,TWINGO RS,MK2,GTI,GB,generation,VEH0124,2019,955,0.026170376212969398,1
RENAULT,TWINGO RS,MK2,GTI,GB,generation,VEH0124,2020,906,0.035891904770209614,2
RENAULT,TWINGO RS,MK2,GTI,GB,generation,VEH0124,2021,886,0.031564784345818,2
RENAULT,TWINGO RS,MK2,GTI,GB,generation,VEH0124,2022,830,0.0467618798966957,2
RENAULT,TWINGO RS,MK2,GTI,GB,generation,VEH0124,2023,796,0.043146706732865546,2
RENAULT,TWINGO RS,MK2,GTI,GB,generation,VEH0124,2024,738,0.06092437533486953,2
RENAULT,TWINGO RS,MK2,GTI,GB,generation,VEH0124,2025,707,0.05346501163135672,3
RENAULT,TWINGO RS,MK2,GTI,NL,generation,RDW,2026,1,,3
RENAULT,AVANTIME,MK1,COUPE,GB,generation,VEH0124,2014,274,,2
RENAULT,AVANTIME,MK1,COUPE,GB,generation,VEH0124,2015,246,,2
RENAULT,AVANTIME,MK1,COUPE,GB,generation,VEH0124,2016,210,,2
RENAULT,AVANTIME,MK1,COUPE,GB,generation,VEH0124,2017,205,0.096706042416554,3
RENAULT,AVANTIME,MK1,COUPE,GB,generation,VEH0124,2018,181,0.10227816822217879,3
RENAULT,AVANTIME,MK1,COUPE,GB,generation,VEH0124,2019,167,0.076371239433571,3
RENAULT,AVANTIME,MK1,COUPE,GB,generation,VEH0124,2020,146,0.1131344524766907,3
RENAULT,AVANTIME,MK1,COUPE,GB,generation,VEH0124,2021,154,0.05384814295073218,3
RENAULT,AVANTIME,MK1,COUPE,GB,generation,VEH0124,2022,135,0.07090634465944194,4
RENAULT,AVANTIME,MK1,COUPE,GB,generation,VEH0124,2023,125,0.05176429480201161,4
RENAULT,AVANTIME,MK1,COUPE,GB,generation,VEH0124,2024,124,0.07222367893619748,4
RENAULT,AVANTIME,MK1,COUPE,GB,generation,VEH0124,2025,111,0.06524819237536524,4
RENAULT,AVANTIME,MK1,COUPE,NL,generation,RDW,2026,207,,4
SAAB,900 TURBO,CLASSIC,COUPE,GB,generation,VEH0124,2014,1099,,5
SAAB,900 TURBO,CLASSIC,COUPE,GB,generation,VEH0124,2015,1014,,5
SAAB,900 TURBO,CLASSIC,COUPE,GB,generation,VEH0124,2016,965,,6
SAAB,900 TURBO,CLASSIC,COUPE,GB,generation,VEH0124,2017,901,0.06621689893176115,6
SAAB,900 TURBO,CLASSIC,COUPE,GB,generation,VEH0124,2018,836,0.06434319035547571,6
SAAB,900 TURBO,CLASSIC,COUPE,GB,generation,VEH0124,2019,766,0.07698197719946502,6
SAAB,900 TURBO,CLASSIC,COUPE,GB,generation,VEH0124,2020,699,0.08461817179150917,6
SAAB,900 TURBO,CLASSIC,COUPE,GB,generation,VEH0124,2021,683,0.06737791783797054,7
SAAB,900 TURBO,CLASSIC,COUPE,GB,generation,VEH0124,2022,666,0.046630833066733914,7
SAAB,900 TURBO,CLASSIC,COUPE,GB,generation,VEH0124,2023,599,0.05146304803945364,7
SAAB,900 TURBO,CLASSIC,COUPE,GB,generation,VEH0124,2024,574,0.05795515441707444,7
SAAB,900 TURBO,CLASSIC,COUPE,GB,generation,VEH0124,2025,548,0.06500479453079115,7
SAAB,900 TURBO,CLASSIC,COUPE,NL,generation,RDW,2026,508,,8
SAAB,9-3 VIGGEN,MK1,SPORTIVE,GB,generation,VEH0124,2014,161,,2
SAAB,9-3 VIGGEN,MK1,SPORTIVE,GB,generation,VEH0124,2015,160,,3
SAAB,9-3 VIGGEN,MK1,SPORTIVE,GB,generation,VEH0124,2016,137,,3
SAAB,9-3 VIGGEN,MK1,SPORTIVE,GB,generation,VEH0124,2017,132,0.06620081413269752,3
SAAB,9-3 VIGGEN,MK1,SPORTIVE,GB,generation,VEH0124,2018,115,0.11008056229019214,3
SAAB,9-3 VIGGEN,MK1,SPORTIVE,GB,generation,VEH0124,2019,106,0.08551394390535272,3
SAAB,9-3 VIGGEN,MK1,SPORTIVE,GB,generation,VEH0124,2020,101,0.0892271352483703,4
SAAB,9-3 VIGGEN,MK1,SPORTIVE,GB,generation,VEH0124,2021,90,0.08170748601099505,4
SAAB,9-3 VIGGEN,MK1,SPORTIVE,GB,generation,VEH0124,2022,91,0.050859862531739054,4
SAAB,9-3 VIGGEN,MK1,SPORTIVE,GB,generation,VEH0124,2023,89,0.04216138236970668,4
SAAB,9-3 VIGGEN,MK1,SPORTIVE,GB,generation,VEH0124,2024,79,0.04345393928774784,4
SAAB,9-3 VIGGEN,MK1,SPORTIVE,GB,generation,VEH0124,2025,81,0.03880345061480354,5
SAAB,9-3 VIGGEN,MK1,SPORTIVE,NL,generation,RDW,2026,10,,5
SEAT,IBIZA CUPRA,6K,GTI,GB,generation,VEH0124,2014,865,,3
SEAT,IBIZA CUPRA,6K,GTI,GB,generation,VEH0124,2015,635,,3
SEAT,IBIZA CUPRA,6K,GTI,GB,generation,VEH0124,2016,504,,3
SEAT,IBIZA CUPRA,6K,GTI,GB,generation,VEH0124,2017,385,0.2698287242146981,3
SEAT,IBIZA CUPRA,6K,GTI,GB,generation,VEH0124,2018,305,0.24443774076175995,3
SEAT,IBIZA CUPRA,6K,GTI,GB,generation,VEH0124,2019,230,0.2614989863827244,4
SEAT,IBIZA CUPRA,6K,GTI,GB,generation,VEH0124,2020,196,0.22504289168575595,4
SEAT,IBIZA CUPRA,6K,GTI,GB,generation,VEH0124,2021,178,0.1795094087717756,4
SEAT,IBIZA CUPRA,6K,GTI,GB,generation,VEH0124,2022,142,0.1607507504406449,4
SEAT,IBIZA CUPRA,6K,GTI,GB,generation,VEH0124,2023,127,0.14464252425730853,4
SEAT,IBIZA CUPRA,6K,GTI,GB,generation,VEH0124,2024,122,0.1259208351862761,5
SEAT,IBIZA CUPRA,6K,GTI,GB,generation,VEH0124,2025,107,0.09433274104645169,5
SEAT,IBIZA CUPRA,6K,GTI,NL,generation,RDW,2026,7,,5
SEAT,IBIZA CUPRA,6L,GTI,GB,generation,VEH0124,2014,827,,1
SEAT,IBIZA CUPRA,6L,GTI,GB,generation,VEH0124,2015,783,,1
SEAT,IBIZA CUPRA,6L,GTI,GB,generation,VEH0124,2016,706,,2
SEAT,IBIZA CUPRA,6L,GTI,GB,generation,VEH0124,2017,593,0.11087009867532178,2
SEAT,IBIZA CUPRA,6L,GTI,GB,generation,VEH0124,2018,487,0.1582895243027377,2
SEAT,IBIZA CUPRA,6L,GTI,GB,generation,VEH0124,2019,391,0.1969692258359587,2
SEAT,IBIZA CUPRA,6L,GTI,GB,generation,VEH0124,2020,357,0.16915287240602903,2
SEAT,IBIZA CUPRA,6L,GTI,GB,generation,VEH0124,2021,290,0.17279440003402335,3
SEAT,IBIZA CUPRA,6L,GTI,GB,generation,VEH0124,2022,252,0.14642615749131416,3
SEAT,IBIZA CUPRA,6L,GTI,GB,generation,VEH0124,2023,222,0.1583527999691198,3
SEAT,IBIZA CUPRA,6L,GTI,GB,generation,VEH0124,2024,178,0.1626991242294782,3
SEAT,IBIZA CUPRA,6L,GTI,GB,generation,VEH0124,2025,152,0.1685161888883823,3
SEAT,LEON CUPRA,1M,GTI,GB,generation,VEH0124,2014,9349,,2
SEAT,LEON CUPRA,1M,GTI,GB,generation,VEH0124,2015,8355,,2
SEAT,LEON CUPRA,1M,GTI,GB,generation,VEH0124,2016,7382,,2
SEAT,LEON CUPRA,1M,GTI,GB,generation,VEH0124,2017,6187,0.1376063563867754,3
SEAT,LEON CUPRA,1M,GTI,GB,generation,VEH0124,2018,5084,0.16558726957338324,3
SEAT,LEON CUPRA,1M,GTI,GB,generation,VEH0124,2019,4124,0.19407367948436458,3
SEAT,LEON CUPRA,1M,GTI,GB,generation,VEH0124,2020,3396,0.19995068269991734,3
SEAT,LEON CUPRA,1M,GTI,GB,generation,VEH0124,2021,2885,0.18885781778904823,3
SEAT,LEON CUPRA,1M,GTI,GB,generation,VEH0124,2022,2457,0.17262749087189042,4
SEAT,LEON CUPRA,1M,GTI,GB,generation,VEH0124,2023,2036,0.17053705658694143,4
SEAT,LEON CUPRA,1M,GTI,GB,generation,VEH0124,2024,1701,0.17610286218211288,4
SEAT,LEON CUPRA,1M,GTI,GB,generation,VEH0124,2025,1424,0.18182376018308588,4
SEAT,LEON CUPRA,1M,GTI,NL,generation,RDW,2026,3,,4
SEAT,LEON CUPRA,1P,GTI,GB,generation,VEH0124,2014,2248,,1
SEAT,LEON CUPRA,1P,GTI,GB,generation,VEH0124,2015,2209,,1
SEAT,LEON CUPRA,1P,GTI,GB,generation,VEH0124,2016,2145,,1
SEAT,LEON CUPRA,1P,GTI,GB,generation,VEH0124,2017,2056,0.029759528146175402,1
SEAT,LEON CUPRA,1P,GTI,GB,generation,VEH0124,2018,1943,0.04276891801422552,1
SEAT,LEON CUPRA,1P,GTI,GB,generation,VEH0124,2019,1856,0.04823863933865713,2
SEAT,LEON CUPRA,1P,GTI,GB,generation,VEH0124,2020,1780,0.04804966109630815,2
SEAT,LEON CUPRA,1P,GTI,GB,generation,VEH0124,2021,1704,0.04375158066272652,2
SEAT,LEON CUPRA,1P,GTI,GB,generation,VEH0124,2022,1594,0.05072568466532849,2
SEAT,LEON CUPRA,1P,GTI,GB,generation,VEH0124,2023,1457,0.06674461236364208,2
SEAT,LEON CUPRA,1P,GTI,GB,generation,VEH0124,2024,1331,0.08234929633138292,3
SEAT,LEON CUPRA,1P,GTI,GB,generation,VEH0124,2025,1204,0.0935324111604648,3
SEAT,LEON CUPRA,1P,GTI,NL,generation,RDW,2026,7,,3
SKODA,OCTAVIA VRS,1U,GTI,GB,generation,VEH0124,2014,4202,,2
SKODA,OCTAVIA VRS,1U,GTI,GB,generation,VEH0124,2015,3802,,2
SKODA,OCTAVIA VRS,1U,GTI,GB,generation,VEH0124,2016,3415,,2
SKODA,OCTAVIA VRS,1U,GTI,GB,generation,VEH0124,2017,2887,0.12511423391400367,2
SKODA,OCTAVIA VRS,1U,GTI,GB,generation,VEH0124,2018,2408,0.1522435722065545,3
SKODA,OCTAVIA VRS,1U,GTI,GB,generation,VEH0124,2019,2042,0.17141592442675999,3
SKODA,OCTAVIA VRS,1U,GTI,GB,generation,VEH0124,2020,1731,0.17050620816224202,3
SKODA,OCTAVIA VRS,1U,GTI,GB,generation,VEH0124,2021,1496,0.15866721596476316,3
SKODA,OCTAVIA VRS,1U,GTI,GB,generation,VEH0124,2022,1311,0.14771317165363693,3
SKODA,OCTAVIA VRS,1U,GTI,GB,generation,VEH0124,2023,1131,0.14186569302002935,4
SKODA,OCTAVIA VRS,1U,GTI,GB,generation,VEH0124,2024,940,0.15489009442345747,4
SKODA,OCTAVIA VRS,1U,GTI,GB,generation,VEH0124,2025,793,0.1675740873762841,4
SKODA,OCTAVIA VRS,1Z,GTI,GB,generation,VEH0124,2014,15169,,1
SKODA,OCTAVIA VRS,1Z,GTI,GB,generation,VEH0124,2015,14964,,1
SKODA,OCTAVIA VRS,1Z,GTI,GB,generation,VEH0124,2016,14621,,1
SKODA,OCTAVIA VRS,1Z,GTI,GB,generation,VEH0124,2017,14223,0.021464499673814547,1
SKODA,OCTAVIA VRS,1Z,GTI,GB,generation,VEH0124,2018,13762,0.027912048568537056,1
SKODA,OCTAVIA VRS,1Z,GTI,GB,generation,VEH0124,2019,13175,0.034712585669291585,2
SKODA,OCTAVIA VRS,1Z,GTI,GB,generation,VEH0124,2020,12747,0.036521474262435426,2
SKODA,OCTAVIA VRS,1Z,GTI,GB,generation,VEH0124,2021,12228,0.03939425558389983,2
SKODA,OCTAVIA VRS,1Z,GTI,GB,generation,VEH0124,2022,11657,0.040804745496577276,2
SKODA,OCTAVIA VRS,1Z,GTI,GB,generation,VEH0124,2023,10886,0.05260612992959205,2
SKODA,OCTAVIA VRS,1Z,GTI,GB,generation,VEH0124,2024,9919,0.06975876475491087,3
SKODA,OCTAVIA VRS,1Z,GTI,GB,generation,VEH0124,2025,8998,0.08630150917290476,3
SKODA,OCTAVIA VRS,1Z,GTI,NL,generation,RDW,2026,1,,3
SMART,ROADSTER,452,ROADSTER,GB,generation,VEH0124,2014,4696,,2
SMART,ROADSTER,452,ROADSTER,GB,generation,VEH0124,2015,4388,,2
SMART,ROADSTER,452,ROADSTER,GB,generation,VEH0124,2016,4041,,2
SMART,ROADSTER,452,ROADSTER,GB,generation,VEH0124,2017,3753,0.07471852079097079,2
SMART,ROADSTER,452,ROADSTER,GB,generation,VEH0124,2018,3485,0.07680183273349901,2
SMART,ROADSTER,452,ROADSTER,GB,generation,VEH0124,2019,3212,0.07653279667060708,3
SMART,ROADSTER,452,ROADSTER,GB,generation,VEH0124,2020,2904,0.08548880773011132,3
SMART,ROADSTER,452,ROADSTER,GB,generation,VEH0124,2021,2666,0.08929627415199004,3
SMART,ROADSTER,452,ROADSTER,GB,generation,VEH0124,2022,2509,0.0823365095667435,3
SMART,ROADSTER,452,ROADSTER,GB,generation,VEH0124,2023,2269,0.08224996372161512,3
SMART,ROADSTER,452,ROADSTER,GB,generation,VEH0124,2024,2015,0.09332000878595685,4
SMART,ROADSTER,452,ROADSTER,GB,generation,VEH0124,2025,1896,0.09337928785048503,4
SMART,ROADSTER,452,ROADSTER,NL,generation,RDW,2026,1115,,4
SUBARU,IMPREZA WRX,GC8,SPORTIVE,GB,generation,VEH0124,2014,4458,,3
SUBARU,IMPREZA WRX,GC8,SPORTIVE,GB,generation,VEH0124,2015,3707,,3
SUBARU,IMPREZA WRX,GC8,SPORTIVE,GB,generation,VEH0124,2016,3129,,4
SUBARU,IMPREZA WRX,GC8,SPORTIVE,GB,generation,VEH0124,2017,2663,0.17174897604396064,4
SUBARU,IMPREZA WRX,GC8,SPORTIVE,GB,generation,VEH0124,2018,2256,0.16554319684426103,4
SUBARU,IMPREZA WRX,GC8,SPORTIVE,GB,generation,VEH0124,2019,1891,0.167869225003475,4
SUBARU,IMPREZA WRX,GC8,SPORTIVE,GB,generation,VEH0124,2020,1657,0.15814818946245643,4
SUBARU,IMPREZA WRX,GC8,SPORTIVE,GB,generation,VEH0124,2021,1481,0.14029193278338337,5
SUBARU,IMPREZA WRX,GC8,SPORTIVE,GB,generation,VEH0124,2022,1315,0.1210897080155308,5
SUBARU,IMPREZA WRX,GC8,SPORTIVE,GB,generation,VEH0124,2023,1153,0.1208804990525012,5
SUBARU,IMPREZA WRX,GC8,SPORTIVE,GB,generation,VEH0124,2024,1094,0.1009589437619575,5
SUBARU,IMPREZA WRX,GC8,SPORTIVE,GB,generation,VEH0124,2025,1055,0.07343196623389936,5
SUBARU,IMPREZA WRX,GC8,SPORTIVE,NL,generation,RDW,2026,103,,6
SUBARU,IMPREZA WRX,GD,SPORTIVE,GB,generation,VEH0124,2014,14919,,2
SUBARU,IMPREZA WRX,GD,SPORTIVE,GB,generation,VEH0124,2015,14006,,2
SUBARU,IMPREZA WRX,GD,SPORTIVE,GB,generation,VEH0124,2016,12993,,2
SUBARU,IMPREZA WRX,GD,SPORTIVE,GB,generation,VEH0124,2017,11846,0.07688177018197943,2
SUBARU,IMPREZA WRX,GD,SPORTIVE,GB,generation,VEH0124,2018,10692,0.08999667031888474,3
SUBARU,IMPREZA WRX,GD,SPORTIVE,GB,generation,VEH0124,2019,9585,0.10140379146766361,3
SUBARU,IMPREZA WRX,GD,SPORTIVE,GB,generation,VEH0124,2020,8870,0.09643848717776156,3
SUBARU,IMPREZA WRX,GD,SPORTIVE,GB,generation,VEH0124,2021,8216,0.08780410855013798,3
SUBARU,IMPREZA WRX,GD,SPORTIVE,GB,generation,VEH0124,2022,7490,0.08221019298949332,3
SUBARU,IMPREZA WRX,GD,SPORTIVE,GB,generation,VEH0124,2023,6755,0.09079727496977578,4
SUBARU,IMPREZA WRX,GD,SPORTIVE,GB,generation,VEH0124,2024,6150,0.0965437969359435,4
SUBARU,IMPREZA WRX,GD,SPORTIVE,GB,generation,VEH0124,2025,5767,0.0871389276319506,4
SUBARU,IMPREZA WRX,GD,SPORTIVE,NL,generation,RDW,2026,54,,4
SUBARU,IMPREZA WRX,GR,SPORTIVE,GB,generation,VEH0124,2014,1841,,0
SUBARU,IMPREZA WRX,GR,SPORTIVE,GB,generation,VEH0124,2015,1805,,0
SUBARU,IMPREZA WRX,GR,SPORTIVE,GB,generation,VEH0124,2016,1737,,1
SUBARU,IMPREZA WRX,GR,SPORTIVE,GB,generation,VEH0124,2017,1652,0.036107409050718374,1
SUBARU,IMPREZA WRX,GR,SPORTIVE,GB,generation,VEH0124,2018,1569,0.046707372677982896,1
SUBARU,IMPREZA WRX,GR,SPORTIVE,GB,generation,VEH0124,2019,1473,0.054952783259491454,1
SUBARU,IMPREZA WRX,GR,SPORTIVE,GB,generation,VEH0124,2020,1410,0.05279899023623624,1
SUBARU,IMPREZA WRX,GR,SPORTIVE,GB,generation,VEH0124,2021,1339,0.05283846901395339,2
SUBARU,IMPREZA WRX,GR,SPORTIVE,GB,generation,VEH0124,2022,1225,0.06145343116126778,2
SUBARU,IMPREZA WRX,GR,SPORTIVE,GB,generation,VEH0124,2023,1179,0.05964102761161438,2
SUBARU,IMPREZA WRX,GR,SPORTIVE,GB,generation,VEH0124,2024,1070,0.07475480607840683,2
SUBARU,IMPREZA WRX,GR,SPORTIVE,GB,generation,VEH0124,2025,979,0.07472149348277224,2
SUBARU,IMPREZA WRX,GR,SPORTIVE,NL,generation,RDW,2026,26,,3
SUBARU,BRZ,ZC6,COUPE,GB,generation,VEH0124,2014,320,,-1
SUBARU,BRZ,ZC6,COUPE,GB,generation,VEH0124,2015,455,,-1
SUBARU,BRZ,ZC6,COUPE,GB,generation,VEH0124,2016,565,,0
SUBARU,BRZ,ZC6,COUPE,GB,generation,VEH0124,2017,711,-0.2661171446698229,0
SUBARU,BRZ,ZC6,COUPE,GB,generation,VEH0124,2018,770,-0.1753643652989263,0
SUBARU,BRZ,ZC6,COUPE,GB,generation,VEH0124,2019,841,-0.132588642942169,0
SUBARU,BRZ,ZC6,COUPE,GB,generation,VEH0124,2020,879,-0.07070415596064539,0
SUBARU,BRZ,ZC6,COUPE,GB,generation,VEH0124,2021,898,-0.05125985115149027,1
SUBARU,BRZ,ZC6,COUPE,GB,generation,VEH0124,2022,888,-0.018126694339740606,1
SUBARU,BRZ,ZC6,COUPE,GB,generation,VEH0124,2023,862,0.006509875673827992,1
SUBARU,BRZ,ZC6,COUPE,GB,generation,VEH0124,2024,865,0.012480187123440345,1
SUBARU,BRZ,ZC6,COUPE,GB,generation,VEH0124,2025,856,0.01223378895014271,1
SUBARU,BRZ,ZC6,COUPE,NL,generation,RDW,2026,98,,2
SUZUKI,CAPPUCCINO,EA11R,ROADSTER,GB,generation,VEH0124,2014,300,,4
SUZUKI,CAPPUCCINO,EA11R,ROADSTER,GB,generation,VEH0124,2015,275,,4
SUZUKI,CAPPUCCINO,EA11R,ROADSTER,GB,generation,VEH0124,2016,249,,4
SUZUKI,CAPPUCCINO,EA11R,ROADSTER,GB,generation,VEH0124,2017,221,0.10187325771281615,4
SUZUKI,CAPPUCCINO,EA11R,ROADSTER,GB,generation,VEH0124,2018,192,0.11975857521293005,4
SUZUKI,CAPPUCCINO,EA11R,ROADSTER,GB,generation,VEH0124,2019,174,0.11946586575005942,5
SUZUKI,CAPPUCCINO,EA11R,ROADSTER,GB,generation,VEH0124,2020,163,0.10147083357033004,5
SUZUKI,CAPPUCCINO,EA11R,ROADSTER,GB,generation,VEH0124,2021,152,0.07787161706050168,5
SUZUKI,CAPPUCCINO,EA11R,ROADSTER,GB,generation,VEH0124,2022,148,0.05394767515013813,5
SUZUKI,CAPPUCCINO,EA11R,ROADSTER,GB,generation,VEH0124,2023,131,0.07285095920187039,5
SUZUKI,CAPPUCCINO,EA11R,ROADSTER,GB,generation,VEH0124,2024,125,0.06518892784799164,6
SUZUKI,CAPPUCCINO,EA11R,ROADSTER,GB,generation,VEH0124,2025,122,0.06439707634361931,6
SUZUKI,CAPPUCCINO,EA11R,ROADSTER,NL,generation,RDW,2026,59,,6
SUZUKI,SWIFT SPORT,ZC31,GTI,GB,generation,VEH0124,2014,4602,,1
SUZUKI,SWIFT SPORT,ZC31,GTI,GB,generation,VEH0124,2015,4512,,1
SUZUKI,SWIFT SPORT,ZC31,GTI,GB,generation,VEH0124,2016,4391,,1
SUZUKI,SWIFT SPORT,ZC31,GTI,GB,generation,VEH0124,2017,4235,0.02770255450305233,1
SUZUKI,SWIFT SPORT,ZC31,GTI,GB,generation,VEH0124,2018,4064,0.034857601306525744,2
SUZUKI,SWIFT SPORT,ZC31,GTI,GB,generation,VEH0124,2019,3801,0.048097600524155716,2
SUZUKI,SWIFT SPORT,ZC31,GTI,GB,generation,VEH0124,2020,3610,0.0532251852530757,2
SUZUKI,SWIFT SPORT,ZC31,GTI,GB,generation,VEH0124,2021,3371,0.06231942467475271,2
SUZUKI,SWIFT SPORT,ZC31,GTI,GB,generation,VEH0124,2022,3151,0.06251477574399189,2
SUZUKI,SWIFT SPORT,ZC31,GTI,GB,generation,VEH0124,2023,2843,0.0796159798919757,3
SUZUKI,SWIFT SPORT,ZC31,GTI,GB,generation,VEH0124,2024,2472,0.10339396555215963,3
SUZUKI,SWIFT SPORT,ZC31,GTI,GB,generation,VEH0124,2025,2148,0.1277275620428394,3
SUZUKI,SWIFT SPORT,ZC31,GTI,NL,generation,RDW,2026,27,,3
TOYOTA,SUPRA,A70,SPORTIVE,GB,generation,VEH0124,2014,364,,5
TOYOTA,SUPRA,A70,SPORTIVE,GB,generation,VEH0124,2015,341,,5
TOYOTA,SUPRA,A70,SPORTIVE,GB,generation,VEH0124,2016,311,,5
TOYOTA,SUPRA,A70,SPORTIVE,GB,generation,VEH0124,2017,301,0.06334786762928839,5
TOYOTA,SUPRA,A70,SPORTIVE,GB,generation,VEH0124,2018,291,0.052853070037341375,5
TOYOTA,SUPRA,A70,SPORTIVE,GB,generation,VEH0124,2019,262,0.057149469472712454,6
TOYOTA,SUPRA,A70,SPORTIVE,GB,generation,VEH0124,2020,247,0.06590730937363265,6
TOYOTA,SUPRA,A70,SPORTIVE,GB,generation,VEH0124,2021,234,0.07266738393793037,6
TOYOTA,SUPRA,A70,SPORTIVE,GB,generation,VEH0124,2022,204,0.0834081699722935,6
TOYOTA,SUPRA,A70,SPORTIVE,GB,generation,VEH0124,2023,174,0.11677767913781611,6
TOYOTA,SUPRA,A70,SPORTIVE,GB,generation,VEH0124,2024,170,0.1065075594358132,7
TOYOTA,SUPRA,A70,SPORTIVE,GB,generation,VEH0124,2025,183,0.036211280334264906,7
TOYOTA,SUPRA,A70,SPORTIVE,NL,generation,RDW,2026,187,,7
TOYOTA,SUPRA,A80,SPORTIVE,GB,generation,VEH0124,2014,167,,3
TOYOTA,SUPRA,A80,SPORTIVE,GB,generation,VEH0124,2015,168,,3
TOYOTA,SUPRA,A80,SPORTIVE,GB,generation,VEH0124,2016,155,,3
TOYOTA,SUPRA,A80,SPORTIVE,GB,generation,VEH0124,2017,153,0.02918529700810672,4
TOYOTA,SUPRA,A80,SPORTIVE,GB,generation,VEH0124,2018,134,0.07537472648411588,4
TOYOTA,SUPRA,A80,SPORTIVE,GB,generation,VEH0124,2019,111,0.11129830520230428,4
TOYOTA,SUPRA,A80,SPORTIVE,GB,generation,VEH0124,2020,100,0.14175591180144784,4
TOYOTA,SUPRA,A80,SPORTIVE,GB,generation,VEH0124,2021,95,0.11465430278345679,4
TOYOTA,SUPRA,A80,SPORTIVE,GB,generation,VEH0124,2022,91,0.06622356493182806,5
TOYOTA,SUPRA,A80,SPORTIVE,GB,generation,VEH0124,2023,80,0.07438118377140353,5
TOYOTA,SUPRA,A80,SPORTIVE,GB,generation,VEH0124,2024,78,0.06572268830364969,5
TOYOTA,SUPRA,A80,SPORTIVE,GB,generation,VEH0124,2025,78,0.05138355994241935,5
TOYOTA,SUPRA,A80,SPORTIVE,NL,generation,RDW,2026,187,,5
TOYOTA,MR2,SW20,SPORTIVE,GB,generation,VEH0124,2014,3873,,4
TOYOTA,MR2,SW20,SPORTIVE,GB,generation,VEH0124,2015,3436,,4
TOYOTA,MR2,SW20,SPORTIVE,GB,generation,VEH0124,2016,3069,,4
TOYOTA,MR2,SW20,SPORTIVE,GB,generation,VEH0124,2017,2667,0.12435838511091261,4
TOYOTA,MR2,SW20,SPORTIVE,GB,generation,VEH0124,2018,2397,0.120030016223254,4
TOYOTA,MR2,SW20,SPORTIVE,GB,generation,VEH0124,2019,2167,0.11600268436112564,5
TOYOTA,MR2,SW20,SPORTIVE,GB,generation,VEH0124,2020,1949,0.10454594155815133,5
TOYOTA,MR2,SW20,SPORTIVE,GB,generation,VEH0124,2021,1864,0.08383107972961608,5
TOYOTA,MR2,SW20,SPORTIVE,GB,generation,VEH0124,2022,1732,0.07468897080465957,5
TOYOTA,MR2,SW20,SPORTIVE,GB,generation,VEH0124,2023,1605,0.06473088798114812,5
TOYOTA,MR2,SW20,SPORTIVE,GB,generation,VEH0124,2024,1467,0.0798350723675183,6
TOYOTA,MR2,SW20,SPORTIVE,GB,generation,VEH0124,2025,1416,0.06714693828957181,6
TOYOTA,MR2,SW20,SPORTIVE,NL,generation,RDW,2026,646,,6
TOYOTA,MR2,ZZW30,ROADSTER,GB,generation,VEH0124,2014,10464,,2
TOYOTA,MR2,ZZW30,ROADSTER,GB,generation,VEH0124,2015,9958,,2
TOYOTA,MR2,ZZW30,ROADSTER,GB,generation,VEH0124,2016,9238,,2
TOYOTA,MR2,ZZW30,ROADSTER,GB,generation,VEH0124,2017,8296,0.07738910792920528,2
TOYOTA,MR2,ZZW30,ROADSTER,GB,generation,VEH0124,2018,7577,0.09108630175691819,3
TOYOTA,MR2,ZZW30,ROADSTER,GB,generation,VEH0124,2019,7007,0.09213858754000566,3
TOYOTA,MR2,ZZW30,ROADSTER,GB,generation,VEH0124,2020,6238,0.09503795091387168,3
TOYOTA,MR2,ZZW30,ROADSTER,GB,generation,VEH0124,2021,5960,0.08001562062399259,3
TOYOTA,MR2,ZZW30,ROADSTER,GB,generation,VEH0124,2022,5480,0.08193484947615737,3
TOYOTA,MR2,ZZW30,ROADSTER,GB,generation,VEH0124,2023,5034,0.07148157382416247,4
TOYOTA,MR2,ZZW30,ROADSTER,GB,generation,VEH0124,2024,4571,0.0884461605758838,4
TOYOTA,MR2,ZZW30,ROADSTER,GB,generation,VEH0124,2025,4258,0.08410184482954541,4
TOYOTA,MR2,ZZW30,ROADSTER,NL,generation,RDW,2026,887,,4
TOYOTA,CELICA,T200,COUPE,GB,generation,VEH0124,2014,3843,,3
TOYOTA,CELICA,T200,COUPE,GB,generation,VEH0124,2015,3218,,3
TOYOTA,CELICA,T200,COUPE,GB,generation,VEH0124,2016,2557,,4
TOYOTA,CELICA,T200,COUPE,GB,generation,VEH0124,2017,2101,0.2012799632399478,4
TOYOTA,CELICA,T200,COUPE,GB,generation,VEH0124,2018,1778,0.19775697049282628,4
TOYOTA,CELICA,T200,COUPE,GB,generation,VEH0124,2019,1529,0.17140692312070804,4
TOYOTA,CELICA,T200,COUPE,GB,generation,VEH0124,2020,1351,0.14718945429493382,4
TOYOTA,CELICA,T200,COUPE,GB,generation,VEH0124,2021,1210,0.12828959249435457,5
TOYOTA,CELICA,T200,COUPE,GB,generation,VEH0124,2022,1072,0.11836262143277161,5
TOYOTA,CELICA,T200,COUPE,GB,generation,VEH0124,2023,941,0.12055239945827327,5
TOYOTA,CELICA,T200,COUPE,GB,generation,VEH0124,2024,861,0.11342704472101861,5
TOYOTA,CELICA,T200,COUPE,GB,generation,VEH0124,2025,773,0.10900076434777499,5
TOYOTA,CELICA,T200,COUPE,NL,generation,RDW,2026,444,,6
TOYOTA,CELICA,T230,COUPE,GB,generation,VEH0124,2014,23886,,2
TOYOTA,CELICA,T230,COUPE,GB,generation,VEH0124,2015,21848,,2
TOYOTA,CELICA,T230,COUPE,GB,generation,VEH0124,2016,19617,,2
TOYOTA,CELICA,T230,COUPE,GB,generation,VEH0124,2017,17139,0.1106453149452662,3
TOYOTA,CELICA,T230,COUPE,GB,generation,VEH0124,2018,14730,0.13140771789895508,3
TOYOTA,CELICA,T230,COUPE,GB,generation,VEH0124,2019,12493,0.1504093499325189,3
TOYOTA,CELICA,T230,COUPE,GB,generation,VEH0124,2020,10847,0.15248934145078508,3
TOYOTA,CELICA,T230,COUPE,GB,generation,VEH0124,2021,9414,0.14922942916519588,3
TOYOTA,CELICA,T230,COUPE,GB,generation,VEH0124,2022,8211,0.13989792290767986,4
TOYOTA,CELICA,T230,COUPE,GB,generation,VEH0124,2023,7068,0.14277032986687685,4
TOYOTA,CELICA,T230,COUPE,GB,generation,VEH0124,2024,6098,0.14474569813762925,4
TOYOTA,CELICA,T230,COUPE,GB,generation,VEH0124,2025,5254,0.14882834248776788,4
TOYOTA,CELICA,T230,COUPE,NL,generation,RDW,2026,1067,,4
TOYOTA,CELICA GT-FOUR,ST185_ST205,SPORTIVE,GB,generation,VEH0124,2014,39,,4
TOYOTA,CELICA GT-FOUR,ST185_ST205,SPORTIVE,GB,generation,VEH0124,2015,37,,4
TOYOTA,CELICA GT-FOUR,ST185_ST205,SPORTIVE,GB,generation,VEH0124,2016,34,,4
TOYOTA,CELICA GT-FOUR,ST185_ST205,SPORTIVE,GB,generation,VEH0124,2017,35,0.036071194880077595,4
TOYOTA,CELICA GT-FOUR,ST185_ST205,SPORTIVE,GB,generation,VEH0124,2018,30,0.06990684366068962,4
TOYOTA,CELICA GT-FOUR,ST185_ST205,SPORTIVE,GB,generation,VEH0124,2019,31,0.03079110671033843,5
TOYOTA,CELICA GT-FOUR,ST185_ST205,SPORTIVE,GB,generation,VEH0124,2020,29,0.06268407716764646,5
TOYOTA,CELICA GT-FOUR,ST185_ST205,SPORTIVE,GB,generation,VEH0124,2021,33,-0.03177005993477492,5
TOYOTA,CELICA GT-FOUR,ST185_ST205,SPORTIVE,GB,generation,VEH0124,2022,24,0.08531112471240017,5
TOYOTA,CELICA GT-FOUR,ST185_ST205,SPORTIVE,GB,generation,VEH0124,2023,26,0.03639976398833067,5
TOYOTA,CELICA GT-FOUR,ST185_ST205,SPORTIVE,GB,generation,VEH0124,2024,20,0.1669250959708298,6
TOYOTA,CELICA GT-FOUR,ST185_ST205,SPORTIVE,GB,generation,VEH0124,2025,21,0.04451046420817425,6
TOYOTA,CELICA GT-FOUR,ST185_ST205,SPORTIVE,NL,generation,RDW,2026,1,,6
TOYOTA,GT86,ZN6,COUPE,GB,generation,VEH0124,2014,4001,,-1
TOYOTA,GT86,ZN6,COUPE,GB,generation,VEH0124,2015,4679,,-1
TOYOTA,GT86,ZN6,COUPE,GB,generation,VEH0124,2016,5325,,0
TOYOTA,GT86,ZN6,COUPE,GB,generation,VEH0124,2017,5858,-0.12708797284348114,0
TOYOTA,GT86,ZN6,COUPE,GB,generation,VEH0124,2018,6281,-0.09814826386272142,0
TOYOTA,GT86,ZN6,COUPE,GB,generation,VEH0124,2019,6575,-0.07028728882277946,0
TOYOTA,GT86,ZN6,COUPE,GB,generation,VEH0124,2020,6732,-0.04635467597433932,0
TOYOTA,GT86,ZN6,COUPE,GB,generation,VEH0124,2021,6550,-0.013978615391639101,1
TOYOTA,GT86,ZN6,COUPE,GB,generation,VEH0124,2022,6760,-0.009249437330348442,1
TOYOTA,GT86,ZN6,COUPE,GB,generation,VEH0124,2023,7873,-0.05218896929125686,1
TOYOTA,GT86,ZN6,COUPE,GB,generation,VEH0124,2024,7808,-0.058561266487876885,1
TOYOTA,GT86,ZN6,COUPE,GB,generation,VEH0124,2025,7720,-0.044263824660603746,1
TOYOTA,GT86,ZN6,COUPE,NL,generation,RDW,2026,460,,2
TVR,CHIMAERA,CHIMAERA,ROADSTER,GB,generation,VEH0124,2014,2366,,3
TVR,CHIMAERA,CHIMAERA,ROADSTER,GB,generation,VEH0124,2015,2359,,3
TVR,CHIMAERA,CHIMAERA,ROADSTER,GB,generation,VEH0124,2016,2218,,3
TVR,CHIMAERA,CHIMAERA,ROADSTER,GB,generation,VEH0124,2017,2179,0.027444903197904047,4
TVR,CHIMAERA,CHIMAERA,ROADSTER,GB,generation,VEH0124,2018,2102,0.038449509323592736,4
TVR,CHIMAERA,CHIMAERA,ROADSTER,GB,generation,VEH0124,2019,2017,0.03166487665203377,4
TVR,CHIMAERA,CHIMAERA,ROADSTER,GB,generation,VEH0124,2020,1889,0.04760615581437033,4
TVR,CHIMAERA,CHIMAERA,ROADSTER,GB,generation,VEH0124,2021,1902,0.033327769443853704,4
TVR,CHIMAERA,CHIMAERA,ROADSTER,GB,generation,VEH0124,2022,1799,0.038126768001225976,5
TVR,CHIMAERA,CHIMAERA,ROADSTER,GB,generation,VEH0124,2023,1671,0.040875112968705274,5
TVR,CHIMAERA,CHIMAERA,ROADSTER,GB,generation,VEH0124,2024,1640,0.049403240762363985,5
TVR,CHIMAERA,CHIMAERA,ROADSTER,GB,generation,VEH0124,2025,1590,0.041165646245418706,5
TVR,CHIMAERA,CHIMAERA,ROADSTER,NL,generation,RDW,2026,92,,5
TVR,GRIFFITH,GRIFFITH,ROADSTER,GB,generation,VEH0124,2014,643,,3
TVR,GRIFFITH,GRIFFITH,ROADSTER,GB,generation,VEH0124,2015,606,,3
TVR,GRIFFITH,GRIFFITH,ROADSTER,GB,generation,VEH0124,2016,626,,4
TVR,GRIFFITH,GRIFFITH,ROADSTER,GB,generation,VEH0124,2017,592,0.02754602978453787,4
TVR,GRIFFITH,GRIFFITH,ROADSTER,GB,generation,VEH0124,2018,568,0.021586189116054182,4
TVR,GRIFFITH,GRIFFITH,ROADSTER,GB,generation,VEH0124,2019,559,0.03773363264833307,4
TVR,GRIFFITH,GRIFFITH,ROADSTER,GB,generation,VEH0124,2020,508,0.05100839576850783,4
TVR,GRIFFITH,GRIFFITH,ROADSTER,GB,generation,VEH0124,2021,511,0.035250609505815746,5
TVR,GRIFFITH,GRIFFITH,ROADSTER,GB,generation,VEH0124,2022,506,0.033204267955877796,5
TVR,GRIFFITH,GRIFFITH,ROADSTER,GB,generation,VEH0124,2023,469,0.026626226377400936,5
TVR,GRIFFITH,GRIFFITH,ROADSTER,GB,generation,VEH0124,2024,460,0.03504770024018781,5
TVR,GRIFFITH,GRIFFITH,ROADSTER,GB,generation,VEH0124,2025,450,0.03909636217436674,5
TVR,GRIFFITH,GRIFFITH,ROADSTER,NL,generation,RDW,2026,58,,6
TVR,CERBERA,CERBERA,COUPE,GB,generation,VEH0124,2014,445,,2
TVR,CERBERA,CERBERA,COUPE,GB,generation,VEH0124,2015,451,,2
TVR,CERBERA,CERBERA,COUPE,GB,generation,VEH0124,2016,435,,3
TVR,CERBERA,CERBERA,COUPE,GB,generation,VEH0124,2017,403,0.033045906739852526,3
TVR,CERBERA,CERBERA,COUPE,GB,generation,VEH0124,2018,367,0.06870183048270266,3
TVR,CERBERA,CERBERA,COUPE,GB,generation,VEH0124,2019,367,0.05666139434470452,3
TVR,CERBERA,CERBERA,COUPE,GB,generation,VEH0124,2020,332,0.0646005310100648,3
TVR,CERBERA,CERBERA,COUPE,GB,generation,VEH0124,2021,331,0.03441449089250259,4
TVR,CERBERA,CERBERA,COUPE,GB,generation,VEH0124,2022,308,0.05842068836033221,4
TVR,CERBERA,CERBERA,COUPE,GB,generation,VEH0124,2023,276,0.061578034399779526,4
TVR,CERBERA,CERBERA,COUPE,GB,generation,VEH0124,2024,268,0.07037713162206878,4
TVR,CERBERA,CERBERA,COUPE,GB,generation,VEH0124,2025,273,0.04020932926287143,4
TVR,CERBERA,CERBERA,COUPE,NL,generation,RDW,2026,20,,5
TVR,TUSCAN,TUSCAN,SPORTIVE,GB,generation,VEH0124,2014,847,,2
TVR,TUSCAN,TUSCAN,SPORTIVE,GB,generation,VEH0124,2015,840,,2
TVR,TUSCAN,TUSCAN,SPORTIVE,GB,generation,VEH0124,2016,816,,2
TVR,TUSCAN,TUSCAN,SPORTIVE,GB,generation,VEH0124,2017,770,0.03177005993477522,3
TVR,TUSCAN,TUSCAN,SPORTIVE,GB,generation,VEH0124,2018,744,0.04045361900142256,3
TVR,TUSCAN,TUSCAN,SPORTIVE,GB,generation,VEH0124,2019,718,0.042648261971960956,3
TVR,TUSCAN,TUSCAN,SPORTIVE,GB,generation,VEH0124,2020,664,0.04936945512376519,3
TVR,TUSCAN,TUSCAN,SPORTIVE,GB,generation,VEH0124,2021,692,0.02415169307180746,3
TVR,TUSCAN,TUSCAN,SPORTIVE,GB,generation,VEH0124,2022,662,0.02706800437040524,4
TVR,TUSCAN,TUSCAN,SPORTIVE,GB,generation,VEH0124,2023,606,0.030467387802373125,4
TVR,TUSCAN,TUSCAN,SPORTIVE,GB,generation,VEH0124,2024,572,0.06348232141262382,4
TVR,TUSCAN,TUSCAN,SPORTIVE,GB,generation,VEH0124,2025,556,0.058165753895475326,4
TVR,TUSCAN,TUSCAN,SPORTIVE,NL,generation,RDW,2026,45,,4
TVR,SAGARIS,SAGARIS,SPORTIVE,GB,generation,VEH0124,2014,116,,1
TVR,SAGARIS,SAGARIS,SPORTIVE,GB,generation,VEH0124,2015,111,,2
TVR,SAGARIS,SAGARIS,SPORTIVE,GB,generation,VEH0124,2016,115,,2
TVR,SAGARIS,SAGARIS,SPORTIVE,GB,generation,VEH0124,2017,110,0.017703275104649308,2
TVR,SAGARIS,SAGARIS,SPORTIVE,GB,generation,VEH0124,2018,97,0.04493974093631703,2
TVR,SAGARIS,SAGARIS,SPORTIVE,GB,generation,VEH0124,2019,91,0.07802420728213348,2
TVR,SAGARIS,SAGARIS,SPORTIVE,GB,generation,VEH0124,2020,80,0.10615124370617846,3
TVR,SAGARIS,SAGARIS,SPORTIVE,GB,generation,VEH0124,2021,90,0.024967102724372598,3
TVR,SAGARIS,SAGARIS,SPORTIVE,GB,generation,VEH0124,2022,84,0.02668090255784546,3
TVR,SAGARIS,SAGARIS,SPORTIVE,GB,generation,VEH0124,2023,85,-0.020208207272145156,3
TVR,SAGARIS,SAGARIS,SPORTIVE,GB,generation,VEH0124,2024,79,0.04345393928774784,3
TVR,SAGARIS,SAGARIS,SPORTIVE,GB,generation,VEH0124,2025,76,0.033361152852327436,4
TVR,SAGARIS,SAGARIS,SPORTIVE,NL,generation,RDW,2026,3,,4
VOLKSWAGEN,GOLF GTI,MK2,GTI,GB,generation,VEH0124,2014,4112,,5
VOLKSWAGEN,GOLF GTI,MK2,GTI,GB,generation,VEH0124,2015,3832,,5
VOLKSWAGEN,GOLF GTI,MK2,GTI,GB,generation,VEH0124,2016,3555,,5
VOLKSWAGEN,GOLF GTI,MK2,GTI,GB,generation,VEH0124,2017,3209,0.08265005534171443,6
VOLKSWAGEN,GOLF GTI,MK2,GTI,GB,generation,VEH0124,2018,2982,0.08359754792202227,6
VOLKSWAGEN,GOLF GTI,MK2,GTI,GB,generation,VEH0124,2019,2672,0.09517593586026862,6
VOLKSWAGEN,GOLF GTI,MK2,GTI,GB,generation,VEH0124,2020,2550,0.07662200098579526,6
VOLKSWAGEN,GOLF GTI,MK2,GTI,GB,generation,VEH0124,2021,2459,0.06427981770283046,6
VOLKSWAGEN,GOLF GTI,MK2,GTI,GB,generation,VEH0124,2022,2329,0.0457960882573983,7
VOLKSWAGEN,GOLF GTI,MK2,GTI,GB,generation,VEH0124,2023,2177,0.05271519230597477,7
VOLKSWAGEN,GOLF GTI,MK2,GTI,GB,generation,VEH0124,2024,2027,0.06439929858806437,7
VOLKSWAGEN,GOLF GTI,MK2,GTI,GB,generation,VEH0124,2025,2051,0.042370503937320336,7
VOLKSWAGEN,GOLF GTI,MK2,GTI,NL,generation,RDW,2026,1503,,7
VOLKSWAGEN,GOLF GTI,MK3,GTI,GB,generation,VEH0124,2014,4625,,4
VOLKSWAGEN,GOLF GTI,MK3,GTI,GB,generation,VEH0124,2015,3545,,4
VOLKSWAGEN,GOLF GTI,MK3,GTI,GB,generation,VEH0124,2016,2626,,4
VOLKSWAGEN,GOLF GTI,MK3,GTI,GB,generation,VEH0124,2017,2083,0.2658890695618516,4
VOLKSWAGEN,GOLF GTI,MK3,GTI,GB,generation,VEH0124,2018,1716,0.24184738630610672,4
VOLKSWAGEN,GOLF GTI,MK3,GTI,GB,generation,VEH0124,2019,1457,0.19636074955584557,5
VOLKSWAGEN,GOLF GTI,MK3,GTI,GB,generation,VEH0124,2020,1232,0.17505676572250226,5
VOLKSWAGEN,GOLF GTI,MK3,GTI,GB,generation,VEH0124,2021,1089,0.15157871903831577,5
VOLKSWAGEN,GOLF GTI,MK3,GTI,GB,generation,VEH0124,2022,943,0.14502284118724904,5
VOLKSWAGEN,GOLF GTI,MK3,GTI,GB,generation,VEH0124,2023,840,0.12766408408536853,5
VOLKSWAGEN,GOLF GTI,MK3,GTI,GB,generation,VEH0124,2024,727,0.13469621513314708,6
VOLKSWAGEN,GOLF GTI,MK3,GTI,GB,generation,VEH0124,2025,685,0.10654914812374401,6
VOLKSWAGEN,GOLF GTI,MK3,GTI,NL,generation,RDW,2026,508,,6
VOLKSWAGEN,GOLF GTI,MK4,GTI,GB,generation,VEH0124,2014,41568,,2
VOLKSWAGEN,GOLF GTI,MK4,GTI,GB,generation,VEH0124,2015,35792,,3
VOLKSWAGEN,GOLF GTI,MK4,GTI,GB,generation,VEH0124,2016,29888,,3
VOLKSWAGEN,GOLF GTI,MK4,GTI,GB,generation,VEH0124,2017,24042,0.18250944653537537,3
VOLKSWAGEN,GOLF GTI,MK4,GTI,GB,generation,VEH0124,2018,19171,0.2081085614032876,3
VOLKSWAGEN,GOLF GTI,MK4,GTI,GB,generation,VEH0124,2019,15266,0.22394297622338458,3
VOLKSWAGEN,GOLF GTI,MK4,GTI,GB,generation,VEH0124,2020,12358,0.22183289141442467,4
VOLKSWAGEN,GOLF GTI,MK4,GTI,GB,generation,VEH0124,2021,10048,0.2153417036040229,4
VOLKSWAGEN,GOLF GTI,MK4,GTI,GB,generation,VEH0124,2022,8508,0.19487374534609594,4
VOLKSWAGEN,GOLF GTI,MK4,GTI,GB,generation,VEH0124,2023,7133,0.18319057444762935,4
VOLKSWAGEN,GOLF GTI,MK4,GTI,GB,generation,VEH0124,2024,5993,0.17226049608326477,4
VOLKSWAGEN,GOLF GTI,MK4,GTI,GB,generation,VEH0124,2025,5114,0.16967500682299885,5
VOLKSWAGEN,GOLF GTI,MK4,GTI,NL,generation,RDW,2026,21,,5
VOLKSWAGEN,GOLF GTI,MK5,GTI,GB,generation,VEH0124,2014,18285,,1
VOLKSWAGEN,GOLF GTI,MK5,GTI,GB,generation,VEH0124,2015,17788,,1
VOLKSWAGEN,GOLF GTI,MK5,GTI,GB,generation,VEH0124,2016,17397,,2
VOLKSWAGEN,GOLF GTI,MK5,GTI,GB,generation,VEH0124,2017,16860,0.027045699675878037,2
VOLKSWAGEN,GOLF GTI,MK5,GTI,GB,generation,VEH0124,2018,16093,0.03337989260403044,2
VOLKSWAGEN,GOLF GTI,MK5,GTI,GB,generation,VEH0124,2019,15348,0.04177086839256935,2
VOLKSWAGEN,GOLF GTI,MK5,GTI,GB,generation,VEH0124,2020,14508,0.05008124371768474,2
VOLKSWAGEN,GOLF GTI,MK5,GTI,GB,generation,VEH0124,2021,13737,0.05276382416442971,3
VOLKSWAGEN,GOLF GTI,MK5,GTI,GB,generation,VEH0124,2022,13107,0.05261291124909917,3
VOLKSWAGEN,GOLF GTI,MK5,GTI,GB,generation,VEH0124,2023,12189,0.05805543858231843,3
VOLKSWAGEN,GOLF GTI,MK5,GTI,GB,generation,VEH0124,2024,11183,0.06856605143233925,3
VOLKSWAGEN,GOLF GTI,MK5,GTI,GB,generation,VEH0124,2025,10209,0.08329225148350972,3
VOLKSWAGEN,GOLF GTI,MK5,GTI,NL,generation,RDW,2026,52,,4
VOLKSWAGEN,GOLF GTI,MK6,GTI,GB,generation,VEH0124,2014,6280,,0
VOLKSWAGEN,GOLF GTI,MK6,GTI,GB,generation,VEH0124,2015,6190,,1
VOLKSWAGEN,GOLF GTI,MK6,GTI,GB,generation,VEH0124,2016,6104,,1
VOLKSWAGEN,GOLF GTI,MK6,GTI,GB,generation,VEH0124,2017,5985,0.016037880490056722,1
VOLKSWAGEN,GOLF GTI,MK6,GTI,GB,generation,VEH0124,2018,5853,0.018660245462474023,1
VOLKSWAGEN,GOLF GTI,MK6,GTI,GB,generation,VEH0124,2019,5802,0.016913869427648127,1
VOLKSWAGEN,GOLF GTI,MK6,GTI,GB,generation,VEH0124,2020,5698,0.016380367644739973,2
VOLKSWAGEN,GOLF GTI,MK6,GTI,GB,generation,VEH0124,2021,5611,0.01407513118008256,2
VOLKSWAGEN,GOLF GTI,MK6,GTI,GB,generation,VEH0124,2022,5492,0.01830339926449594,2
VOLKSWAGEN,GOLF GTI,MK6,GTI,GB,generation,VEH0124,2023,5300,0.02413613850588033,2
VOLKSWAGEN,GOLF GTI,MK6,GTI,GB,generation,VEH0124,2024,5078,0.033270491162115924,2
VOLKSWAGEN,GOLF GTI,MK6,GTI,GB,generation,VEH0124,2025,4950,0.034634970441708525,3
VOLKSWAGEN,GOLF GTI,MK6,GTI,NL,generation,RDW,2026,89,,3
VOLKSWAGEN,GOLF GTI,MK7,GTI,GB,generation,VEH0124,2014,5075,,-1
VOLKSWAGEN,GOLF GTI,MK7,GTI,GB,generation,VEH0124,2015,7770,,-1
VOLKSWAGEN,GOLF GTI,MK7,GTI,GB,generation,VEH0124,2016,11659,,0
VOLKSWAGEN,GOLF GTI,MK7,GTI,GB,generation,VEH0124,2017,17021,-0.4033737836326618,0
VOLKSWAGEN,GOLF GTI,MK7,GTI,GB,generation,VEH0124,2018,22166,-0.349429806324635,0
VOLKSWAGEN,GOLF GTI,MK7,GTI,GB,generation,VEH0124,2019,27748,-0.28902845052396725,0
VOLKSWAGEN,GOLF GTI,MK7,GTI,GB,generation,VEH0124,2020,28032,-0.16629961297604842,0
VOLKSWAGEN,GOLF GTI,MK7,GTI,GB,generation,VEH0124,2021,27419,-0.07089220679518189,1
VOLKSWAGEN,GOLF GTI,MK7,GTI,GB,generation,VEH0124,2022,27685,0.0007576717493750588,1
VOLKSWAGEN,GOLF GTI,MK7,GTI,GB,generation,VEH0124,2023,27389,0.007735080606850649,1
VOLKSWAGEN,GOLF GTI,MK7,GTI,GB,generation,VEH0124,2024,27212,0.0025260504187307,1
VOLKSWAGEN,GOLF GTI,MK7,GTI,GB,generation,VEH0124,2025,26944,0.009043370738337941,1
VOLKSWAGEN,GOLF GTI,MK7,GTI,NL,generation,RDW,2026,174,,2
VOLKSWAGEN,GOLF R,MK4,SPORTIVE,GB,generation,VEH0124,2014,1651,,2
VOLKSWAGEN,GOLF R,MK4,SPORTIVE,GB,generation,VEH0124,2015,1567,,2
VOLKSWAGEN,GOLF R,MK4,SPORTIVE,GB,generation,VEH0124,2016,1491,,2
VOLKSWAGEN,GOLF R,MK4,SPORTIVE,GB,generation,VEH0124,2017,1377,0.06049131506382466,2
VOLKSWAGEN,GOLF R,MK4,SPORTIVE,GB,generation,VEH0124,2018,1266,0.07110021321729991,3
VOLKSWAGEN,GOLF R,MK4,SPORTIVE,GB,generation,VEH0124,2019,1171,0.08052965038900695,3
VOLKSWAGEN,GOLF R,MK4,SPORTIVE,GB,generation,VEH0124,2020,1053,0.089421328864893,3
VOLKSWAGEN,GOLF R,MK4,SPORTIVE,GB,generation,VEH0124,2021,997,0.07962227758076097,3
VOLKSWAGEN,GOLF R,MK4,SPORTIVE,GB,generation,VEH0124,2022,877,0.09636879040851139,3
VOLKSWAGEN,GOLF R,MK4,SPORTIVE,GB,generation,VEH0124,2023,809,0.08786653169182805,4
VOLKSWAGEN,GOLF R,MK4,SPORTIVE,GB,generation,VEH0124,2024,737,0.10072095925750062,4
VOLKSWAGEN,GOLF R,MK4,SPORTIVE,GB,generation,VEH0124,2025,687,0.08139090004994465,4
VOLKSWAGEN,GOLF R,MK4,SPORTIVE,NL,generation,RDW,2026,11,,4
VOLKSWAGEN,GOLF R,MK5,SPORTIVE,GB,generation,VEH0124,2014,4632,,1
VOLKSWAGEN,GOLF R,MK5,SPORTIVE,GB,generation,VEH0124,2015,4521,,1
VOLKSWAGEN,GOLF R,MK5,SPORTIVE,GB,generation,VEH0124,2016,4364,,2
VOLKSWAGEN,GOLF R,MK5,SPORTIVE,GB,generation,VEH0124,2017,4272,0.026968879537600188,2
VOLKSWAGEN,GOLF R,MK5,SPORTIVE,GB,generation,VEH0124,2018,4029,0.03840500070108632,2
VOLKSWAGEN,GOLF R,MK5,SPORTIVE,GB,generation,VEH0124,2019,3904,0.03712913313999285,2
VOLKSWAGEN,GOLF R,MK5,SPORTIVE,GB,generation,VEH0124,2020,3726,0.04558227649283234,2
VOLKSWAGEN,GOLF R,MK5,SPORTIVE,GB,generation,VEH0124,2021,3562,0.04106534044724638,3
VOLKSWAGEN,GOLF R,MK5,SPORTIVE,GB,generation,VEH0124,2022,3348,0.05121283864120585,3
VOLKSWAGEN,GOLF R,MK5,SPORTIVE,GB,generation,VEH0124,2023,3165,0.05439407219441902,3
VOLKSWAGEN,GOLF R,MK5,SPORTIVE,GB,generation,VEH0124,2024,2919,0.0663603643318309,3
VOLKSWAGEN,GOLF R,MK5,SPORTIVE,GB,generation,VEH0124,2025,2780,0.061970741641560835,3
VOLKSWAGEN,GOLF R,MK5,SPORTIVE,NL,generation,RDW,2026,11,,4
VOLKSWAGEN,GOLF R,MK6,SPORTIVE,GB,generation,VEH0124,2014,1369,,0
VOLKSWAGEN,GOLF R,MK6,SPORTIVE,GB,generation,VEH0124,2015,1310,,1
VOLKSWAGEN,GOLF R,MK6,SPORTIVE,GB,generation,VEH0124,2016,1294,,1
VOLKSWAGEN,GOLF R,MK6,SPORTIVE,GB,generation,VEH0124,2017,1264,0.02659975019388187,1
VOLKSWAGEN,GOLF R,MK6,SPORTIVE,GB,generation,VEH0124,2018,1249,0.015894635356539826,1
VOLKSWAGEN,GOLF R,MK6,SPORTIVE,GB,generation,VEH0124,2019,1221,0.019356000316713622,1
VOLKSWAGEN,GOLF R,MK6,SPORTIVE,GB,generation,VEH0124,2020,1174,0.024621524772920306,2
VOLKSWAGEN,GOLF R,MK6,SPORTIVE,GB,generation,VEH0124,2021,1116,0.03753078906144047,2
VOLKSWAGEN,GOLF R,MK6,SPORTIVE,GB,generation,VEH0124,2022,1071,0.043692467887651944,2
VOLKSWAGEN,GOLF R,MK6,SPORTIVE,GB,generation,VEH0124,2023,1037,0.041361597386171546,2
VOLKSWAGEN,GOLF R,MK6,SPORTIVE,GB,generation,VEH0124,2024,1006,0.03458959742719051,2
VOLKSWAGEN,GOLF R,MK6,SPORTIVE,GB,generation,VEH0124,2025,983,0.028579650100194105,3
VOLKSWAGEN,GOLF R,MK6,SPORTIVE,NL,generation,RDW,2026,16,,3
VOLKSWAGEN,CORRADO,53I,COUPE,GB,generation,VEH0124,2014,1941,,4
VOLKSWAGEN,CORRADO,53I,COUPE,GB,generation,VEH0124,2015,1754,,4
VOLKSWAGEN,CORRADO,53I,COUPE,GB,generation,VEH0124,2016,1643,,5
VOLKSWAGEN,CORRADO,53I,COUPE,GB,generation,VEH0124,2017,1448,0.09767333674111622,5
VOLKSWAGEN,CORRADO,53I,COUPE,GB,generation,VEH0124,2018,1332,0.09173910727726457,5
VOLKSWAGEN,CORRADO,53I,COUPE,GB,generation,VEH0124,2019,1241,0.09353544427755356,5
VOLKSWAGEN,CORRADO,53I,COUPE,GB,generation,VEH0124,2020,1156,0.07507250790444608,5
VOLKSWAGEN,CORRADO,53I,COUPE,GB,generation,VEH0124,2021,1045,0.08088822890047442,6
VOLKSWAGEN,CORRADO,53I,COUPE,GB,generation,VEH0124,2022,941,0.09224321520640928,6
VOLKSWAGEN,CORRADO,53I,COUPE,GB,generation,VEH0124,2023,857,0.09976104354484772,6
VOLKSWAGEN,CORRADO,53I,COUPE,GB,generation,VEH0124,2024,792,0.09240359086149515,6
VOLKSWAGEN,CORRADO,53I,COUPE,GB,generation,VEH0124,2025,782,0.061696133013356004,6
VOLKSWAGEN,CORRADO,53I,COUPE,NL,generation,RDW,2026,953,,7
VOLKSWAGEN,POLO GTI,6N,GTI,GB,generation,VEH0124,2014,1870,,3
VOLKSWAGEN,POLO GTI,6N,GTI,GB,generation,VEH0124,2015,1555,,3
VOLKSWAGEN,POLO GTI,6N,GTI,GB,generation,VEH0124,2016,1268,,3
VOLKSWAGEN,POLO GTI,6N,GTI,GB,generation,VEH0124,2017,1020,0.20204526785677204,3
VOLKSWAGEN,POLO GTI,6N,GTI,GB,generation,VEH0124,2018,789,0.22615483458915353,3
VOLKSWAGEN,POLO GTI,6N,GTI,GB,generation,VEH0124,2019,644,0.22583246963093906,4
VOLKSWAGEN,POLO GTI,6N,GTI,GB,generation,VEH0124,2020,550,0.2058798760172668,4
VOLKSWAGEN,POLO GTI,6N,GTI,GB,generation,VEH0124,2021,453,0.1849580651209465,4
VOLKSWAGEN,POLO GTI,6N,GTI,GB,generation,VEH0124,2022,390,0.16718399566022057,4
VOLKSWAGEN,POLO GTI,6N,GTI,GB,generation,VEH0124,2023,337,0.16327844929138488,4
VOLKSWAGEN,POLO GTI,6N,GTI,GB,generation,VEH0124,2024,297,0.1407199955601115,5
VOLKSWAGEN,POLO GTI,6N,GTI,GB,generation,VEH0124,2025,251,0.14689793333063625,5
VOLKSWAGEN,POLO GTI,9N,GTI,GB,generation,VEH0124,2014,1252,,1
VOLKSWAGEN,POLO GTI,9N,GTI,GB,generation,VEH0124,2015,1227,,1
VOLKSWAGEN,POLO GTI,9N,GTI,GB,generation,VEH0124,2016,1183,,1
VOLKSWAGEN,POLO GTI,9N,GTI,GB,generation,VEH0124,2017,1149,0.028616757937096022,2
VOLKSWAGEN,POLO GTI,9N,GTI,GB,generation,VEH0124,2018,1093,0.03854865217812412,2
VOLKSWAGEN,POLO GTI,9N,GTI,GB,generation,VEH0124,2019,1060,0.03659489229075804,2
VOLKSWAGEN,POLO GTI,9N,GTI,GB,generation,VEH0124,2020,988,0.050321526700295806,2
VOLKSWAGEN,POLO GTI,9N,GTI,GB,generation,VEH0124,2021,905,0.06291551482553774,2
VOLKSWAGEN,POLO GTI,9N,GTI,GB,generation,VEH0124,2022,855,0.07164090605645097,3
VOLKSWAGEN,POLO GTI,9N,GTI,GB,generation,VEH0124,2023,783,0.07751666725235513,3
VOLKSWAGEN,POLO GTI,9N,GTI,GB,generation,VEH0124,2024,700,0.0856182028855071,3
VOLKSWAGEN,POLO GTI,9N,GTI,GB,generation,VEH0124,2025,618,0.10820433715968984,3
VOLKSWAGEN,POLO GTI,6R,GTI,GB,generation,VEH0124,2014,1359,,0
VOLKSWAGEN,POLO GTI,6R,GTI,GB,generation,VEH0124,2015,1367,,0
VOLKSWAGEN,POLO GTI,6R,GTI,GB,generation,VEH0124,2016,1302,,0
VOLKSWAGEN,POLO GTI,6R,GTI,GB,generation,VEH0124,2017,1301,0.014538645212879509,1
VOLKSWAGEN,POLO GTI,6R,GTI,GB,generation,VEH0124,2018,1281,0.021659178275738416,1
VOLKSWAGEN,POLO GTI,6R,GTI,GB,generation,VEH0124,2019,1257,0.01172453805942227,1
VOLKSWAGEN,POLO GTI,6R,GTI,GB,generation,VEH0124,2020,1237,0.01681470204000579,1
VOLKSWAGEN,POLO GTI,6R,GTI,GB,generation,VEH0124,2021,1221,0.01599027592867645,1
VOLKSWAGEN,POLO GTI,6R,GTI,GB,generation,VEH0124,2022,1190,0.018258207494890932,2
VOLKSWAGEN,POLO GTI,6R,GTI,GB,generation,VEH0124,2023,1153,0.023440617374476187,2
VOLKSWAGEN,POLO GTI,6R,GTI,GB,generation,VEH0124,2024,1095,0.03630527728670104,2
VOLKSWAGEN,POLO GTI,6R,GTI,GB,generation,VEH0124,2025,1050,0.04172104765133522,2
VOLKSWAGEN,POLO GTI,6R,GTI,NL,generation,RDW,2026,58,,2
VOLKSWAGEN,SCIROCCO,MK3,COUPE,GB,generation,VEH0124,2014,36081,,0
VOLKSWAGEN,SCIROCCO,MK3,COUPE,GB,generation,VEH0124,2015,41238,,0
VOLKSWAGEN,SCIROCCO,MK3,COUPE,GB,generation,VEH0124,2016,46181,,0
VOLKSWAGEN,SCIROCCO,MK3,COUPE,GB,generation,VEH0124,2017,50796,-0.11401706677673278,1
VOLKSWAGEN,SCIROCCO,MK3,COUPE,GB,generation,VEH0124,2018,50288,-0.0661354395625627,1
VOLKSWAGEN,SCIROCCO,MK3,COUPE,GB,generation,VEH0124,2019,49421,-0.02260232566359714,1
VOLKSWAGEN,SCIROCCO,MK3,COUPE,GB,generation,VEH0124,2020,48604,0.014703926426807476,1
VOLKSWAGEN,SCIROCCO,MK3,COUPE,GB,generation,VEH0124,2021,48263,0.013700419502720607,1
VOLKSWAGEN,SCIROCCO,MK3,COUPE,GB,generation,VEH0124,2022,47616,0.012402198622634586,2
VOLKSWAGEN,SCIROCCO,MK3,COUPE,GB,generation,VEH0124,2023,46153,0.017247955931048626,2
VOLKSWAGEN,SCIROCCO,MK3,COUPE,GB,generation,VEH0124,2024,44668,0.025802619987834657,2
VOLKSWAGEN,SCIROCCO,MK3,COUPE,GB,generation,VEH0124,2025,43095,0.03325395270375431,2
VOLKSWAGEN,SCIROCCO,MK3,COUPE,NL,generation,RDW,2026,5269,,2
VOLKSWAGEN,LUPO GTI,6X,GTI,GB,generation,VEH0124,2014,738,,2
VOLKSWAGEN,LUPO GTI,6X,GTI,GB,generation,VEH0124,2015,698,,2
VOLKSWAGEN,LUPO GTI,6X,GTI,GB,generation,VEH0124,2016,660,,2
VOLKSWAGEN,LUPO GTI,6X,GTI,GB,generation,VEH0124,2017,592,0.07347906323882232,3
VOLKSWAGEN,LUPO GTI,6X,GTI,GB,generation,VEH0124,2018,574,0.06519656881426854,3
VOLKSWAGEN,LUPO GTI,6X,GTI,GB,generation,VEH0124,2019,521,0.07882993108903473,3
VOLKSWAGEN,LUPO GTI,6X,GTI,GB,generation,VEH0124,2020,488,0.06439707634361931,3
VOLKSWAGEN,LUPO GTI,6X,GTI,GB,generation,VEH0124,2021,464,0.07091494803110383,3
VOLKSWAGEN,LUPO GTI,6X,GTI,GB,generation,VEH0124,2022,445,0.05255858652904225,4
VOLKSWAGEN,LUPO GTI,6X,GTI,GB,generation,VEH0124,2023,421,0.049227524056922135,4
VOLKSWAGEN,LUPO GTI,6X,GTI,GB,generation,VEH0124,2024,388,0.05962640420099389,4
VOLKSWAGEN,LUPO GTI,6X,GTI,GB,generation,VEH0124,2025,357,0.0734461667955338,4
VOLKSWAGEN,PHAETON,3D,PREMIUM,GB,generation,VEH0124,2014,1906,,1
VOLKSWAGEN,PHAETON,3D,PREMIUM,GB,generation,VEH0124,2015,1833,,1
VOLKSWAGEN,PHAETON,3D,PREMIUM,GB,generation,VEH0124,2016,1719,,1
VOLKSWAGEN,PHAETON,3D,PREMIUM,GB,generation,VEH0124,2017,1597,0.05895997866637822,1
VOLKSWAGEN,PHAETON,3D,PREMIUM,GB,generation,VEH0124,2018,1486,0.06995534085400006,1
VOLKSWAGEN,PHAETON,3D,PREMIUM,GB,generation,VEH0124,2019,1324,0.08702842296196511,2
VOLKSWAGEN,PHAETON,3D,PREMIUM,GB,generation,VEH0124,2020,1202,0.09471334437328653,2
VOLKSWAGEN,PHAETON,3D,PREMIUM,GB,generation,VEH0124,2021,1103,0.09935140200806725,2
VOLKSWAGEN,PHAETON,3D,PREMIUM,GB,generation,VEH0124,2022,987,0.0979142323544906,2
VOLKSWAGEN,PHAETON,3D,PREMIUM,GB,generation,VEH0124,2023,862,0.11082894814382005,2
VOLKSWAGEN,PHAETON,3D,PREMIUM,GB,generation,VEH0124,2024,741,0.13259613131913875,3
VOLKSWAGEN,PHAETON,3D,PREMIUM,GB,generation,VEH0124,2025,645,0.1418065742125698,3
VOLKSWAGEN,PHAETON,3D,PREMIUM,NL,generation,RDW,2026,314,,3
VOLVO,850 R,854,SPORTIVE,GB,generation,VEH0124,2014,320,,3
VOLVO,850 R,854,SPORTIVE,GB,generation,VEH0124,2015,298,,3
VOLVO,850 R,854,SPORTIVE,GB,generation,VEH0124,2016,294,,4
VOLVO,850 R,854,SPORTIVE,GB,generation,VEH0124,2017,258,0.07178713695738488,4
VOLVO,850 R,854,SPORTIVE,GB,generation,VEH0124,2018,257,0.0493391338700615,4
VOLVO,850 R,854,SPORTIVE,GB,generation,VEH0124,2019,235,0.07466475106484083,4
VOLVO,850 R,854,SPORTIVE,GB,generation,VEH0124,2020,225,0.04561972757239907,4
VOLVO,850 R,854,SPORTIVE,GB,generation,VEH0124,2021,215,0.05947935225585255,5
VOLVO,850 R,854,SPORTIVE,GB,generation,VEH0124,2022,214,0.031203166374102587,5
VOLVO,850 R,854,SPORTIVE,GB,generation,VEH0124,2023,198,0.042611123836628316,5
VOLVO,850 R,854,SPORTIVE,GB,generation,VEH0124,2024,192,0.03771421869996031,5
VOLVO,850 R,854,SPORTIVE,GB,generation,VEH0124,2025,185,0.04854006331450892,5
VOLVO,850 R,854,SPORTIVE,NL,generation,RDW,2026,593,,6
VOLVO,C70,I,COUPE,GB,generation,VEH0124,2014,7470,,2
VOLVO,C70,I,COUPE,GB,generation,VEH0124,2015,6751,,2
VOLVO,C70,I,COUPE,GB,generation,VEH0124,2016,5954,,3
VOLVO,C70,I,COUPE,GB,generation,VEH0124,2017,5088,0.12800339103563493,3
VOLVO,C70,I,COUPE,GB,generation,VEH0124,2018,4231,0.15575075677393416,3
VOLVO,C70,I,COUPE,GB,generation,VEH0124,2019,3581,0.1694737238590965,3
VOLVO,C70,I,COUPE,GB,generation,VEH0124,2020,3029,0.17288409799757373,3
VOLVO,C70,I,COUPE,GB,generation,VEH0124,2021,2582,0.1646246931044931,4
VOLVO,C70,I,COUPE,GB,generation,VEH0124,2022,2214,0.16028041890995018,4
VOLVO,C70,I,COUPE,GB,generation,VEH0124,2023,1859,0.1627312744352644,4
VOLVO,C70,I,COUPE,GB,generation,VEH0124,2024,1526,0.17530478652072853,4
VOLVO,C70,I,COUPE,GB,generation,VEH0124,2025,1308,0.17543386041714606,4
VOLVO,C70,I,COUPE,NL,generation,RDW,2026,1885,,5
VOLVO,S60 R,P2,SPORTIVE,GB,generation,VEH0124,2014,1035,,1
VOLVO,S60 R,P2,SPORTIVE,GB,generation,VEH0124,2015,989,,2
VOLVO,S60 R,P2,SPORTIVE,GB,generation,VEH0124,2016,896,,2
VOLVO,S60 R,P2,SPORTIVE,GB,generation,VEH0124,2017,853,0.06446571940259667,2
VOLVO,S60 R,P2,SPORTIVE,GB,generation,VEH0124,2018,816,0.06409332555286855,2
VOLVO,S60 R,P2,SPORTIVE,GB,generation,VEH0124,2019,772,0.04965195431671798,2
VOLVO,S60 R,P2,SPORTIVE,GB,generation,VEH0124,2020,747,0.04423145411962063,3
VOLVO,S60 R,P2,SPORTIVE,GB,generation,VEH0124,2021,727,0.03849595914352921,3
VOLVO,S60 R,P2,SPORTIVE,GB,generation,VEH0124,2022,707,0.029317961376067753,3
VOLVO,S60 R,P2,SPORTIVE,GB,generation,VEH0124,2023,705,0.019289127440182813,3
VOLVO,S60 R,P2,SPORTIVE,GB,generation,VEH0124,2024,657,0.03374748634963639,3
VOLVO,S60 R,P2,SPORTIVE,GB,generation,VEH0124,2025,655,0.025465143420440484,4
VOLVO,S60 R,P2,SPORTIVE,NL,generation,RDW,2026,75,,4
VOLVO,480,480,COUPE,GB,generation,VEH0124,2014,478,,4
VOLVO,480,480,COUPE,GB,generation,VEH0124,2015,408,,5
VOLVO,480,480,COUPE,GB,generation,VEH0124,2016,355,,5
VOLVO,480,480,COUPE,GB,generation,VEH0124,2017,293,0.16314604115812958,5
VOLVO,480,480,COUPE,GB,generation,VEH0124,2018,253,0.15929256189221372,5
VOLVO,480,480,COUPE,GB,generation,VEH0124,2019,219,0.16101535321963834,5
VOLVO,480,480,COUPE,GB,generation,VEH0124,2020,196,0.13401931659551694,6
VOLVO,480,480,COUPE,GB,generation,VEH0124,2021,171,0.13057531074162002,6
VOLVO,480,480,COUPE,GB,generation,VEH0124,2022,160,0.10463263819422479,6
VOLVO,480,480,COUPE,GB,generation,VEH0124,2023,157,0.07395628462740304,6
VOLVO,480,480,COUPE,GB,generation,VEH0124,2024,132,0.08628721130542989,6
VOLVO,480,480,COUPE,GB,generation,VEH0124,2025,118,0.1014963969227205,7
VOLVO,480,480,COUPE,NL,generation,RDW,2026,758,,7
